,CNOOC,State_Grid,PetroChina,CNNC ,Trina_Solar,Tokyo_Electric ,Brookfield ,BP,ConocoPhillips,Canadian_Solar ,Chevron,Duke_Energy,Enbridge,Enel,Eni,E.ON,Enterprise,Equinor,Energy_Transfer,Exelon,First_Solar ,Gazprom,Iberdrola,Indian_Oil,Inter_Rao,Kinder_Morgan,NextEra,NEL,Neste,Petrobras ,Rosneft,REW,Suncor,Tata_Power,Tullow_Oil,TC_Energy,Vestas,Williams,ExxonMobil 
0,12.97999954,20.39999962,5.869999886,5.090000153,17.20999908,456.0,24.35384941,38.13999939,65.45999908,22.52000046,121.4300003,90.33999634,39.70999908,7.211999893,14.00800037,9.593999863,28.12999916,20.43000031,13.34000015,32.40370941,57.24000168,259.0,9.220000267,83.96666718,5.092,21.04000092,59.65499878,8.910162926,31.19000053,16.27000046,456.9,26.95999908,32.77999878,57.59999847,59.65999985,52.70000076,131.8800049,23.48999977,70.90000153
1,12.97999954,20.39999962,5.869999886,5.090000153,17.20999908,456.0,24.35384941,38.13999939,65.45999908,22.52000046,121.4300003,90.33999634,39.70999908,7.211999893,14.00800037,9.593999863,28.12999916,20.43000031,13.34000015,32.40370941,57.24000168,259.0,9.220000267,84.66666412,5.092,21.04000092,59.65499878,8.910162926,31.19000053,16.27000046,456.9,26.95999908,32.77999878,58.0,59.65999985,52.70000076,131.8800049,23.48999977,70.90000153
2,13.23999977,21.28000069,5.949999809,5.090000153,17.20999908,456.0,24.65760612,38.83000183,65.69999695,21.79999924,121.0100021,90.40000153,39.63999939,7.210999966,14.10599995,9.505000114,28.39999962,20.48999977,13.55000019,32.50356674,57.02000046,259.0,9.17800045,84.56666565,5.092,21.20000076,60.08000183,8.650448799,31.44000053,15.98999977,456.9,26.84000015,32.81999969,57.75,60.0,52.90999985,129.7200012,23.59000015,70.33000183
3,13.23999977,21.28000069,5.949999809,5.090000153,17.20999908,456.0,24.65760612,38.83000183,65.69999695,21.79999924,121.0100021,90.40000153,39.63999939,7.210999966,14.10599995,9.505000114,28.39999962,20.48999977,13.55000019,32.50356674,57.02000046,259.0,9.17800045,84.56666565,5.092,21.20000076,60.08000183,8.650448799,31.44000053,15.98999977,456.9,26.84000015,32.81999969,57.75,60.0,52.90999985,129.7200012,23.59000015,70.33000183
4,13.72000027,20.63999939,6.230000019,5.130000114,17.20999908,456.0,25.03064156,39.84999847,66.48000336,22.31999969,120.5999985,90.83999634,40.00999832,7.225999832,14.31599998,9.468000412,28.70000076,20.95999908,13.68000031,32.5534935,55.83000183,256.55,9.131999969,83.2666626,5.174,21.28000069,60.38000107,8.385742188,31.44000053,16.21999931,455.6,26.45000076,33.90999985,56.75,59.47999954,53.27000046,129.6799927,23.89999962,70.87000275
5,13.64000034,21.11000061,6.110000134,5.139999866,17.20999908,455.0,25.1052494,39.43000031,66.48000336,22.36000061,119.0599976,90.26999664,39.74000168,7.230000019,14.31999969,9.399999619,28.71999931,20.71999931,13.63000011,32.58202744,56.66999817,256.55,8.954000473,83.03333282,5.174,21.32999992,60.32749939,8.505608559,31.0,16.05999947,455.6,27.04999924,34.09999847,56.59999847,57.29999924,52.81000137,127.9199982,23.89999962,70.29000092
6,13.64000034,20.36000061,6.230000019,5.070000172,17.20999908,445.0,25.28110886,38.83000183,64.94000244,22.56999969,117.6999969,90.40000153,39.90999985,7.269999981,14.20600033,9.430999756,28.63999939,20.55999947,13.34000015,32.8174057,56.70000076,255.79,8.984000206,81.23332977,5.598,21.15999985,60.29999924,8.525587082,30.63999939,15.69999981,452.0,27.17000008,33.90999985,56.25,57.72000122,52.93999863,129.0800018,23.53000069,69.23000336
7,13.68000031,20.90999985,6.059999943,5.119999886,17.20999908,445.0,25.77138329,38.95999908,66.06999969,22.88999939,117.5100021,90.62000275,39.84000015,7.304999828,14.14000034,9.458999634,28.55999947,20.67000008,13.43000031,32.91725922,56.70000076,254.07,8.829999924,83.0,5.6465,21.54999924,60.77249908,8.750338554,30.71999931,15.75,460.2,27.5,34.06000137,57.79999924,54.79999924,52.88000107,128.3200073,23.67000008,69.76000214
8,13.53999996,19.44000053,5.989999771,5.079999924,17.20999908,443.0,25.61684036,38.74000168,65.41999817,22.54999924,116.4400024,90.44000244,39.93999863,7.416999817,14.10000038,9.670000076,28.5,20.44000053,13.27000046,32.99571991,56.5,251.9,8.984000206,83.6333313,5.744,21.51000023,60.88750076,8.855222702,31.72999954,15.64000034,473.5,29.26000023,34.27999878,58.95000076,59.0,52.40000153,127.4000015,23.5,69.13999939
9,13.53999996,19.44000053,5.989999771,5.079999924,17.20999908,443.0,25.61684036,38.74000168,65.41999817,22.54999924,116.4400024,90.44000244,39.93999863,7.416999817,14.10000038,9.670000076,28.5,20.44000053,13.27000046,32.99571991,56.5,251.9,8.984000206,83.6333313,5.744,21.51000023,60.88750076,8.855222702,31.72999954,15.64000034,473.5,29.26000023,34.27999878,58.95000076,59.0,52.40000153,127.4000015,23.5,69.13999939
10,13.73999977,19.39999962,5.96999979,5.059999943,17.20999908,443.0,24.54036713,38.79999924,65.12999725,23.05999947,116.6600037,91.23999786,40.27000046,7.400000095,14.03999996,9.711000443,28.93000031,20.48999977,13.51000023,32.94579315,57.43999863,251.5,9.0,84.6333313,6.0965,21.54999924,61.59999847,9.189853668,32.45000076,15.47999954,481.15,29.31999969,34.02000046,59.40000153,62.29999924,52.70999908,126.9599991,23.78000069,69.80000305
11,13.53999996,19.28000069,5.949999809,5.070000172,17.20999908,435.0,24.52971077,38.81999969,65.13999939,23.45000076,116.3000031,91.30000305,40.22999954,7.400000095,13.8739996,9.755999565,28.98999977,20.43000031,13.56000042,32.67475128,58.77999878,250.0,9.031999588,84.59999847,5.8775,21.45999908,61.93249893,9.209832191,33.54999924,15.36999989,475.5,29.18000031,34.47999954,60.20000076,59.18000031,52.75999832,126.5199966,23.84000015,69.19999695
12,13.22000027,19.14999962,5.869999886,5.03000021,17.20999908,433.0,24.73754311,38.70999908,65.0,23.28000069,116.1299973,92.48999786,40.20000076,7.421000004,13.79800034,9.93200016,28.92000008,20.11000061,13.5,33.20256805,54.75,251.3,9.210000038,83.80000305,5.859,21.40999985,62.89500046,9.434583664,34.24000168,14.86999989,474.5,29.42000008,34.29000092,60.90000153,49.88000107,53.40000153,129.4799957,23.80999947,69.08999634
13,13.43999958,19.12000084,5.829999924,5.0,17.20999908,435.0,24.61497498,38.84000015,65.06999969,23.02000046,116.8899994,93.18000031,40.49000168,7.611000061,13.88799953,10.00199986,29.02000046,20.29999924,13.57999992,33.33808899,53.93000031,254.26,9.312000275,82.7666626,5.8895,21.37000084,63.06750107,9.799180984,34.65999985,14.89000034,480.95,30.04000092,33.99000168,61.0,55.40000153,53.77000046,130.9600067,24.04000092,68.81999969
14,13.52000046,17.20999908,5.840000153,4.989999771,17.20999908,432.0,24.66293526,38.77000046,65.06999969,22.40999985,115.5800018,93.72000122,40.52000046,7.724999905,13.91600037,10.19400024,28.80999947,20.38999939,13.56000042,33.80171204,53.52000046,255.39,9.404000282,81.7666626,5.9185,21.36000061,63.34999847,9.909059525,33.83000183,15.15999985,485.15,30.95999908,33.61000061,61.54999924,53.36000061,54.27000046,132.3999939,23.86000061,68.55999756
15,13.52000046,17.20999908,5.840000153,4.989999771,17.20999908,432.0,24.66293526,38.77000046,65.06999969,22.40999985,115.5800018,93.72000122,40.52000046,7.724999905,13.91600037,10.19400024,28.80999947,20.38999939,13.56000042,33.80171204,53.52000046,255.39,9.404000282,81.7666626,5.9185,21.36000061,63.34999847,9.909059525,33.83000183,15.15999985,485.15,30.95999908,33.61000061,61.54999924,53.36000061,54.27000046,132.3999939,23.86000061,68.55999756
16,13.31999969,17.18000031,5.849999905,5.0,17.20999908,438.0,24.66293526,38.77000046,65.06999969,22.40999985,115.5800018,93.72000122,40.52000046,7.629000187,13.88199997,10.26799965,28.80999947,20.38999939,13.56000042,33.80171204,53.52000046,253.5,9.449999809,78.33333588,6.03,21.36000061,63.34999847,10.41849709,34.29999924,15.15999985,484.85,31.29000092,33.61000061,60.25,53.84000015,54.27000046,132.4799957,23.86000061,68.55999756
17,13.0,16.67000008,5.789999962,4.940000057,17.20999908,438.0,24.86011124,38.31999969,64.02999878,22.01000023,113.3099976,94.79000092,40.74000168,7.610000134,13.71399975,10.26200008,28.11000061,19.92000008,13.07999992,33.93723297,51.54999924,252.99,9.425999641,76.53333282,6.013,20.93000031,64.22250366,10.47843075,34.43000031,14.77000046,486.15,31.14999962,33.34999847,59.54999924,52.97999954,54.54999924,132.9600067,23.01000023,67.58000183
18,13.34000015,16.81999969,5.739999771,4.920000076,17.20999908,435.0,24.67359352,37.88000107,63.00999832,21.77000046,112.9000015,95.30999756,40.84000015,7.546000004,13.55799961,10.29599953,27.70999908,20.0,12.71000004,33.99429321,50.56000137,248.1,9.456000328,75.7666626,5.86,20.95999908,64.97499847,9.930000305,34.52000046,14.77000046,478.15,31.18000031,33.09999847,59.15000153,49.59999847,54.20000076,133.3999939,22.63999939,67.19000244
19,13.0,16.92000008,5.639999866,4.849999905,17.20999908,430.0,24.77484703,38.20000076,63.13999939,21.38999939,113.0999985,96.08000183,41.0,7.619999886,13.45800018,10.32600021,27.79999924,19.96999931,12.98999977,34.20114136,52.02000046,239.3,9.668000221,78.90000153,5.91,21.76000023,65.01999664,9.470000267,34.36000061,14.90999985,473.1,31.04999924,32.74000168,60.15000153,50.0,54.83000183,131.6000061,22.44000053,66.76999664
20,13.03999996,16.92000008,5.639999866,4.849999905,17.20999908,428.0,24.80149269,38.13000107,62.61999893,21.07999992,111.8499985,96.27999878,41.04999924,7.818999767,13.47000027,10.45800018,27.35000038,19.82999992,12.75,34.04422379,51.93999863,237.95,9.88599968,79.7666626,5.88,21.55999947,65.93000031,9.800000191,34.27000046,14.77000046,474.0,31.92000008,32.34000015,61.20000076,51.93999863,55.00999832,134.0,22.19000053,66.31999969
21,13.03999996,16.92000008,5.639999866,4.849999905,17.20999908,428.0,24.80149269,38.13000107,62.61999893,21.07999992,111.8499985,96.27999878,41.04999924,7.818999767,13.47000027,10.45800018,27.35000038,19.82999992,12.75,34.04422379,51.93999863,237.95,9.88599968,79.7666626,5.88,21.55999947,65.93000031,9.800000191,34.27000046,14.77000046,474.0,31.92000008,32.34000015,61.20000076,51.93999863,55.00999832,134.0,22.19000053,66.31999969
22,13.03999996,16.92000008,5.639999866,4.849999905,17.20999908,429.0,24.6522789,37.43999863,61.04000092,20.20999908,110.3899994,96.09999847,40.83000183,7.673999786,13.1960001,10.32199955,26.94000053,19.21999931,12.60999966,33.71612167,50.49000168,230.96,9.803999901,78.30000305,5.667,21.29000092,66.68499756,8.765000343,33.77000046,14.21000004,468.3,31.60000038,31.45000076,60.70000076,50.5,54.86000061,131.7200012,21.61000061,64.73999786
23,13.03999996,16.92000008,5.639999866,4.849999905,17.20999908,431.0,25.18518448,37.40999985,61.18000031,20.71999931,111.1200027,96.20999908,41.09000015,7.899000168,13.39799976,10.40200043,27.23999977,19.20000076,12.78999996,34.04422379,51.11000061,235.0,9.847999573,78.59999847,5.802,21.45999908,66.45249939,8.699999809,34.52999878,14.5,477.7,31.70000076,31.56999969,60.75,53.0,55.5,133.1600037,21.63999939,64.65000153
24,12.46000004,16.92000008,5.639999866,4.849999905,17.20999908,431.0,25.2544632,37.16999817,60.49000168,20.5,110.3700027,96.75,41.13000107,8.008999825,13.28800011,10.39599991,27.28000069,18.88999939,12.85000038,34.10128403,50.90000153,232.0,9.869999886,78.8666687,5.919,21.19000053,66.44000244,9.029999733,35.58000183,14.36999989,481.7,31.86000061,31.43000031,60.90000153,53.0,55.34999847,137.8000031,21.15999985,64.11000061
25,12.0,16.92000008,5.639999866,4.849999905,17.20999908,429.0,25.57953644,37.02999878,60.88999939,20.5,111.4000015,97.47000122,41.25999832,8.088000298,12.92599964,10.32199955,26.53000069,18.76000023,12.77999973,34.27960205,50.72000122,231.53,9.899999619,78.09999847,5.94,21.42000008,67.48249817,8.81000042,36.27999878,14.48999977,481.2,31.79000092,31.56999969,60.29999924,50.36000061,55.18000031,133.6000061,21.27000046,64.79000092
26,11.85999966,16.92000008,5.639999866,4.849999905,17.20999908,435.0,25.9738884,36.13000107,59.43000031,20.04999924,107.1399994,97.62999725,40.66999817,7.855000019,12.65799999,10.23999977,25.77000046,18.18000031,12.59000015,33.94436646,49.58000183,226.7,9.869999886,75.6333313,5.785,20.87000084,67.05000305,9.175000191,35.88000107,14.10999966,480.5,31.34000015,30.59000015,58.09999847,50.84000015,54.81999969,134.5599976,20.69000053,62.11999893
27,11.85999966,16.92000008,5.639999866,4.849999905,17.20999908,435.0,25.9738884,36.13000107,59.43000031,20.04999924,107.1399994,97.62999725,40.66999817,7.855000019,12.65799999,10.23999977,25.77000046,18.18000031,12.59000015,33.94436646,49.58000183,226.7,9.869999886,75.6333313,5.785,20.87000084,67.05000305,9.175000191,35.88000107,14.10999966,480.5,31.34000015,30.59000015,58.09999847,50.84000015,54.81999969,134.5599976,20.69000053,62.11999893
28,11.68000031,15.22999954,5.130000114,4.429999828,17.20999908,449.0,26.28830338,35.22999954,59.18000031,20.62000084,106.2799988,97.66999817,41.06999969,7.96600008,12.60999966,10.40999985,25.38999939,17.87999916,12.80000019,34.37945938,50.24000168,227.64,9.902000427,72.03333282,5.8285,20.80999947,66.70249939,9.43500042,35.79999924,14.19999981,479.95,31.61000061,30.11000061,54.90000153,49.0,54.41999817,134.2400055,21.12000084,60.72999954
29,11.80000019,14.60000038,5.170000076,4.53000021,17.20999908,454.0,26.37889671,36.5,56.49000168,21.29999924,106.8499985,96.59999847,41.24000168,8.0,12.78800011,10.48999977,26.11000061,18.02000046,12.88000011,34.30099869,52.66999817,230.5,9.946000099,75.8666687,5.921,21.0,66.13500214,9.925000191,36.22000122,14.36999989,480.0,31.59000015,30.03000069,56.40000153,48.84999847,54.72000122,137.1999969,21.47999954,59.97000122
30,12.0,14.53999996,5.210000038,4.550000191,17.20999908,452.0,26.84785461,37.66999817,58.77999878,21.65999985,110.2799988,97.13999939,41.81999969,8.069999695,13.02799988,10.57199955,26.32999992,18.61000061,13.0,34.47218323,53.09999847,232.56,10.19999981,76.46666718,5.96,21.29000092,66.67749786,9.875,36.77000046,14.43000031,477.0,31.54999924,30.78000069,57.20000076,51.11999893,54.63999939,144.3600006,21.64999962,62.72999954
31,12.60000038,14.75,5.269999981,4.579999924,17.20999908,459.0,27.72182274,36.88000107,58.40999985,21.85000038,109.4899979,96.93000031,42.11000061,8.130000114,12.97000027,10.77999973,25.76000023,17.89999962,12.71000004,34.42225266,52.65000153,231.38,10.38000011,78.03333282,5.899,21.32999992,67.08249664,10.56000042,36.45000076,14.63000011,475.6,32.25,29.69000053,57.70000076,49.38000107,55.04000092,144.5200043,21.44000053,61.88000107
32,12.26000023,15.31999969,5.28000021,4.599999905,17.20999908,451.0,27.70583534,36.36999893,57.99000168,21.21999931,108.9400024,96.26999664,42.18000031,8.177000046,12.90600014,10.67800045,25.55999947,17.28000069,12.56000042,34.3723259,52.45999908,229.11,10.27499962,78.33333588,5.879,21.12000084,67.38500214,10.60999966,39.52999878,14.57999992,463.6,32.52999878,29.10000038,58.0,47.83000183,55.06999969,143.2799988,21.05999947,61.47000122
33,12.26000023,15.31999969,5.28000021,4.599999905,17.20999908,451.0,27.70583534,36.36999893,57.99000168,21.21999931,108.9400024,96.26999664,42.18000031,8.177000046,12.90600014,10.67800045,25.55999947,17.28000069,12.56000042,34.3723259,52.45999908,229.11,10.27499962,78.33333588,5.879,21.12000084,67.38500214,10.60999966,39.52999878,14.57999992,463.6,32.52999878,29.10000038,58.0,47.83000183,55.06999969,143.2799988,21.05999947,61.47000122
34,12.18000031,15.89999962,5.28000021,4.610000134,17.20999908,448.0,28.15347672,36.18999863,57.86999893,21.37000084,109.7900009,96.23000336,42.58000183,8.199999809,12.77999973,10.73799992,25.48999977,16.71999931,12.18999958,34.45791626,52.75,225.2,10.38000011,77.19999695,5.9,21.31999969,67.93499756,11.40999985,38.22000122,14.39999962,450.0,32.54999924,29.35000038,56.95000076,45.0,55.25,141.6000061,21.43000031,59.95999908
35,12.31999969,16.48999977,5.300000191,4.610000134,17.20999908,448.0,28.35598183,36.54999924,58.70999908,22.84000015,111.2099991,96.98999786,42.77000046,8.19299984,12.92599964,10.93599987,25.70999908,17.23999977,12.36999989,35.19258118,53.52999878,233.9,10.50500011,77.3666687,5.9505,21.45999908,68.03749847,11.59000015,38.54999924,14.81999969,454.3,33.0,29.40999985,57.65000153,43.06000137,55.36000061,143.6799927,21.46999931,60.52999878
36,12.43999958,16.62000084,5.309999943,4.619999886,17.20999908,441.0,28.36131096,37.16999817,59.75999832,24.12999916,112.0400009,97.91999817,43.06000137,8.131999969,13.10000038,10.85400009,26.5,17.54000092,12.82999992,35.13552094,56.11999893,238.03,10.43000031,76.73332977,6.04,21.80999947,67.56500244,11.5,38.61000061,14.92000008,465.8,32.45000076,29.54999924,56.0,44.59999847,55.70000076,140.2400055,21.54999924,61.27000046
37,12.34000015,16.77000046,5.28000021,4.590000153,17.20999908,437.0,28.39328575,36.18000031,58.81999969,23.92000008,111.6600037,100.1100006,42.02000046,8.206999779,12.98799992,10.98999977,26.09000015,17.47999954,12.81000042,35.35663223,54.61000061,233.55,10.59000015,76.5,6.28,21.94000053,68.86750031,11.38000011,38.83000183,14.63000011,463.0,33.0,29.51000023,55.29999924,44.25999832,55.61000061,138.4799957,21.62000084,60.93000031
38,12.34000015,16.45000076,5.28000021,4.579999924,17.20999908,435.0,29.0381031,36.0,58.61999893,23.31999969,110.0800018,101.2799988,42.20000076,8.277000427,12.8920002,11.10400009,26.27000046,17.45000076,12.72000027,35.49215317,55.25999832,232.5,10.85499954,76.73332977,6.3095,22.0,69.62999725,11.64999962,39.11000061,14.64000034,460.5,33.34999847,29.78000069,53.79999924,45.24000168,56.34999847,139.2799988,21.54000092,60.65000153
39,12.34000015,16.45000076,5.28000021,4.579999924,17.20999908,435.0,29.0381031,36.0,58.61999893,23.31999969,110.0800018,101.2799988,42.20000076,8.277000427,12.8920002,11.10400009,26.27000046,17.45000076,12.72000027,35.49215317,55.25999832,232.5,10.85499954,76.73332977,6.3095,22.0,69.62999725,11.64999962,39.11000061,14.64000034,460.5,33.34999847,29.78000069,53.79999924,45.24000168,56.34999847,139.2799988,21.54000092,60.65000153
40,12.26000023,17.75,5.380000114,4.679999828,17.20999908,438.0,29.0381031,36.0,58.61999893,23.31999969,110.0800018,101.2799988,42.20000076,8.394000053,13.02799988,11.38199997,26.27000046,17.45000076,12.72000027,35.49215317,55.25999832,233.75,11.06000042,74.53333282,6.5,22.0,69.62999725,12.0,39.22999954,14.64000034,464.7,33.56000137,29.78000069,51.75,44.02000046,56.34999847,139.5200043,21.54000092,60.65000153
41,12.0,19.10000038,5.349999905,4.800000191,17.20999908,439.0,29.9920063,36.09000015,58.29999924,23.51000023,110.2399979,102.0199966,41.56000137,8.467000008,12.90999985,11.43200016,25.96999931,17.12000084,12.69999981,35.93437958,55.65000153,230.5,11.11499977,75.09999847,6.3105,22.01000023,70.51000214,12.43999958,38.75,14.56000042,452.2,34.11000061,30.0,51.54999924,42.5,56.61000061,138.8800049,21.48999977,59.88000107
42,12.07999992,18.82999992,5.329999924,4.760000229,17.20999908,437.0,30.34905434,36.25,59.25999832,24.63999939,110.7399979,101.4199982,41.97000122,8.565999985,12.93799973,11.47799969,26.09000015,17.34000015,12.68000031,35.37803268,57.36999893,231.9,11.22000027,76.1333313,6.31,22.15999985,68.66750336,13.73999977,39.5,14.89000034,465.65,34.40999985,30.47999954,51.34999847,42.40000153,57.22000122,142.4799957,21.54999924,60.34000015
43,12.22000027,19.01000023,5.380000114,4.800000191,17.20999908,436.0,30.15720749,35.97999954,58.88000107,24.46999931,109.8099976,101.4300003,41.75999832,8.432999611,12.89999962,11.23999977,26.21999931,17.29000092,12.53999996,35.55634689,59.31999969,234.6,11.03499985,74.8666687,6.35,22.23999977,69.25749969,13.75,38.90999985,14.39999962,470.4,34.04999924,30.45999908,51.59999847,42.43999863,57.34999847,143.4400024,22.04999924,59.86000061
44,12.18000031,20.37000084,5.369999886,4.78000021,17.20999908,435.0,30.02931023,35.36000061,58.43999863,23.01000023,109.0100021,102.4300003,41.86999893,8.444000244,12.76399994,11.36600018,25.95000076,17.13999939,12.14000034,35.46362305,50.59000015,232.0,11.18000031,74.8666687,6.22,22.13999939,69.39749908,13.52999973,38.72000122,14.02999973,461.75,34.43999863,30.38999939,51.59999847,40.56999969,57.41999817,144.1600037,21.52000046,59.13000107
45,12.18000031,20.37000084,5.369999886,4.78000021,17.20999908,435.0,30.02931023,35.36000061,58.43999863,23.01000023,109.0100021,102.4300003,41.86999893,8.444000244,12.76399994,11.36600018,25.95000076,17.13999939,12.14000034,35.46362305,50.59000015,232.0,11.18000031,74.8666687,6.22,22.13999939,69.39749908,13.52999973,38.72000122,14.02999973,461.75,34.43999863,30.38999939,51.59999847,40.56999969,57.41999817,144.1600037,21.52000046,59.13000107
46,11.73999977,21.81999969,5.28000021,4.71999979,17.20999908,435.0,28.9528389,34.06000137,56.38000107,21.79999924,104.7099991,102.3000031,40.84000015,8.029999733,12.16800022,11.17000008,24.97999954,16.20999908,11.55000019,34.82168198,51.20999908,232.0,10.93000031,73.69999695,6.22,21.77000046,68.48500061,11.60999966,37.47000122,13.07999992,461.75,33.61999893,29.37999916,51.84999847,36.0,56.54000092,137.6000061,20.39999962,56.36000061
47,11.56000042,21.51000023,5.190000057,4.639999866,17.20999908,428.0,27.71649361,32.93000031,53.83000183,21.85000038,100.7099991,99.26999664,39.86999893,7.804999828,11.97599983,10.94799995,23.98999977,15.89000034,11.22000027,33.97289658,48.56999969,224.68,10.65999985,73.6333313,5.9375,21.04999924,67.58249664,11.60999966,37.09000015,12.81999969,443.85,32.45999908,29.12000084,51.70000076,37.22999954,55.84000015,135.0,19.25,54.20000076
48,11.35999966,21.87000084,5.21999979,4.710000038,17.20999908,429.0,28.04156685,32.68000031,51.16999817,21.67000008,98.04000092,98.94000244,39.22000122,7.954999924,12.06400013,10.98999977,23.85000038,15.81999969,10.77999973,33.55920029,46.11000061,224.76,11.20499992,72.23332977,5.91,20.52000046,67.36750031,10.90999985,38.0,12.55000019,443.7,32.56999969,28.44000053,49.34999847,35.5,55.81999969,135.6799927,19.21999931,53.00999832
49,11.18000031,23.04999924,5.170000076,4.679999828,17.20999908,423.0,26.99173927,31.53000069,47.13000107,20.62999916,94.12999725,94.98999786,37.65999985,7.915999889,11.75800037,10.85200024,22.88999939,15.26000023,10.75,32.19686127,44.25,217.5,10.77000046,70.43333435,5.7575,19.52000046,63.96250153,9.710000038,36.54000092,12.07999992,422.05,32.54999924,27.63999939,49.29999924,32.88999939,53.45999908,131.9199982,18.89999962,49.81999969
50,10.68000031,20.75,5.070000172,4.590000153,17.20999908,410.0,26.57074356,31.29000092,48.41999817,20.39999962,93.33999634,91.69999695,37.43000031,7.576000214,11.15799999,10.43000031,23.34000015,15.55000019,11.07999992,30.74892998,45.77000046,202.65,10.31999969,70.5,5.204,19.17000008,63.18999863,9.649999619,35.65999985,12.10000038,403.4,31.15999985,27.60000038,46.70000076,33.70000076,52.34999847,129.8800049,19.04999924,51.43999863
51,10.68000031,20.75,5.070000172,4.590000153,17.20999908,410.0,26.57074356,31.29000092,48.41999817,20.39999962,93.33999634,91.69999695,37.43000031,7.576000214,11.15799999,10.43000031,23.34000015,15.55000019,11.07999992,30.74892998,45.77000046,202.65,10.31999969,70.5,5.204,19.17000008,63.18999863,9.649999619,35.65999985,12.10000038,403.4,31.15999985,27.60000038,46.70000076,33.70000076,52.34999847,129.8800049,19.04999924,51.43999863
52,11.14000034,20.60000038,5.170000076,4.769999981,17.20999908,406.0,28.79829407,32.22999954,49.22999954,20.61000061,96.58999634,96.66999817,38.20000076,7.639999866,11.11800003,10.5539999,24.32999992,15.93999958,11.82999992,32.40370941,44.95000076,198.78,10.72500038,69.30000305,5.4285,20.23999977,67.08750153,10.18000031,35.31000137,12.48999977,394.5,32.31999969,27.70000076,43.79999924,32.5,53.25,131.3999939,19.60000038,53.88000107
53,11.06000042,19.63999939,5.190000057,4.769999981,17.20999908,402.0,28.78230667,31.92000008,48.11999893,20.90999985,94.38999939,95.61000061,37.83000183,7.793000221,11.11999989,10.81200027,24.02000046,15.81000042,11.55000019,31.5192585,44.20999908,201.48,10.80500031,71.09999847,5.67,19.85000038,66.28749847,11.56999969,36.13000107,12.15999985,406.0,33.04000092,26.37000084,44.40000153,32.58000183,53.02999878,138.1999969,18.97999954,51.29999924
54,10.89999962,19.92000008,5.179999828,4.800000191,17.20999908,398.0,29.12869644,33.13999939,49.43000031,21.46999931,98.52999878,101.6500015,38.83000183,8.239999771,11.15200043,11.21199989,24.06999969,15.97999954,11.53999996,33.39514923,45.47999954,200.0,11.19499969,71.06666565,5.6325,20.22999954,70.55500031,11.43000031,36.25999832,12.32999992,415.95,33.90000153,26.70999908,44.75,31.40999985,54.72000122,140.4400024,19.42000008,52.41999817
55,11.06000042,21.17000008,5.25,4.900000095,17.20999908,406.0,29.00612831,32.59999847,47.70000076,21.5,97.19000244,100.1299973,38.49000168,8.145000458,10.96800041,11.07600021,23.67000008,15.52999973,11.25,32.90299606,45.47000122,198.0,11.06000042,69.8666687,5.605,19.70000076,69.04000092,10.88000011,36.04000092,11.73999977,410.6,33.36999893,25.96999931,44.25,27.70999908,54.63000107,140.1600037,18.55999947,50.11000061
56,10.61999989,21.04999924,5.199999809,4.809999943,17.20999908,395.0,28.67572594,31.25,45.33000183,20.30999947,95.31999969,99.05000305,38.02000046,7.890999794,10.23400021,10.61999989,22.42000008,14.77000046,10.21000004,32.21826172,43.36999893,188.27,10.59500027,67.19999695,5.455,19.32999992,67.95500183,10.44999981,34.34000015,10.52000046,392.95,31.23999977,25.04000092,43.04999924,23.45000076,54.02999878,135.1999969,17.45000076,47.68999863
57,10.61999989,21.04999924,5.199999809,4.809999943,17.20999908,395.0,28.67572594,31.25,45.33000183,20.30999947,95.31999969,99.05000305,38.02000046,7.890999794,10.23400021,10.61999989,22.42000008,14.77000046,10.21000004,32.21826172,43.36999893,188.27,10.59500027,67.19999695,5.455,19.32999992,67.95500183,10.44999981,34.34000015,10.52000046,392.95,31.23999977,25.04000092,43.04999924,23.45000076,54.02999878,135.1999969,17.45000076,47.68999863
58,8.789999962,19.89999962,5.150000095,4.690000057,17.20999908,379.0,26.192379,25.28000069,34.06999969,17.35000038,80.66999817,94.58000183,31.23999977,7.105999947,8.100000381,10.03999996,18.25,11.65999985,7.369999886,29.89300919,39.15000153,188.27,9.892000198,66.2666626,5.455,16.10000038,65.31999969,9.420000076,30.22999954,7.260000229,392.95,28.55999947,20.21999931,39.75,16.0,46.99000168,127.4800034,14.98999977,41.86000061
59,9.050000191,20.21999931,5.150000095,4.739999771,17.20999908,368.0,25.40367699,26.79000092,34.88000107,18.20999908,84.98000336,95.05000305,32.33000183,6.703999996,8.164999962,9.572999954,18.60000038,12.05000019,7.630000114,30.75606346,41.08000183,171.0,9.336000443,66.2666626,4.94,16.04000092,63.93249893,9.739999771,29.94000053,8.010000229,326.5,27.5,20.20999908,39.75,16.35499954,47.43999863,125.9199982,16.29000092,43.40999985
60,8.520000458,19.18000031,5.119999886,4.679999828,17.20999908,378.0,23.6823864,24.65999985,32.56000137,17.88999939,83.02999878,90.94000244,31.19000053,6.519999981,8.050000191,9.677000046,17.20999908,11.14999962,7.050000191,28.39514923,37.22999954,172.03,9.486000061,64.59999847,4.964,15.5,60.31499863,9.460000038,31.31999969,6.849999905,314.05,27.75,18.87999916,37.90000153,18.12000084,45.91999817,121.0400009,16.02000046,41.97999954
61,7.809999943,19.21999931,5.070000172,4.619999886,17.20999908,367.0,21.05515671,21.56999969,28.20000076,16.28000069,76.26000214,80.48000336,25.95999908,5.225999832,6.592000008,8.619999886,14.26000023,9.68999958,6.300000191,25.15691948,36.56000137,163.73,8.152000427,58.59999847,4.45,13.85999966,52.22249985,8.100000381,28.77000046,5.449999809,277.5,22.95000076,14.82999992,40.34999847,12.45499992,35.97999954,109.8399963,13.28999996,37.18000031
62,7.929999828,19.80999947,5.039999962,4.550000191,17.20999908,340.0,22.8617115,22.17000008,31.37999916,16.79999924,83.41999817,85.76999664,30.93000031,5.618999958,6.910999775,8.595000267,15.52000046,10.60999966,6.730000019,25.93437958,35.95999908,166.1,8.56000042,61.5,4.406,14.77999973,55.38999939,8.340000153,27.46999931,6.579999924,266.25,23.19000053,16.23999977,42.15000153,10.91499996,42.36000061,111.1600037,15.81000042,38.11999893
63,7.929999828,19.80999947,5.039999962,4.550000191,17.20999908,340.0,22.8617115,22.17000008,31.37999916,16.79999924,83.41999817,85.76999664,30.93000031,5.618999958,6.910999775,8.595000267,15.52000046,10.60999966,6.730000019,25.93437958,35.95999908,166.1,8.56000042,61.5,4.406,14.77999973,55.38999939,8.340000153,27.46999931,6.579999924,266.25,23.19000053,16.23999977,42.15000153,10.91499996,42.36000061,111.1600037,15.81000042,38.11999893
64,7.519999981,19.70000076,5.03000021,4.480000019,17.20999908,330.0,20.08526421,18.84000015,26.07999992,13.23999977,69.69999695,76.58000183,27.30999947,5.486000061,6.492000103,8.472000122,13.63000011,9.199999809,5.75,21.76176834,31.54000092,168.07,8.232000351,59.79999924,4.482,12.72999954,50.34249878,8.164999962,25.06999969,5.25,258.5,22.13999939,13.52999973,40.45000076,9.149999619,38.43000031,106.8000031,13.48999977,34.49000168
65,7.400000095,20.20999908,5.010000229,4.519999981,17.20999908,348.0,21.22035789,18.84000015,26.25,14.80000019,70.69000244,86.0,26.80999947,5.71999979,6.866000175,8.734999657,13.0,9.960000038,5.25,25.67760277,32.25999832,167.0,9.062000275,59.59999847,4.439,12.64000034,55.43999863,8.670000076,22.95999908,5.400000095,249.15,23.12999916,12.59000015,38.95000076,9.083999634,38.13999939,107.2799988,12.13000011,36.81000137
66,6.869999886,20.82999992,4.949999809,4.46999979,17.20999908,347.0,18.87556648,16.11000061,22.67000008,13.47000027,55.04999924,79.27999878,23.92000008,5.889999866,6.693999767,8.789999962,12.27000046,8.840000153,4.559999943,23.56633377,30.20000076,166.34,8.713999748,58.40000153,4.18,9.979999542,52.65999985,8.774999619,20.76000023,4.309999943,234.0,22.28000069,10.44999981,35.09999847,7.546000004,34.34000015,98.55999756,9.25,33.11999893
67,6.400000095,20.79999924,4.880000114,4.429999828,17.20999908,329.0,18.71569443,17.0,25.59000015,14.06000042,57.38999939,75.05000305,24.84000015,5.829999924,6.965000153,8.571000099,14.52000046,9.779999733,5.449999809,23.11697578,33.45999908,174.56,8.930000305,58.6333313,4.418,11.19999981,51.77500153,9.649999619,22.46999931,5.059999943,264.4,21.98999977,10.71000004,34.20000076,8.684000015,37.08000183,97.19999695,10.81999969,34.43000031
68,7.130000114,20.92000008,4.909999847,4.440000057,17.20999908,329.0,19.11537361,17.38999939,26.84000015,14.71000004,59.38999939,68.40000153,25.62999916,5.888999939,7.293000221,8.267999649,14.56000042,9.510000229,5.25,22.1112709,33.68999863,176.26,8.739999771,60.40000153,4.6365,12.35000038,47.9375,10.10999966,23.20999908,4.849999905,287.75,21.87000084,11.09000015,36.70000076,9.75,36.59000015,103.7600021,11.52999973,32.74000168
69,7.130000114,20.92000008,4.909999847,4.440000057,17.20999908,329.0,19.11537361,17.38999939,26.84000015,14.71000004,59.38999939,68.40000153,25.62999916,5.888999939,7.293000221,8.267999649,14.56000042,9.510000229,5.25,22.1112709,33.68999863,176.26,8.739999771,60.40000153,4.6365,12.35000038,47.9375,10.10999966,23.20999908,4.849999905,287.75,21.87000084,11.09000015,36.70000076,9.75,36.59000015,103.7600021,11.52999973,32.74000168
70,6.769999981,19.80999947,4.809999943,4.340000153,17.20999908,341.0,16.38156128,18.19000053,24.54999924,14.43000031,54.22000122,64.15000153,23.73999977,5.972000122,7.287000179,7.900000095,13.28999996,9.170000076,4.789999962,21.38373756,33.06999969,168.35,8.392000198,53.83333206,4.564,11.02999973,45.41500092,9.595000267,23.57999992,4.460000038,274.0,21.0,10.60999966,32.90000153,10.00500011,33.50999832,95.69999695,11.14999962,31.45000076
71,7.119999886,19.29000092,4.840000153,4.400000095,17.20999908,349.0,19.11537361,22.12000084,30.73999977,15.39999962,66.55000305,71.5,26.92000008,6.31099987,8.375,8.319999695,13.89999962,10.39000034,4.800000191,24.61483574,33.70999908,177.95,8.807999611,53.1333313,4.841,12.88000011,51.63249969,10.47999954,25.89999962,5.429999828,298.5,22.57999992,11.98999977,34.40000153,11.16499996,38.31000137,106.4800034,12.92000008,35.43999863
72,7.650000095,19.47999954,4.860000134,4.460000038,17.20999908,382.0,22.13695717,24.29000092,30.94000053,15.44999981,69.26999664,74.70999908,28.54000092,6.300000191,8.722999573,8.861000061,14.10999966,11.67000008,4.920000076,24.64336777,34.79000092,180.2,9.126000404,51.90000153,4.8665,13.72999954,52.56750107,10.60999966,28.43000031,5.800000191,304.75,23.51000023,13.44999981,35.0,12.32999992,41.31000137,112.4800034,13.39000034,37.29000092
73,7.579999924,19.01000023,4.789999962,4.429999828,17.20999908,365.0,22.78177452,24.42000008,32.09000015,17.42000008,76.37999725,81.19000244,29.73999977,6.278999805,8.711000443,9.253000259,15.06000042,11.82999992,5.079999924,26.09843063,37.61999893,181.5,9.105999947,52.0,4.795,14.47999954,57.77500153,10.52999973,29.95000076,5.809999943,316.2,23.95999908,12.77999973,35.20000076,12.31999969,43.38999939,111.6800003,14.25,38.81999969
74,7.769999981,18.84000015,4.739999771,4.460000038,17.20999908,381.0,21.96109772,22.35000038,29.25,15.27999973,68.77999878,80.19000244,27.73999977,6.15500021,8.217000008,9.166000366,13.94999981,10.88000011,4.769999981,25.32097054,35.63000107,174.5,8.826000214,51.26666641,4.55,13.75,57.98749924,10.34000015,29.14999962,5.190000057,302.8,23.12000084,11.72999954,33.95000076,11.5,41.68999863,109.8000031,13.90999985,36.95000076
75,7.769999981,18.84000015,4.739999771,4.460000038,17.20999908,381.0,21.96109772,22.35000038,29.25,15.27999973,68.77999878,80.19000244,27.73999977,6.15500021,8.217000008,9.166000366,13.94999981,10.88000011,4.769999981,25.32097054,35.63000107,174.5,8.826000214,51.26666641,4.55,13.75,57.98749924,10.34000015,29.14999962,5.190000057,302.8,23.12000084,11.72999954,33.95000076,11.5,41.68999863,109.8000031,13.90999985,36.95000076
76,7.570000172,17.89999962,4.619999886,4.380000114,17.20999908,399.0,22.19557762,23.92000008,29.29000092,15.64000034,71.94999695,83.45999908,28.20000076,6.386000156,8.593000412,9.546999931,13.55000019,11.40999985,4.53000021,26.5549221,36.06000137,176.44,8.710000038,51.20000076,4.6995,13.27000046,61.50249863,10.28999996,28.17000008,5.21999979,301.0,23.09000015,13.42000008,32.29999924,10.67000008,41.18000031,108.9199982,13.81999969,37.5
77,8.130000114,17.93000031,4.619999886,4.400000095,17.20999908,377.0,22.64321899,24.38999939,30.79999924,15.90999985,72.45999908,80.87999725,29.09000015,6.339000225,9.220000267,9.440999985,14.30000019,12.18000031,4.599999905,26.25535011,36.06000137,181.41,8.984000206,54.43333435,4.9225,13.92000008,60.15499878,10.35000038,30.85000038,5.5,314.35,23.95999908,15.80000019,32.84999847,10.72500038,44.29999924,110.5199966,14.14999962,37.97000122
78,8.029999733,17.36000061,4.550000191,4.369999886,17.20999908,359.0,21.39621544,24.37000084,29.62000084,14.73999977,68.55999756,77.56999969,27.20999908,6.06799984,9.199999809,9.079999924,13.78999996,12.40999985,5.03000021,23.88017082,33.43999863,180.06,8.770000458,52.6333313,4.9055,12.72999954,54.55749893,10.02000046,29.11000061,5.409999847,321.0,22.60000038,15.60999966,31.54999924,10.36499977,40.81000137,108.6800003,13.32999992,37.52999878
79,8.630000114,18.20000076,4.710000038,4.409999847,17.20999908,351.0,21.54542923,26.03000069,33.86000061,15.28999996,76.12000275,79.38999939,27.48999977,6.144999981,9.838000298,8.93999958,14.40999985,13.69999981,5.21999979,24.73609161,35.31000137,187.04,8.788000107,52.6333313,4.9335,13.44999981,56.61249924,9.949999809,28.76000023,5.809999943,340.5,23.0,16.85000038,31.54999924,11.68000031,42.20999908,111.3199997,14.38000011,40.40000153
80,8.56000042,18.0,4.630000114,4.389999866,17.20999908,350.0,21.27364731,24.71999931,32.90999985,14.89999962,75.11000061,76.01999664,27.95000076,6.068999767,9.324999809,8.713999748,14.43000031,12.86999989,5.46999979,23.35948563,34.38000107,189.77,9.050000191,53.0,5.045,13.40999985,55.40999985,10.09000015,28.0,5.760000229,345.0,22.96999931,16.23999977,30.14999962,17.28499985,42.86000061,115.0800018,13.64999962,39.20999908
81,8.56000042,18.0,4.630000114,4.389999866,17.20999908,350.0,21.27364731,24.71999931,32.90999985,14.89999962,75.11000061,76.01999664,27.95000076,6.068999767,9.324999809,8.713999748,14.43000031,12.86999989,5.46999979,23.35948563,34.38000107,189.77,9.050000191,53.0,5.045,13.40999985,55.40999985,10.09000015,28.0,5.760000229,345.0,22.96999931,16.23999977,30.14999962,17.28499985,42.86000061,115.0800018,13.64999962,39.20999908
82,8.890000343,18.0,4.630000114,4.389999866,17.20999908,360.0,22.92033005,25.04999924,32.79999924,16.37000084,80.38999939,81.25,28.64999962,6.139999866,9.31499958,8.748000145,14.89999962,13.03999996,5.539999962,25.90584946,36.75,191.1,9.086000443,53.0,5.2965,13.98999977,58.62749863,10.49499989,28.46999931,6.139999866,343.0,23.37000084,16.95000076,30.14999962,24.11000061,44.95000076,112.4000015,13.5,40.47000122
83,8.93999958,18.39999962,4.670000076,4.480000019,17.20999908,368.0,23.03224182,24.79999924,33.27000046,16.18000031,80.91999817,80.11000061,28.15999985,6.375,9.42800045,8.758000374,15.21000004,12.94999981,5.579999924,25.52781677,37.34999847,191.22,9.045999527,55.33333206,5.271,14.19999981,57.12250137,11.0,29.17000008,6.320000172,339.5,24.12999916,16.48999977,33.65000153,27.44000053,45.81999969,118.7600021,15.14999962,41.24000168
84,8.670000076,18.03000069,4.639999866,4.489999771,17.20999908,367.0,23.87956238,25.38999939,35.68000031,16.88999939,85.98000336,85.5,28.36000061,6.284999847,9.295000076,8.720000267,15.97999954,13.39000034,5.650000095,26.81169891,38.90000153,194.11,8.921999931,54.5,5.2865,14.82999992,58.375,10.90499973,29.13999939,6.809999943,341.5,24.60000038,16.65999985,35.65000153,24.25,46.02999878,116.0800018,15.34000015,43.84999847
85,8.920000076,19.53000069,4.650000095,4.46999979,17.20999908,369.0,24.43378639,24.89999962,34.72999954,16.87999916,84.30999756,90.30999756,28.70000076,6.453000069,9.307999611,8.918000221,16.37999916,13.25,5.809999943,27.92439461,40.45000076,193.86,9.107999802,55.59999847,5.271,15.35999966,61.31999969,10.90499973,29.12000084,6.71999979,353.0,25.65999985,16.29000092,36.5,26.31999969,47.40000153,116.0800018,16.59000015,43.13000107
86,8.920000076,18.45999908,4.599999905,4.440000057,17.20999908,377.0,24.43378639,24.89999962,34.72999954,16.87999916,84.30999756,90.30999756,28.70000076,6.453000069,9.307999611,8.918000221,16.37999916,13.25,5.809999943,27.92439461,40.45000076,192.0,9.107999802,55.59999847,5.25,15.35999966,61.31999969,10.90499973,29.12000084,6.71999979,344.0,25.65999985,16.29000092,36.5,26.31999969,47.40000153,116.0800018,16.59000015,43.13000107
87,8.920000076,18.45999908,4.599999905,4.440000057,17.20999908,377.0,24.43378639,24.89999962,34.72999954,16.87999916,84.30999756,90.30999756,28.70000076,6.453000069,9.307999611,8.918000221,16.37999916,13.25,5.809999943,27.92439461,40.45000076,192.0,9.107999802,55.59999847,5.25,15.35999966,61.31999969,10.90499973,29.12000084,6.71999979,344.0,25.65999985,16.29000092,36.5,26.31999969,47.40000153,116.0800018,16.59000015,43.13000107
88,8.920000076,18.04999924,4.579999924,4.449999809,17.20999908,372.0,24.04476357,24.90999985,34.29999924,17.07999992,84.91000366,87.36000061,28.70000076,6.453000069,9.307999611,8.918000221,16.72999954,13.17000008,5.960000038,26.9258194,40.61000061,188.07,9.107999802,55.43333435,5.2345,14.94999981,59.05250168,10.90499973,29.12000084,6.710000038,336.7,25.65999985,16.36000061,35.90000153,26.31999969,47.90000153,116.0800018,17.10000038,42.75999832
89,8.680000305,18.82999992,4.590000153,4.46999979,17.20999908,384.0,24.79616356,24.44000053,34.08000183,17.75,84.61000061,90.41999817,29.51000023,6.447000027,9.166999817,8.798000336,16.5,12.81000042,6.139999866,27.86733246,42.11999893,190.11,9.083999634,55.43333435,5.248,15.11999989,60.59500122,12.26000023,29.98999977,6.679999828,330.95,25.5,16.25,35.90000153,22.09000015,47.97999954,121.0400009,17.30999947,42.43000031
90,8.229999542,19.32999992,4.550000191,4.449999809,17.20999908,386.0,23.86890411,22.84000015,32.20000076,17.19000053,82.48999786,87.54000092,28.37999916,6.206999779,8.581999779,8.645999908,15.76000023,12.27999973,5.889999866,26.41226768,40.93000031,184.25,8.899999619,55.46666718,4.8895,14.35000038,59.30500031,12.02499962,28.70000076,6.320000172,307.25,24.84000015,15.18000031,35.04999924,16.56500053,46.08000183,115.2799988,16.80999947,40.47999954
91,8.359999657,19.44000053,4.53000021,4.46999979,17.20999908,383.0,23.87956238,21.85000038,31.06999969,16.78000069,79.98999786,87.58999634,28.5,6.249000072,8.454000473,8.81799984,15.21000004,11.85999966,5.690000057,26.46219635,40.15000153,184.3,8.892000198,56.46666718,4.8455,14.10999966,59.36999893,11.89999962,28.25,6.139999866,305.75,24.97999954,14.31000042,34.70000076,17.32500076,44.40000153,114.0,16.59000015,39.15000153
92,8.390000343,20.21999931,4.550000191,4.449999809,17.20999908,385.0,25.01998329,23.43000031,35.25999832,17.29999924,87.16999817,90.09999847,29.39999962,6.209000111,8.586999893,8.829999924,16.34000015,13.03999996,6.159999847,27.41797447,42.20000076,184.68,8.984000206,57.33333206,4.97,14.97000027,61.56499863,12.19999981,29.27000046,6.449999809,313.9,25.20999908,15.22999954,34.40000153,18.39500046,45.09000015,117.7200012,18.07999992,43.22000122
93,8.390000343,20.21999931,4.550000191,4.449999809,17.20999908,385.0,25.01998329,23.43000031,35.25999832,17.29999924,87.16999817,90.09999847,29.39999962,6.209000111,8.586999893,8.829999924,16.34000015,13.03999996,6.159999847,27.41797447,42.20000076,184.68,8.984000206,57.33333206,4.97,14.97000027,61.56499863,12.19999981,29.27000046,6.449999809,313.9,25.20999908,15.22999954,34.40000153,18.39500046,45.09000015,117.7200012,18.07999992,43.22000122
94,8.520000458,20.20999908,4.550000191,4.480000019,17.20999908,372.0,24.09805489,22.35000038,34.56999969,16.78000069,83.56999969,86.65000153,29.31999969,6.191999912,8.434000015,8.562000275,15.64999962,12.40999985,6.079999924,26.44079971,41.0,185.51,8.986000061,58.36666489,4.9605,14.68999958,59.40250015,12.05000019,29.14999962,6.269999981,307.9,24.94000053,14.75,33.54999924,17.62000084,44.86000061,117.6399994,18.48999977,41.18000031
95,8.270000458,20.30999947,4.510000229,4.489999771,17.20999908,366.0,23.18145561,21.63999939,33.18999863,15.86999989,81.63999939,85.44000244,28.12999916,6.005000114,7.960000038,8.333999634,15.63000011,12.02000046,6.139999866,25.44935799,39.18000031,181.92,8.744000435,55.33333206,4.857,14.46000004,58.85499954,12.27999973,27.19000053,6.050000191,304.0,23.54000092,14.56999969,32.45000076,16.28000069,44.40000153,113.8399963,18.02000046,40.95999908
96,8.239999771,20.17000008,4.460000038,4.460000038,17.20999908,363.0,23.63442612,23.32999992,34.97999954,16.43000031,84.44000244,87.15000153,28.64999962,5.985000134,8.347999573,8.522000313,16.28000069,12.57999992,6.480000019,26.53352356,40.22999954,188.36,8.994000435,55.33333206,4.987,14.67000008,61.79249954,12.72000027,29.64999962,6.340000153,321.95,24.38999939,15.52000046,32.40000153,20.29000092,44.63999939,114.0,17.65999985,42.13000107
97,8.43999958,20.17000008,4.550000191,4.409999847,17.20999908,376.0,23.60245132,23.37999916,36.18000031,16.96999931,86.80000305,85.12000275,28.87000084,5.926000118,8.472000122,8.618000031,17.19000053,12.51000023,7.050000191,25.90584946,42.29000092,188.73,8.850000381,55.40000153,4.9985,14.21000004,60.28499985,12.80000019,29.45000076,6.309999943,335.0,24.76000023,15.68999958,32.70000076,25.76000023,45.45999908,116.1600037,17.51000023,43.45000076
98,8.510000229,19.54000092,4.480000019,4.340000153,17.20999908,364.0,23.39461708,23.38999939,36.09000015,16.86000061,87.01000214,85.69000244,29.20999908,5.900000095,8.25,8.687999725,16.80999947,12.68999958,7.190000057,26.10556221,40.84000015,185.71,8.725999832,54.33333206,4.914,14.61999989,59.92499924,12.51000023,29.61000061,5.659999847,324.0,25.03000069,15.60000038,31.04999924,22.54000092,45.79999924,112.2799988,18.28000069,43.72999954
99,8.510000229,19.54000092,4.480000019,4.340000153,17.20999908,364.0,23.39461708,23.38999939,36.09000015,16.86000061,87.01000214,85.69000244,29.20999908,5.900000095,8.25,8.687999725,16.80999947,12.68999958,7.190000057,26.10556221,40.84000015,185.71,8.725999832,54.33333206,4.914,14.61999989,59.92499924,12.51000023,29.61000061,5.659999847,324.0,25.03000069,15.60000038,31.04999924,22.54000092,45.79999924,112.2799988,18.28000069,43.72999954
100,8.529999733,19.10000038,4.449999809,4.340000153,17.20999908,365.0,24.55102539,24.30999947,37.15000153,17.23999977,89.70999908,86.75,29.65999985,6.070000172,8.404000282,8.776000023,16.73999977,12.89999962,7.230000019,26.98288155,43.25999832,186.29,8.907999992,54.33333206,5.0,15.02000046,60.90000153,13.0,28.93000031,6.0,322.9,26.07999992,15.81000042,31.04999924,21.37999916,45.79000092,113.6399994,18.52000046,43.93999863
101,8.649999619,18.82999992,4.360000134,4.25,17.20999908,368.0,24.7535305,24.15999985,38.47999954,17.22999954,89.91000366,87.62999725,30.38999939,6.150000095,8.684000015,8.826000214,17.23999977,13.0,7.25,26.99001312,41.77000046,188.5,9.076000214,53.09999847,5.1775,15.18999958,59.82500076,13.21000004,30.45999908,6.559999943,325.1,25.77000046,16.67000008,30.70000076,23.36000061,46.47000122,119.2399979,18.90999985,44.97000122
102,8.789999962,18.51000023,4.380000114,4.260000229,17.20999908,368.0,25.20650101,25.43000031,42.20999908,18.57999992,94.62000275,86.62999725,31.96999931,6.269999981,8.956999779,9.031999588,18.36000061,13.88000011,8.140000343,27.3323822,45.54999924,193.87,9.347999573,53.66666412,5.234,15.71000004,58.78250122,12.60000038,31.79000092,7.139999866,337.95,26.39999962,19.02000046,31.10000038,26.45999908,48.59999847,118.9199982,19.45999908,47.45999908
103,8.789999962,19.59000015,4.440000057,4.329999924,17.20999908,363.0,24.98801041,23.79999924,42.09999847,17.84000015,92.0,84.66000366,30.68000031,6.236000061,8.713999748,9.145999908,17.55999947,13.57999992,8.399999619,26.44793129,44.00999832,190.0,9.140000343,56.1333313,5.0,15.22999954,57.77999878,12.625,32.33000183,6.909999847,335.65,26.23999977,17.85000038,31.70000076,25.93000031,46.36000061,117.2399979,19.37000084,46.47000122
104,8.789999962,19.59000015,4.440000057,4.329999924,17.20999908,349.0,24.07673836,22.82999992,39.13999939,17.13999939,89.44000244,82.63999939,29.86000061,6.236000061,8.713999748,9.145999908,17.12999916,12.96000004,7.809999943,25.53495026,41.97999954,190.0,9.140000343,56.1333313,5.0,14.56000042,56.76250076,12.625,32.33000183,6.570000172,335.65,26.23999977,17.17000008,31.70000076,25.18000031,45.18000031,116.5199966,18.54999924,43.13999939
105,8.789999962,19.59000015,4.440000057,4.329999924,17.20999908,349.0,24.07673836,22.82999992,39.13999939,17.13999939,89.44000244,82.63999939,29.86000061,6.236000061,8.713999748,9.145999908,17.12999916,12.96000004,7.809999943,25.53495026,41.97999954,190.0,9.140000343,56.1333313,5.0,14.56000042,56.76250076,12.625,32.33000183,6.570000172,335.65,26.23999977,17.17000008,31.70000076,25.18000031,45.18000031,116.5199966,18.54999924,43.13999939
106,8.159999847,19.59000015,4.440000057,4.329999924,17.20999908,349.0,23.78896904,23.25,40.36000061,17.57999992,91.44000244,82.62999725,30.11000061,6.006999969,8.211000443,8.960000038,17.04999924,13.15999985,8.090000153,25.28530693,43.40000153,185.7,8.946000099,53.16666412,4.931,14.64999962,57.52249908,12.28999996,30.31999969,6.539999962,331.0,25.62000084,16.82999992,30.10000038,24.84000015,45.95000076,114.8799973,19.12999916,44.88000107
107,8.390000343,19.59000015,4.440000057,4.329999924,17.20999908,349.0,24.83346748,23.87000084,40.91999817,17.54000092,92.88999939,83.13999939,30.61000061,6.087999821,8.687000275,9.180000305,17.14999962,13.39999962,8.220000267,25.58487892,43.09999847,190.0,8.963999748,52.46666718,4.939,14.94999981,57.52500153,12.44999981,31.04000092,6.730000019,342.5,26.68000031,16.56999969,30.5,25.87999916,47.29000092,119.2399979,19.0,44.83000183
108,8.619999886,20.19000053,4.46999979,4.349999905,17.20999908,349.0,25.16919708,23.57999992,40.49000168,18.10000038,90.05000305,80.06999969,30.57999992,6.066999912,8.423000336,9.083999634,16.84000015,12.85999966,7.579999924,24.59343719,43.11999893,187.05,8.894000053,51.03333282,4.8805,14.72000027,55.66500092,12.40999985,29.52000046,6.329999924,336.65,26.52000046,15.93999958,29.0,25.35000038,47.18000031,115.3600006,18.61000061,43.99000168
109,8.569999695,19.87999916,4.449999809,4.309999943,17.20999908,339.0,25.84598923,24.05999947,42.41999817,18.09000015,92.63999939,80.30999756,31.87000084,6.188000202,8.555999756,9.057999611,17.23999977,13.35000038,7.489999771,24.99286652,44.65999985,185.85,8.838000298,50.5,4.8625,14.93999958,56.11999893,11.92000008,30.97999954,6.329999924,343.0,26.72999954,16.53000069,29.0,26.13999939,45.81999969,118.7200012,19.20999908,44.24000168
110,8.729999542,19.96999931,4.46999979,4.340000153,17.20999908,359.0,26.53876877,24.03000069,43.08000183,18.54000092,95.47000122,81.77999878,32.04000092,6.199999809,8.630999565,9.171999931,17.79999924,13.77000046,7.639999866,26.69757462,44.15999985,185.34,8.800000191,49.56666565,4.878,15.35000038,57.43249893,11.82499981,31.28000069,6.860000134,348.0,27.12999916,17.10000038,28.5,26.13999939,46.06999969,118.7200012,19.46999931,46.18000031
111,8.729999542,19.96999931,4.46999979,4.340000153,17.20999908,359.0,26.53876877,24.03000069,43.08000183,18.54000092,95.47000122,81.77999878,32.04000092,6.199999809,8.630999565,9.171999931,17.79999924,13.77000046,7.639999866,26.69757462,44.15999985,185.34,8.800000191,49.56666565,4.878,15.35000038,57.43249893,11.82499981,31.28000069,6.860000134,348.0,27.12999916,17.10000038,28.5,26.13999939,46.06999969,118.7200012,19.46999931,46.18000031
112,8.75,19.32999992,4.46999979,4.320000172,17.20999908,367.0,27.10897827,23.5,42.27000046,18.26000023,93.37000275,81.66000366,32.93999863,6.079999924,8.630999565,9.100000381,17.76000023,13.57999992,7.690000057,26.59058571,42.86999893,185.34,8.647999763,50.23333359,4.878,15.35999966,56.84500122,11.45499992,31.96999931,6.559999943,348.0,27.03000069,16.96999931,27.29999924,25.79999924,46.91999817,121.5999985,19.53000069,45.74000168
113,8.520000458,21.26000023,4.429999828,4.300000191,17.20999908,364.0,26.60271835,23.05999947,41.58000183,17.70999908,91.09999847,81.87999725,32.22999954,6.144999981,8.713999748,9.407999992,17.51000023,13.64000034,7.510000229,26.26961517,40.34999847,186.17,8.74600029,49.93333435,4.8235,14.98999977,56.98249817,11.86499977,32.36000061,6.460000038,351.1,27.32999992,16.84000015,28.39999962,25.65999985,45.77999878,124.3600006,19.07999992,44.11999893
114,8.529999733,21.15999985,4.429999828,4.289999962,17.20999908,362.0,25.51558876,22.22999954,39.88999939,17.20000076,88.69999695,81.88999939,31.23999977,6.03000021,8.524999619,9.251999855,17.01000023,13.39999962,6.940000057,25.44935799,39.43000031,184.2,8.694000244,50.66666412,4.709,14.72999954,57.52999878,11.83500004,31.87000084,6.119999886,348.0,27.10000038,15.85000038,30.29999924,25.54000092,44.13000107,123.2399979,18.47999954,41.93000031
115,8.350000381,20.72999954,4.400000095,4.239999771,17.20999908,354.0,25.77138329,22.13999939,39.93000031,16.80999947,90.05000305,82.30000305,30.63999939,5.883999825,8.513999939,8.923999786,17.14999962,13.44999981,6.929999828,25.74892998,39.79000092,183.91,8.545999527,50.09999847,4.656,14.84000015,58.05749893,11.19999981,31.20000076,6.039999962,347.15,26.80999947,15.80000019,30.89999962,25.02000046,44.0,118.5599976,18.48999977,42.29999924
116,8.420000076,20.5,4.420000076,4.239999771,17.20999908,349.0,25.50492859,21.81999969,40.86999893,17.04999924,89.16000366,81.19000244,31.18000031,5.761000156,8.520000458,8.979999542,17.17000008,13.47999954,7.199999809,25.17118454,39.36999893,183.85,8.501999855,50.33333206,4.653,14.84000015,56.96250153,11.61499977,30.70999908,6.099999905,350.05,27.45999908,16.14999962,31.39999962,24.0,44.50999832,121.5999985,18.76000023,42.0
117,8.420000076,20.5,4.420000076,4.239999771,17.20999908,349.0,25.50492859,21.81999969,40.86999893,17.04999924,89.16000366,81.19000244,31.18000031,5.761000156,8.520000458,8.979999542,17.17000008,13.47999954,7.199999809,25.17118454,39.36999893,183.85,8.501999855,50.33333206,4.653,14.84000015,56.96250153,11.61499977,30.70999908,6.099999905,350.05,27.45999908,16.14999962,31.39999962,24.0,44.50999832,121.5999985,18.76000023,42.0
118,9.079999924,20.62000084,4.440000057,4.239999771,17.20999908,345.0,27.2635231,23.51000023,43.59999847,17.97999954,92.55000305,84.91999817,32.0,5.964000225,8.656999588,9.328000069,18.17000008,14.39000034,7.809999943,26.7760334,42.36999893,192.5,8.963999748,47.70000076,4.745,15.48999977,58.86249924,11.60499954,33.02000046,6.840000153,375.05,28.70999908,17.22999954,31.29999924,25.31999969,44.79000092,125.5999985,19.57999992,45.34000015
119,9.319999695,20.35000038,4.460000038,4.25,17.20999908,354.0,26.01651955,22.90999985,42.66999817,19.27000046,89.62000275,83.29000092,32.08000183,6.037000179,8.383999825,9.416000366,18.47999954,14.46000004,7.949999809,26.1840229,43.22999954,194.2,8.909999847,48.03333282,4.81,15.34000015,57.625,11.69999981,33.09000015,6.71999979,376.5,28.31999969,17.20000076,32.45000076,24.89999962,43.97000122,125.2799988,19.42000008,43.93999863
120,9.170000076,19.79000092,4.429999828,4.230000019,17.20999908,353.0,26.26165771,23.62000084,44.15000153,18.92000008,93.0,83.30999756,32.02999878,6.251999855,8.428999901,9.56000042,19.31999969,15.19999981,8.289999962,26.3694725,43.93999863,196.74,8.977999687,49.40000153,4.89,15.64999962,58.19749832,12.05000019,34.72000122,6.989999771,380.25,28.85000038,18.35000038,33.25,25.35000038,42.93000031,126.2399979,19.71999931,45.36999893
121,9.069999695,19.87999916,4.449999809,4.179999828,17.20999908,348.0,26.12310219,23.37999916,43.72000122,18.70999908,92.04000092,82.33999634,31.52000046,6.329999924,8.222000122,9.609999657,18.79000092,15.06000042,8.180000305,25.99144173,43.75999832,194.74,8.942000389,49.6333313,4.851,15.35999966,57.22499847,12.05000019,34.72000122,7.179999828,367.0,28.86000061,17.53000069,32.84999847,25.34000015,41.50999832,126.2399979,19.46999931,44.56000137
122,8.619999886,18.89999962,4.369999886,4.099999905,17.20999908,347.0,25.84598923,22.97999954,43.27999878,18.20000076,90.27999878,83.23000336,31.46999931,6.409999847,8.173999786,9.545999527,18.68000031,14.77999973,8.199999809,26.28388023,43.47000122,194.35,9.038000107,50.33333206,4.9695,15.40999985,58.46250153,12.52000046,34.79000092,7.059999943,364.5,29.12999916,17.10000038,33.75,24.10000038,42.11000061,126.2399979,19.64999962,44.59999847
123,8.720000267,18.40999985,4.340000153,4.090000153,17.20999908,353.0,25.84598923,22.97999954,43.27999878,18.20000076,90.27999878,83.23000336,31.46999931,6.510000229,8.260000229,9.805999756,18.68000031,14.77999973,8.199999809,26.28388023,43.47000122,197.55,9.144000053,50.33333206,5.149,15.40999985,58.46250153,13.30000019,34.86000061,7.059999943,373.95,29.96999931,17.10000038,33.75,24.10000038,42.11000061,131.4400024,19.64999962,44.59999847
124,8.840000153,18.87000084,4.349999905,4.099999905,17.20999908,363.0,27.10364914,23.26000023,43.66999817,19.04999924,93.30000305,82.80999756,31.70999908,6.515999794,8.274000168,9.890000343,19.36000061,15.0,8.420000076,26.81883049,46.56000137,196.86,9.251999855,51.43333435,5.11,15.80000019,58.57749939,14.31499958,35.86000061,7.610000134,374.4,29.87000084,17.63999939,35.75,24.04999924,43.68999863,134.7599945,20.43000031,45.90999985
125,8.899999619,18.64999962,4.309999943,4.070000172,17.20999908,373.0,26.0911274,23.93000031,44.66999817,19.28000069,93.90000153,83.72000122,32.15999985,6.585999966,8.449999809,9.977999687,19.39999962,15.26000023,8.260000229,27.06134033,46.61000061,194.73,9.604000092,51.70000076,5.078,15.97000027,60.28250122,14.63000011,36.45000076,7.840000153,374.9,29.35000038,17.54000092,35.75,24.43000031,44.09000015,130.8000031,20.46999931,46.24000168
126,8.800000191,18.42000008,4.289999962,4.079999924,17.20999908,370.0,25.57953644,23.26000023,43.00999832,18.13999939,90.87000275,85.83000183,32.34000015,6.791999817,8.491999626,10.10000038,19.37000084,14.97000027,8.270000458,27.28958511,45.52000046,196.86,9.618000031,51.79999924,5.114,15.72000027,62.84000015,14.70499992,36.70000076,7.619999886,377.45,30.18000031,17.43000031,36.90000153,23.96999931,44.54000092,133.5200043,19.95999908,45.04000092
127,8.630000114,18.47999954,4.25,4.03000021,17.20999908,363.0,26.03250694,23.13999939,42.18000031,18.79999924,91.69999695,85.62999725,32.45000076,6.901000023,8.123000145,9.505999565,19.10000038,14.59000015,8.159999847,27.32525063,46.61999893,199.95,9.687999725,55.46666718,4.944,15.80000019,63.88999939,14.96000004,36.31999969,7.630000114,376.2,29.79000092,17.12000084,36.54999924,22.32999992,45.00999832,136.7599945,20.43000031,45.47000122
128,8.630000114,18.47999954,4.25,4.03000021,17.20999908,363.0,26.03250694,23.13999939,42.18000031,18.79999924,91.69999695,85.62999725,32.45000076,6.901000023,8.123000145,9.505999565,19.10000038,14.59000015,8.159999847,27.32525063,46.61999893,199.95,9.687999725,55.46666718,4.944,15.80000019,63.88999939,14.96000004,36.31999969,7.630000114,376.2,29.79000092,17.12000084,36.54999924,22.32999992,45.00999832,136.7599945,20.43000031,45.47000122
129,9.029999733,18.95999908,4.289999962,4.110000134,17.20999908,369.0,25.7234211,23.84000015,43.38999939,18.70999908,92.79000092,87.44000244,32.99000168,6.998000145,8.340000153,9.505999565,19.27000046,14.89000034,8.210000038,27.7032814,48.00999832,198.72,9.699999809,57.43333435,4.9485,15.77000046,63.91249847,14.96000004,35.86000061,7.809999943,378.7,29.79000092,17.57999992,39.45000076,23.72999954,44.90999985,136.7599945,20.44000053,46.27999878
130,9.130000114,18.95999908,4.309999943,4.159999847,17.20999908,372.0,25.78737068,24.95000076,44.20000076,18.39999962,94.69000244,87.66999817,33.31999969,7.18900013,8.770999908,9.640000343,19.68000031,15.23999977,8.31000042,27.76747513,47.90000153,201.97,9.93200016,57.20000076,5.053,15.88000011,64.15000153,15.44999981,35.13999939,8.380000114,387.0,30.40999985,18.28000069,42.54999924,24.57999992,45.43999863,138.8000031,20.34000015,47.31000137
131,9.550000191,18.86000061,4.340000153,4.130000114,17.20999908,368.0,25.98987579,25.89999962,45.11999893,19.09000015,97.18000031,89.23000336,33.27999878,7.504000187,8.998999596,10.05000019,20.10000038,15.82999992,8.529999733,28.46647644,49.5,208.0,10.11499977,58.0,5.0895,16.14999962,64.89499664,15.89999962,34.95000076,8.770000458,396.95,31.65999985,18.82999992,41.70000076,26.14999962,45.97000122,140.7599945,20.65999985,49.24000168
132,9.149999619,18.53000069,4.320000172,4.090000153,17.20999908,367.0,25.53157425,25.69000053,44.70999908,19.22999954,96.27999878,88.44000244,32.72000122,7.485000134,8.963999748,10.02999973,20.39999962,15.84000015,8.819999695,27.80313873,49.61000061,201.46,9.958000183,57.26666641,4.9985,16.22999954,62.97249985,18.0,35.93000031,8.720000267,390.05,31.19000053,19.22999954,42.5,25.51000023,45.90999985,140.3200073,20.70999908,49.09999847
133,9.329999924,18.43000031,4.300000191,4.119999886,17.20999908,375.0,25.68078995,27.70999908,48.59000015,19.22999954,100.8099976,89.48999786,33.34000015,7.578000069,9.505999565,10.05000019,20.95000076,16.70999908,9.159999847,28.78744698,51.38000107,203.05,10.02999973,59.59999847,5.045,16.71999931,63.59500122,17.86499977,36.81999969,9.289999962,401.95,30.39999962,21.21999931,43.90000153,30.38999939,47.0,140.3200073,21.13999939,53.08000183
134,9.329999924,18.43000031,4.300000191,4.119999886,17.20999908,375.0,25.68078995,27.70999908,48.59000015,19.22999954,100.8099976,89.48999786,33.34000015,7.578000069,9.505999565,10.05000019,20.95000076,16.70999908,9.159999847,28.78744698,51.38000107,203.05,10.02999973,59.59999847,5.045,16.71999931,63.59500122,17.86499977,36.81999969,9.289999962,401.95,30.39999962,21.21999931,43.90000153,30.38999939,47.0,140.3200073,21.13999939,53.08000183
135,9.529999733,18.80999947,4.340000153,4.119999886,17.20999908,385.0,26.48547745,28.37999916,50.31000137,20.20000076,103.2399979,91.91000366,33.90000153,7.577000141,9.663999557,10.33500004,22.30999947,17.01000023,9.340000153,29.85734749,54.43999863,204.91,10.13000011,62.06666565,5.135,17.96999931,65.12000275,17.73500061,35.84999847,9.720000267,400.15,30.87000084,21.28000069,42.65000153,38.16999817,48.34000015,140.9600067,21.57999992,54.74000168
136,9.550000191,19.17000008,4.349999905,4.139999866,17.20999908,381.0,26.45350456,27.34000015,48.63000107,19.10000038,101.5299988,90.31999969,33.02000046,7.541999817,9.376000404,10.25,21.78000069,16.52000046,8.949999809,28.89443779,53.06000137,204.84,10.14999962,60.43333435,5.041,17.29000092,64.66750336,17.81999969,36.31000137,9.289999962,402.0,29.80999947,20.53000069,42.75,37.20000076,46.68999863,144.0,20.53000069,53.52000046
137,9.5,18.89999962,4.320000172,4.110000134,17.20999908,373.0,26.0911274,26.37999916,45.90999985,18.44000053,97.58000183,90.19000244,32.27000046,7.512000084,9.229999542,10.15999985,21.23999977,16.10000038,8.770000458,28.53067017,51.18999863,201.75,9.986000061,59.96666718,4.97,16.93000031,64.19750214,19.48999977,35.97999954,8.890000343,400.3,30.61000061,19.77000046,42.79999924,36.61999893,45.43000031,140.5599976,20.13999939,50.65000153
138,9.260000229,19.63999939,4.28000021,4.079999924,17.62999916,357.0,24.56168365,24.06999969,42.11999893,16.95000076,89.37000275,87.08000183,30.44000053,7.327000141,8.581000328,9.781999588,19.22999954,14.52999973,7.829999924,27.13979912,48.93999863,196.74,9.68200016,58.90000153,4.8435,15.51000023,62.08250046,19.46999931,34.72999954,8.090000153,376.1,29.52000046,17.77000046,41.20000076,31.94000053,42.72000122,133.3999939,18.17000008,46.18000031
139,8.829999924,20.70000076,4.260000229,4.070000172,17.98999977,359.0,25.2544632,24.75,43.72999954,17.73999977,92.38999939,86.73999786,31.01000023,7.34499979,8.586999893,9.737999916,19.01000023,14.93999958,7.769999981,27.0399437,49.41999817,196.74,9.75,58.86666489,4.8435,15.5,61.72750092,20.20000076,34.90999985,8.479999542,376.1,29.70000076,18.31999969,41.70000076,33.09999847,43.34999847,132.5200043,18.22999954,47.16999817
140,8.829999924,20.70000076,4.260000229,4.070000172,17.98999977,359.0,25.2544632,24.75,43.72999954,17.73999977,92.38999939,86.73999786,31.01000023,7.34499979,8.586999893,9.737999916,19.01000023,14.93999958,7.769999981,27.0399437,49.41999817,196.74,9.75,58.86666489,4.8435,15.5,61.72750092,20.20000076,34.90999985,8.479999542,376.1,29.70000076,18.31999969,41.70000076,33.09999847,43.34999847,132.5200043,18.22999954,47.16999817
141,8.609999657,21.12999916,4.230000019,4.039999962,16.31999969,344.0,25.79802895,24.36000061,43.34999847,17.84000015,91.23000336,86.95999908,31.12000084,7.361999989,8.579999924,9.673999786,19.54000092,15.19999981,8.140000343,27.32525063,50.11000061,194.2,9.711999893,57.46666718,4.9585,15.85000038,62.14250183,19.12999916,34.50999832,8.380000114,366.15,29.36000061,18.21999931,42.40000153,31.76000023,43.77999878,134.0800018,19.12000084,47.13999939
142,8.970000267,20.71999931,4.269999981,4.079999924,16.39999962,361.0,25.96855736,24.54999924,45.11000061,18.06999969,94.02999878,86.94999695,32.09999847,7.565999985,8.93500042,9.869999886,19.79000092,15.27999973,8.25,27.52496338,51.31000137,196.59,10.01000023,56.56666565,5.0,15.97000027,62.04249954,20.0,35.33000183,8.539999962,371.4,30.20000076,18.55999947,41.04999924,34.11999893,44.74000168,135.7200012,19.36000061,48.20000076
143,8.989999771,19.72999954,4.25,4.090000153,15.98999977,354.0,26.40554237,23.70000076,44.02000046,17.40999985,91.54000092,86.20999908,31.54000092,7.505000114,8.895999908,9.907999992,19.45000076,14.94999981,8.090000153,27.42510605,49.90000153,195.86,10.01500034,56.23333359,5.0,15.68000031,62.25,19.89999962,34.77000046,8.510000229,371.75,30.78000069,17.70999908,41.25,34.0,44.04999924,136.1199951,18.97999954,46.63000107
144,8.869999886,19.54000092,4.289999962,4.139999866,16.18000031,350.0,26.18172073,23.69000053,44.45000076,17.76000023,91.94000244,85.76999664,31.79999924,7.47300005,8.835000038,9.960000038,19.19000053,14.77999973,8.06000042,27.24678993,50.47000122,193.0,9.961999893,56.56666565,4.9555,15.77000046,62.23249817,18.85000038,35.43000031,8.430000305,373.65,30.97999954,17.45000076,42.95000076,32.90000153,44.22999954,132.7599945,19.45000076,46.91999817
145,8.930000305,19.78000069,4.300000191,4.139999866,15.85000038,348.0,26.09645653,23.67000008,43.70000076,18.04999924,90.62999725,82.11000061,31.10000038,7.599999905,8.873999596,10.15499973,19.10000038,14.48999977,7.96999979,26.76890182,50.20000076,195.81,10.18999958,56.86666489,5.0,15.52000046,60.55250168,19.02499962,35.43000031,8.409999847,376.15,31.06999969,17.04999924,43.20000076,33.75,43.59000015,132.7200012,19.21999931,45.97999954
146,8.930000305,19.78000069,4.300000191,4.139999866,15.85000038,348.0,26.09645653,23.67000008,43.70000076,18.04999924,90.62999725,82.11000061,31.10000038,7.599999905,8.873999596,10.15499973,19.10000038,14.48999977,7.96999979,26.76890182,50.20000076,195.81,10.18999958,56.86666489,5.0,15.52000046,60.55250168,19.02499962,35.43000031,8.409999847,376.15,31.06999969,17.04999924,43.20000076,33.75,43.59000015,132.7200012,19.21999931,45.97999954
147,8.899999619,19.54999924,4.269999981,4.119999886,16.01000023,344.0,26.41620064,23.87000084,43.56000137,17.76000023,91.58999634,82.52999878,31.03000069,7.599999905,8.80300045,10.13000011,19.38999939,14.71000004,7.929999828,26.79743195,49.79999924,194.3,10.13000011,58.70000076,4.97,15.60999966,61.75999832,18.92000008,35.34000015,8.329999924,375.65,31.77000046,17.31999969,43.65000153,33.20999908,44.04999924,134.6399994,19.54000092,46.41999817
148,8.979999542,19.62000084,4.260000229,4.090000153,16.79999924,347.0,26.10178566,24.17000008,43.81000137,18.43000031,91.44000244,81.84999847,30.93000031,7.81099987,8.895999908,10.09000015,19.02000046,14.85999966,7.880000114,26.56918716,51.91999817,194.83,10.28499985,59.56666565,4.938,15.43999958,60.80250168,19.73999977,35.84000015,8.75,373.6,32.06999969,17.57999992,44.45000076,33.38000107,44.56000137,136.9600067,19.42000008,46.70000076
149,8.800000191,19.56999969,4.260000229,4.119999886,16.52000046,340.0,25.3557148,23.13999939,40.99000168,18.65999985,87.63999939,80.47000122,30.10000038,7.624000072,8.472000122,9.92800045,18.13999939,14.23999977,7.480000019,26.01283836,49.08000183,194.83,9.998000145,58.06666565,4.938,14.81000042,60.41749954,19.31999969,35.11000061,8.220000267,373.6,31.43000031,16.70999908,43.25,31.64999962,43.13999939,134.8000031,18.84000015,44.5
150,8.800000191,19.56999969,4.260000229,4.119999886,16.52000046,334.0,25.73407936,23.5,42.06000137,19.13999939,89.20999908,79.44999695,30.30999947,7.663000107,8.480999947,9.767999649,18.12000084,14.69999981,7.409999847,25.26390839,50.38000107,192.25,10.10999966,56.70000076,4.868,14.96000004,59.79000092,19.39500046,35.29000092,8.399999619,371.5,31.89999962,16.72999954,44.0,31.61000061,42.90999985,132.2400055,19.10000038,45.16999817
151,8.699999809,19.56999969,4.260000229,4.119999886,16.52000046,336.0,25.26512146,22.76000023,40.34999847,18.46999931,86.45999908,78.93000031,29.62999916,7.638999939,8.397000313,9.734000206,17.62999916,14.27000046,7.059999943,24.75748825,48.75999832,193.0,10.03999996,59.43333435,4.898,14.47000027,59.05500031,18.69499969,35.02999878,8.029999733,367.05,31.47999954,16.29999924,46.34999847,31.39999962,41.77999878,132.8000031,18.51000023,43.61999893
152,8.699999809,19.56999969,4.260000229,4.119999886,16.52000046,336.0,25.26512146,22.76000023,40.34999847,18.46999931,86.45999908,78.93000031,29.62999916,7.638999939,8.397000313,9.734000206,17.62999916,14.27000046,7.059999943,24.75748825,48.75999832,193.0,10.03999996,59.43333435,4.898,14.47000027,59.05500031,18.69499969,35.02999878,8.029999733,367.05,31.47999954,16.29999924,46.34999847,31.39999962,41.77999878,132.8000031,18.51000023,43.61999893
153,8.590000153,18.79999924,4.239999771,4.090000153,16.94000053,330.0,25.28643799,23.47999954,41.29999924,19.03000069,87.66999817,80.25,30.29000092,7.723999977,8.625,9.913999557,17.53000069,14.46000004,7.019999981,25.67047119,49.61000061,197.94,10.18000031,58.06666565,4.882,14.65999985,59.56000137,18.95000076,35.06999969,8.279999733,365.5,30.72999954,16.95999908,44.84999847,31.20999908,42.06000137,133.0,18.37000084,44.31999969
154,8.619999886,18.96999931,4.190000057,4.090000153,16.79999924,331.0,25.52624512,23.31999969,42.02000046,19.27000046,89.23000336,79.88999939,30.42000008,7.677999973,8.489999771,10.01500034,18.17000008,14.47999954,7.119999886,25.88445091,49.5,194.31,10.31999969,56.90000153,4.865,15.17000008,60.04249954,18.85000038,34.81000137,8.270000458,361.8,31.11000061,16.86000061,44.84999847,31.70000076,42.86000061,135.0800018,19.02000046,44.72000122
155,8.619999886,18.79999924,4.25,4.150000095,16.84000015,322.0,25.66480064,23.20999908,40.74000168,19.32999992,87.62000275,81.93000031,30.21999931,7.702000141,8.475000381,9.925999641,17.90999985,14.28999996,7.090000153,26.64764595,49.09000015,194.31,10.35999966,57.09999847,4.865,14.90999985,61.56499863,18.54000092,35.40000153,8.449999809,361.8,30.57999992,16.45000076,46.09999847,30.98999977,42.29999924,139.8000031,18.80999947,43.70999908
156,8.989999771,19.04000092,4.320000172,4.21999979,17.06999969,326.0,26.39488411,23.40999985,41.77999878,20.04000092,88.30999756,81.83999634,30.62999916,7.947000027,8.720000267,10.25,17.85000038,14.68000031,7.039999962,26.73323822,49.88000107,195.28,10.72000027,58.90000153,5.009,15.11999989,61.59999847,19.69499969,35.38999939,8.479999542,366.05,31.92000008,16.73999977,49.79999924,31.78000069,42.90000153,142.2799988,19.07999992,44.08000183
157,9.0,19.28000069,4.420000076,4.329999924,16.80999947,316.0,26.39488411,23.40999985,41.77999878,20.04000092,88.30999756,81.83999634,30.62999916,7.874000072,8.673999786,10.28999996,17.85000038,14.68000031,7.039999962,26.73323822,49.88000107,197.2,10.72999954,58.56666565,5.018,15.11999989,61.59999847,19.79000092,35.09999847,8.479999542,365.35,31.68000031,16.73999977,49.90000153,30.98999977,42.90000153,141.0800018,19.07999992,44.08000183
158,9.0,19.28000069,4.420000076,4.329999924,16.80999947,316.0,26.39488411,23.40999985,41.77999878,20.04000092,88.30999756,81.83999634,30.62999916,7.874000072,8.673999786,10.28999996,17.85000038,14.68000031,7.039999962,26.73323822,49.88000107,197.2,10.72999954,58.56666565,5.018,15.11999989,61.59999847,19.79000092,35.09999847,8.479999542,365.35,31.68000031,16.73999977,49.90000153,30.98999977,42.90000153,141.0800018,19.07999992,44.08000183
159,9.18999958,19.92000008,4.71999979,4.53000021,17.48999977,326.0,26.26698685,23.63999939,41.63000107,22.10000038,88.56999969,79.80999756,30.48999977,7.914000034,8.758000374,10.30500031,17.62000084,14.80000019,6.170000076,26.67617607,53.40999985,199.99,10.81999969,58.6333313,5.0785,15.18999958,61.74000168,21.5,35.90999985,8.670000076,368.8,32.11000061,16.94000053,50.34999847,33.11999893,42.49000168,141.9600067,19.30999947,44.38999939
160,8.899999619,19.90999985,4.699999809,4.46999979,17.64999962,318.0,26.02717781,23.02000046,40.63999939,22.29000092,86.30999756,80.81999969,29.94000053,7.974999905,8.819999695,10.26500034,17.62000084,14.53999996,6.309999943,26.39086914,53.15999985,197.96,10.83500004,57.43333435,5.06,14.67000008,61.68000031,21.20000076,35.20999908,8.460000038,365.85,31.81999969,16.38999939,50.84999847,31.75,41.79000092,143.4799957,18.90999985,43.24000168
161,8.859999657,20.60000038,4.670000076,4.550000191,17.88999939,315.0,26.4428463,23.15999985,41.04000092,23.67000008,86.34999847,81.44000244,30.10000038,8.086000443,8.697999954,10.21500015,17.54000092,14.93000031,6.539999962,26.49785995,58.06000137,201.17,10.72000027,57.96666718,5.0755,14.52000046,63.31750107,22.10000038,35.86000061,8.760000229,366.15,32.16999817,16.23999977,52.20000076,32.15000153,41.95999908,147.0800018,18.94000053,43.13999939
162,8.800000191,20.72999954,4.739999771,4.650000095,18.29999924,313.0,26.5600853,22.04999924,38.34999847,23.88999939,82.73999786,79.73999786,29.59000015,7.93599987,8.434000015,10.0,17.25,14.38000011,6.340000153,26.11982918,57.20000076,199.44,10.60000038,57.66666412,5.04,13.90999985,62.99750137,22.54999924,35.06000137,8.529999733,364.25,31.86000061,15.72999954,52.5,31.20999908,41.15999985,149.8800049,18.27000046,41.36000061
163,8.670000076,21.15999985,4.599999905,4.53000021,17.77000046,305.0,26.03250694,22.45999908,39.68999863,23.39999962,85.23000336,81.31999969,29.60000038,8.029999733,8.491999626,10.03999996,17.25,14.77000046,6.440000057,26.66904449,57.49000168,200.94,10.72999954,57.43333435,5.0575,14.23999977,64.90000153,22.07999992,35.63999939,8.699999809,364.0,32.18999863,16.13999939,50.29999924,29.95999908,41.77000046,148.4799957,18.54999924,42.65000153
164,8.670000076,21.15999985,4.599999905,4.53000021,17.77000046,305.0,26.03250694,22.45999908,39.68999863,23.39999962,85.23000336,81.31999969,29.60000038,8.029999733,8.491999626,10.03999996,17.25,14.77000046,6.440000057,26.66904449,57.49000168,200.94,10.72999954,57.43333435,5.0575,14.23999977,64.90000153,22.07999992,35.63999939,8.699999809,364.0,32.18999863,16.13999939,50.29999924,29.95999908,41.77000046,148.4799957,18.54999924,42.65000153
165,8.880000114,21.53000069,4.630000114,4.610000134,18.01000023,318.0,26.48547745,22.45999908,39.65999985,23.14999962,85.40000153,81.41999817,29.70000076,8.121999741,8.659999847,10.01000023,17.12999916,14.72000027,6.360000134,26.72610664,56.20999908,195.7,10.80000019,58.26666641,5.017,14.18999958,64.05999756,23.34000015,36.15000153,8.520000458,354.95,32.11999893,16.25,49.65000153,30.29000092,42.20000076,151.8000031,18.55999947,42.65999985
166,8.720000267,20.55999947,4.559999943,4.659999847,18.04999924,312.0,27.52464676,23.28000069,41.31000137,23.69000053,88.34999847,81.69000244,30.59000015,8.013999939,8.782999992,10.09000015,17.09000015,15.14999962,6.360000134,27.01141167,61.77999878,193.6,10.81999969,57.59999847,5.02,14.55000019,65.63749695,21.89999962,36.75,8.859999657,355.0,31.95999908,16.96999931,48.15000153,30.19000053,43.66999817,147.4400024,19.10000038,44.06999969
167,8.81000042,21.54999924,4.489999771,4.570000172,17.17000008,328.0,28.47854996,23.80999947,41.61999893,23.72999954,88.88999939,80.43000031,30.97999954,8.168999672,8.836000443,10.25,17.80999947,15.31999969,6.619999886,27.13979912,60.97999954,182.26,11.0,57.09999847,5.0,14.96000004,64.75,22.29999924,36.75999832,8.989999771,358.45,32.31999969,17.29999924,47.15000153,31.22999954,44.50999832,156.6799927,20.07999992,44.63000107
168,8.659999847,19.97999954,4.409999847,4.449999809,16.03000069,324.0,28.48920822,23.71999931,41.59000015,22.79999924,88.36000061,81.06999969,30.73999977,8.253000259,8.895000458,10.43000031,18.04000092,15.30000019,6.590000153,27.1469326,59.02999878,183.32,11.03999996,56.16666412,4.9945,14.98999977,67.09500122,21.71999931,37.04999924,8.829999924,361.1,32.79000092,17.07999992,46.70000076,30.12000084,44.68999863,157.8800049,19.89999962,44.27999878
169,8.609999657,19.19000053,4.389999866,4.309999943,16.12999916,331.0,29.69890785,23.25,39.95999908,23.43000031,87.19000244,82.40000153,30.65999985,8.427000046,8.812999725,10.48999977,18.17000008,15.17000008,6.46999979,28.10271072,61.0,184.65,11.08500004,57.93333435,5.335,14.92000008,68.84500122,21.84000015,37.04999924,8.779999733,359.85,32.84999847,17.0,49.29999924,30.68000031,44.56000137,160.0399933,19.77000046,43.52000046
170,8.609999657,19.19000053,4.389999866,4.309999943,16.12999916,331.0,29.69890785,23.25,39.95999908,23.43000031,87.19000244,82.40000153,30.65999985,8.427000046,8.812999725,10.48999977,18.17000008,15.17000008,6.46999979,28.10271072,61.0,184.65,11.08500004,57.93333435,5.335,14.92000008,68.84500122,21.84000015,37.04999924,8.779999733,359.85,32.84999847,17.0,49.29999924,30.68000031,44.56000137,160.0399933,19.77000046,43.52000046
171,8.550000191,19.68000031,4.489999771,4.480000019,16.57999992,327.0,29.74686813,22.94000053,39.33000183,24.87999916,85.26999664,81.09999847,30.54999924,8.32199955,8.781000137,10.57499981,17.82999992,15.11999989,6.480000019,27.3323822,62.15999985,188.36,11.23999977,58.86666489,5.6735,14.5,68.58249664,21.48999977,37.0,8.819999695,361.35,33.33000183,16.71999931,49.04999924,30.22999954,43.90999985,164.9600067,19.29000092,42.5
172,8.600000381,21.64999962,4.46999979,4.440000057,16.96999931,320.0,30.21049881,24.09000015,41.65999985,23.22999954,91.38999939,82.33000183,30.95999908,8.329999924,8.928999901,10.71500015,18.62999916,15.43999958,6.739999771,27.62482262,60.74000168,186.78,11.27000046,62.29999924,5.66,15.09000015,69.08249664,21.29999924,36.97999954,9.180000305,364.45,33.88999939,18.18000031,48.84999847,31.28000069,44.79999924,169.2799988,20.11000061,44.65000153
173,8.75,23.02000046,4.610000134,4.440000057,16.70999908,318.0,29.78950119,23.45000076,40.88999939,23.0,91.04000092,84.15000153,31.44000053,8.194000244,8.706999779,10.55000019,18.44000053,15.17000008,6.590000153,27.81027031,61.15000153,187.15,11.10999966,61.33333206,5.8155,14.89000034,70.10500336,20.55999947,37.18999863,9.300000191,364.7,33.68999863,17.94000053,50.04999924,30.29000092,44.95999908,169.8399963,19.45000076,43.61000061
174,8.649999619,23.17000008,4.539999962,4.420000076,17.0,318.0,29.18731689,23.21999931,40.45999908,22.95999908,91.01000214,83.98999786,31.25,8.133999825,8.600999832,10.47999954,18.25,15.23999977,6.619999886,27.56062889,62.5,184.69,11.08500004,62.86666489,5.75,14.48999977,70.24250031,19.20000076,41.41999817,8.960000038,360.0,33.81999969,17.18000031,50.0,29.87999916,44.61999893,173.0,19.31999969,43.70000076
175,8.520000458,20.86000061,4.5,4.309999943,17.03000069,318.0,28.2014389,22.93000031,40.27999878,22.76000023,90.12999725,82.79000092,31.28000069,7.943999767,8.520000458,10.34000015,18.13999939,15.63000011,6.650000095,26.96148491,62.15999985,185.45,11.04500008,61.86666489,6.0225,14.25,70.0625,17.80500031,41.38999939,9.0,359.75,32.79000092,16.70000076,48.90000153,29.01000023,44.59999847,169.6000061,19.20999908,43.43000031
176,8.520000458,20.86000061,4.5,4.309999943,17.03000069,318.0,28.2014389,22.93000031,40.27999878,22.76000023,90.12999725,82.79000092,31.28000069,7.943999767,8.520000458,10.34000015,18.13999939,15.63000011,6.650000095,26.96148491,62.15999985,185.45,11.04500008,61.86666489,6.0225,14.25,70.0625,17.80500031,41.38999939,9.0,359.75,32.79000092,16.70000076,48.90000153,29.01000023,44.59999847,169.6000061,19.20999908,43.43000031
177,8.590000153,20.20999908,4.460000038,4.309999943,17.37999916,323.0,27.96163177,23.13999939,39.77000046,24.62999916,91.04000092,81.29000092,31.30999947,7.921000004,8.463000298,10.18000031,18.11000061,15.48999977,6.380000114,26.80456543,62.25999832,185.03,11.0,62.5,5.9485,14.19999981,69.40750122,19.47999954,40.11999893,9.300000191,358.25,32.5,16.85000038,49.5,27.79000092,44.86000061,168.8000031,18.82999992,44.06999969
178,8.609999657,19.98999977,4.46999979,4.289999962,16.87999916,312.0,27.67918968,22.81999969,38.95999908,23.01000023,89.11000061,84.59999847,31.57999992,7.900000095,8.477000237,10.19999981,18.29000092,15.06000042,6.239999771,27.08273888,59.68000031,184.3,11.06499958,62.26666641,5.741,14.11999989,70.01000214,18.63500023,39.97999954,9.140000343,355.4,32.90000153,16.12999916,49.15000153,27.96999931,45.02000046,166.4799957,18.87000084,43.54999924
179,8.520000458,20.90999985,4.5,4.349999905,17.17000008,306.0,29.09672356,23.21999931,39.93999863,22.77000046,90.06999969,84.97000122,32.63999939,7.974999905,8.409999847,10.19999981,18.47999954,15.48999977,6.670000076,27.50356674,60.11000061,184.69,11.09500027,61.73333359,5.794,14.52999973,70.36000061,19.20000076,39.52999878,9.270000458,360.4,32.93999863,16.43000031,49.75,26.48999977,46.06999969,161.4799957,19.77000046,44.02999878
180,8.43999958,20.28000069,4.460000038,4.349999905,17.27000046,295.0,26.92000008,22.44000053,37.63999939,22.54999924,86.26999664,84.56999969,32.20000076,7.736999989,7.81799984,10.00500011,17.62000084,15.02999973,6.519999981,27.43937111,59.70000076,182.52,10.92500019,59.03333282,5.7625,14.31999969,70.58499908,17.95999908,39.09000015,9.079999924,355.85,31.90999985,16.20999908,48.0,24.10000038,45.5,163.4400024,19.34000015,41.86999893
181,8.199999809,20.30999947,4.449999809,4.340000153,16.95999908,280.0,28.7266674,22.04000092,37.38999939,22.13999939,83.94000244,84.73999786,32.0,7.729000092,7.540999889,9.93599987,17.60000038,14.90999985,6.550000191,27.53923035,59.54999924,182.59,10.92000008,58.96666718,5.8,14.10000038,70.17500305,18.66500092,38.88000107,8.670000076,356.9,31.97999954,15.76000023,48.70000076,25.12000084,45.59999847,162.3600006,19.12999916,42.08000183
182,8.149999619,21.68000031,4.480000019,4.420000076,17.62999916,285.0,29.87333298,22.09000015,36.70999908,22.42000008,84.80999756,83.80999756,31.77000046,7.855999947,7.53399992,10.08500004,17.56999969,15.09000015,6.739999771,27.09700394,60.84000015,183.6,11.09000015,57.46666718,5.8615,14.02999973,69.39749908,18.87000084,39.40999985,8.390000343,356.45,32.81999969,16.11000061,48.75,24.64999962,45.13000107,166.6399994,19.71999931,42.25
183,8.390000343,22.5,4.53000021,4.420000076,17.18000031,296.0,29.0,23.73999977,37.63999939,23.97999954,86.48999786,84.69000244,32.97999954,7.868999958,7.859000206,9.963999748,17.78000069,15.47999954,6.909999847,27.63908768,64.04000092,183.31,11.0,57.96666718,5.818,14.5,71.26249695,18.75,39.27000046,8.420000076,359.8,32.56999969,16.09000015,49.70000076,25.26000023,47.50999832,165.3999939,21.34000015,43.47000122
184,8.520000458,22.68000031,4.5,4.380000114,17.14999962,297.0,29.26666641,23.95000076,38.02000046,23.77000046,87.19999695,83.51000214,32.84999847,7.833000183,8.095999718,9.925999641,17.59000015,15.94999981,7.150000095,26.90442276,65.73000336,189.15,10.86499977,57.73333359,5.8065,14.43999958,70.94499969,18.52499962,40.15000153,8.930000305,364.5,32.99000168,16.62999916,48.95000076,27.68000031,47.79999924,168.4799957,21.29000092,43.84999847
185,8.640000343,22.04000092,4.53000021,4.380000114,16.78000069,293.0,29.36000061,23.26000023,38.04999924,23.62000084,87.47000122,84.20999908,33.06000137,7.730000019,7.941999912,9.878000259,18.09000015,15.98999977,6.630000114,27.03281021,64.45999908,189.07,10.85000038,58.1333313,5.787,14.30000019,70.70249939,18.14999962,40.09999847,8.890000343,369.0,32.93000031,16.43000031,49.40000153,26.98999977,48.15999985,168.0,20.81999969,43.63999939
186,8.489999771,24.11000061,4.449999809,4.329999924,16.40999985,303.0,30.16666794,22.97999954,38.29999924,25.31999969,86.80000305,86.61000061,33.0,7.815000057,7.806000233,9.897999763,17.89999962,15.98999977,6.429999828,27.76747513,72.93000031,187.23,10.86999989,57.59999847,5.6245,14.31999969,71.94499969,18.25,40.00999832,8.619999886,367.15,33.27000046,16.18000031,49.70000076,25.47999954,48.0,171.2799988,20.85000038,43.43999863
187,8.489999771,24.11000061,4.449999809,4.329999924,16.40999985,303.0,30.16666794,22.97999954,38.29999924,25.31999969,86.80000305,86.61000061,33.0,7.815000057,7.806000233,9.897999763,17.89999962,15.98999977,6.429999828,27.76747513,72.93000031,187.23,10.86999989,57.59999847,5.6245,14.31999969,71.94499969,18.25,40.00999832,8.619999886,367.15,33.27000046,16.18000031,49.70000076,25.47999954,48.0,171.2799988,20.85000038,43.43999863
188,8.510000229,25.35000038,4.46999979,4.460000038,16.68000031,303.0,30.32666779,23.5,39.63999939,24.45999908,89.73000336,84.76000214,33.5,7.864999771,7.986000061,9.923999786,18.30999947,16.17000008,6.510000229,27.32525063,72.5,187.7,10.89999962,58.06666565,5.642,14.53999996,70.91000366,17.65500069,39.68000031,8.829999924,368.25,33.58000183,16.90999985,51.45000076,26.19000053,48.79000092,169.3999939,21.54000092,44.50999832
189,8.770000458,24.25,4.449999809,4.579999924,16.35000038,310.0,29.73333359,23.80999947,39.70999908,24.04000092,89.62000275,83.66999817,33.52000046,7.964000225,8.244000435,9.92800045,18.19000053,16.20999908,6.53000021,27.03281021,70.19000244,189.7,10.96500015,58.03333282,5.5775,14.42000008,69.44750214,18.375,40.63000107,8.779999733,367.2,32.97000122,16.95999908,51.90000153,26.44000053,48.93000031,185.3999939,21.42000008,44.97000122
190,8.890000343,23.52000046,4.460000038,4.679999828,16.20000076,323.0,29.81333351,24.26000023,41.65999985,25.03000069,90.72000122,84.31999969,33.97999954,8.109999657,8.373000145,9.956000328,18.79999924,16.64999962,6.550000191,27.61055565,73.52999878,192.8,11.13500023,57.23333359,5.6635,14.48999977,71.14749908,18.04500008,40.93999863,8.789999962,377.85,33.65000153,17.40999985,52.95000076,26.48999977,49.41999817,183.5599976,21.61000061,44.09000015
191,8.989999771,22.98999977,4.46999979,4.579999924,16.38999939,321.0,29.16666794,23.45000076,40.63000107,26.37999916,89.81999969,82.73999786,32.86999893,8.008000374,8.244999886,10.0,18.80999947,16.62999916,6.550000191,27.06134033,75.70999908,193.76,11.06999969,57.90000153,5.6555,14.27000046,71.09999847,18.72500038,41.36000061,8.68999958,387.3,34.54000092,16.97999954,56.09999847,25.61000061,48.97999954,186.6399994,21.56999969,43.00999832
192,8.979999542,23.28000069,4.480000019,4.539999962,16.45999908,317.0,28.93333244,22.98999977,40.81999969,25.88999939,90.34999847,82.15000153,32.86999893,7.885000229,8.178999901,9.987999916,18.85000038,16.32999992,6.619999886,27.05420876,74.30999756,192.83,10.97000027,56.53333282,5.6695,14.28999996,70.125,18.75,41.25,8.609999657,387.95,34.27999878,17.0,54.95000076,25.22999954,48.88000107,185.7599945,22.12999916,43.20000076
193,8.979999542,23.28000069,4.480000019,4.539999962,16.45999908,317.0,28.93333244,22.98999977,40.81999969,25.88999939,90.34999847,82.15000153,32.86999893,7.885000229,8.178999901,9.987999916,18.85000038,16.32999992,6.619999886,27.05420876,74.30999756,192.83,10.97000027,56.53333282,5.6695,14.28999996,70.125,18.75,41.25,8.609999657,387.95,34.27999878,17.0,54.95000076,25.22999954,48.88000107,185.7599945,22.12999916,43.20000076
194,8.970000267,23.15999985,4.539999962,4.579999924,16.54999924,315.0,29.20666695,22.75,40.70000076,25.94000053,90.76999664,82.59999847,32.90999985,7.808000088,8.100000381,10.06000042,18.88999939,16.35000038,6.590000153,26.63338089,73.61000061,190.47,10.92500019,58.36666489,5.628,14.43999958,70.74749756,18.83499908,43.06000137,8.449999809,389.55,34.5,16.96999931,56.04999924,24.55999947,49.31999969,186.7599945,22.34000015,42.63999939
195,9.039999962,23.20999908,4.53000021,4.610000134,16.72999954,309.0,29.0466671,22.36000061,40.33000183,26.70000076,87.62999725,81.66000366,32.97000122,7.788000107,8.053999901,9.951999664,18.43000031,16.19000053,6.489999771,26.44079971,74.41000366,190.3,10.80500031,58.0,5.5585,14.38000011,70.76249695,19.70000076,42.5,8.659999847,391.85,34.24000168,16.79999924,55.65000153,24.42000008,49.38999939,185.1999969,21.79999924,42.43000031
196,8.989999771,23.77000046,4.519999981,4.619999886,16.29999924,312.0,29.76666641,22.23999977,39.65000153,26.59000015,86.38999939,81.66000366,32.79000092,7.864999771,8.128000259,10.05000019,18.26000023,16.01000023,6.519999981,26.40513611,75.84999847,189.26,10.82499981,58.66666412,5.554,14.11999989,70.58499908,20.10000038,42.97000122,8.520000458,388.5,32.66999817,16.54999924,56.70000076,25.0,49.22999954,185.3600006,21.64999962,41.95999908
197,9.0,22.5,4.460000038,4.53000021,16.18000031,308.0,30.88666725,21.95999908,38.77000046,25.69000053,84.80999756,81.04000092,32.79000092,7.755000114,7.934999943,9.819999695,18.15999985,15.93999958,6.650000095,25.89871597,73.66000366,186.95,10.79500008,59.36666489,5.418,14.06000042,70.52749634,19.45000076,43.09999847,8.380000114,381.6,32.5,16.29000092,61.40000153,23.43000031,49.25,183.4799957,21.39999962,41.31999969
198,9.010000229,22.96999931,4.460000038,4.699999809,16.20999908,309.0,30.76000023,21.45999908,38.15999985,25.95999908,85.08000183,81.0,32.81000137,7.730999947,7.873000145,9.793999672,18.12000084,15.85000038,6.650000095,26.04850197,74.09999847,184.51,10.81499958,59.23333359,5.3345,14.10999966,70.60250092,20.31999969,42.65999985,8.25,382.8,32.54000092,15.82999992,61.95000076,22.46999931,49.54999924,185.8800049,21.40999985,41.00999832
199,9.010000229,22.96999931,4.460000038,4.699999809,16.20999908,309.0,30.76000023,21.45999908,38.15999985,25.95999908,85.08000183,81.0,32.81000137,7.730999947,7.873000145,9.793999672,18.12000084,15.85000038,6.650000095,26.04850197,74.09999847,184.51,10.81499958,59.23333359,5.3345,14.10999966,70.60250092,20.31999969,42.65999985,8.25,382.8,32.54000092,15.82999992,61.95000076,22.46999931,49.54999924,185.8800049,21.40999985,41.00999832
200,8.989999771,22.31999969,4.460000038,4.739999771,16.29000092,309.0,31.53333282,21.90999985,38.86999893,27.05999947,87.19999695,81.47000122,32.79999924,7.866000175,8.190999985,10.11999989,18.07999992,16.46999931,6.610000134,26.88302422,76.51999664,187.1,10.91499996,58.90000153,5.3735,14.23999977,70.65750122,21.20000076,43.70000076,8.449999809,388.65,33.36000061,16.57999992,60.90000153,23.10000038,49.18000031,190.5200043,21.68000031,42.22000122
201,9.130000114,21.79999924,4.449999809,4.639999866,16.45000076,320.0,31.18666649,21.62000084,38.84999847,27.71999931,86.12999725,80.84999847,32.68000031,7.803999901,8.078000069,10.14500046,17.85000038,16.32999992,6.570000172,26.48359489,77.37000275,186.25,10.89500046,58.86666489,5.335,13.96000004,70.32749939,19.94499969,43.66999817,8.489999771,392.8,33.18000031,16.62000084,60.0,22.90999985,48.54999924,189.4400024,21.38999939,40.88000107
202,9.149999619,21.54999924,4.429999828,4.570000172,16.37999916,314.0,31.70000076,21.37999916,37.56000137,28.04999924,84.77999878,79.55000305,32.15000153,7.797999859,8.100000381,10.04500008,17.45000076,16.14999962,6.460000038,26.59058571,78.19000244,187.48,10.82499981,58.59999847,5.354,13.72999954,69.75,22.0,44.27999878,8.119999886,397.5,33.52999878,16.29000092,62.65000153,22.0,47.81999969,192.3600006,21.04999924,40.00999832
203,8.829999924,21.95000076,4.429999828,4.599999905,16.57999992,309.0,31.61333275,21.13999939,38.15000153,28.63999939,84.91000366,79.55000305,32.43000031,7.617000103,7.986000061,10.0,17.34000015,15.98999977,6.53000021,26.31241035,77.61000061,184.58,10.76000023,58.1333313,5.2905,13.85999966,69.72000122,21.02000046,44.31000137,8.180000305,389.65,32.97000122,16.45000076,61.59999847,21.21999931,47.77000046,188.7200012,20.95999908,39.74000168
204,8.75,22.12000084,4.449999809,4.610000134,16.29999924,311.0,30.87333298,21.37999916,38.38000107,32.52000046,85.62999725,79.70999908,32.56000137,7.639999866,7.961999893,9.925999641,17.69000053,16.19000053,6.599999905,26.41940117,80.0,182.9,10.69999981,58.53333282,5.298,14.18000031,69.88749695,20.35000038,44.79999924,8.5,380.65,33.0,16.60000038,61.20000076,20.52000046,47.5,188.5200043,21.06999969,40.68999863
205,8.75,22.12000084,4.449999809,4.610000134,16.29999924,311.0,30.87333298,21.37999916,38.38000107,32.52000046,85.62999725,79.70999908,32.56000137,7.639999866,7.961999893,9.925999641,17.69000053,16.19000053,6.599999905,26.41940117,80.0,182.9,10.69999981,58.53333282,5.298,14.18000031,69.88749695,20.35000038,44.79999924,8.5,380.65,33.0,16.60000038,61.20000076,20.52000046,47.5,188.5200043,21.06999969,40.68999863
206,8.819999695,22.11000061,4.429999828,4.659999847,16.26000023,312.0,30.29333305,20.93000031,37.88999939,32.49000168,83.93000031,80.33999634,32.02000046,7.589000225,7.800000191,9.909999847,17.55999947,16.04999924,6.420000076,26.32667542,76.58999634,181.01,10.55000019,57.20000076,5.217,13.81999969,69.79250336,21.29999924,44.81000137,8.170000076,373.2,33.29999924,16.03000069,58.75,20.52000046,46.65999985,189.6799927,20.76000023,39.93999863
207,8.720000267,21.87000084,4.409999847,4.670000076,16.29000092,312.0,30.04000092,20.77000046,37.15999985,33.75,83.08000183,79.20999908,32.25,7.504000187,7.776000023,9.890000343,17.57999992,16.05999947,6.289999962,25.91298103,78.41999817,184.22,10.55000019,56.43333435,5.4235,13.86999989,69.28250122,21.53000069,45.09999847,8.680000305,373.9,32.95000076,16.12999916,59.5,21.47999954,46.63000107,187.6000061,20.95999908,39.43000031
208,8.630000114,22.04999924,4.349999905,4.659999847,16.15999985,312.0,30.70000076,20.56999969,36.38000107,33.49000168,83.19000244,81.47000122,32.56000137,7.647999763,7.676000118,10.07499981,17.54999924,15.81999969,6.300000191,27.12553406,77.44999695,181.95,10.69999981,56.86666489,5.38,13.84000015,72.06500244,22.5,46.31999969,8.699999809,371.5,33.68999863,15.92000008,60.95000076,19.89999962,46.81000137,195.3200073,21.28000069,39.18999863
209,8.420000076,20.98999977,4.309999943,4.829999924,16.05999947,313.0,30.19333267,20.61000061,35.99000168,30.82999992,82.27999878,81.13999939,32.06999969,7.579999924,7.696000099,10.11999989,17.42000008,15.43000031,6.21999979,26.59771729,72.5,179.13,10.68500042,56.73333359,5.3235,13.64000034,70.14749908,21.02000046,45.43999863,8.800000191,366.2,32.72000122,15.80000019,60.70000076,20.29999924,46.5,193.6799927,20.89999962,39.11000061
210,8.359999657,20.62999916,4.309999943,4.730000019,15.78999996,313.0,30.02666664,20.54000092,35.86000061,30.29999924,81.93000031,80.97000122,31.57999992,7.412000179,7.644999981,9.791999817,17.26000023,15.47999954,6.25,26.45506477,72.05999756,179.55,10.46500015,55.93333435,5.36,13.52000046,69.33000183,20.5,44.95999908,8.81000042,372.5,31.29000092,15.52000046,58.90000153,20.44000053,45.58000183,184.9199982,20.69000053,39.08000183
211,8.359999657,20.62999916,4.309999943,4.730000019,15.78999996,313.0,30.02666664,20.54000092,35.86000061,30.29999924,81.93000031,80.97000122,31.57999992,7.412000179,7.644999981,9.791999817,17.26000023,15.47999954,6.25,26.45506477,72.05999756,179.55,10.46500015,55.93333435,5.36,13.52000046,69.33000183,20.5,44.95999908,8.81000042,372.5,31.29000092,15.52000046,58.90000153,20.44000053,45.58000183,184.9199982,20.69000053,39.08000183
212,8.260000229,19.95999908,4.28000021,4.630000114,15.25,310.0,30.02666664,20.54000092,35.86000061,30.29999924,81.93000031,80.97000122,31.57999992,7.592999935,7.772999763,9.944000244,17.26000023,15.47999954,6.25,26.45506477,72.05999756,177.04,10.67000008,55.86666489,5.3215,13.52000046,69.33000183,21.84000015,45.97999954,8.81000042,371.4,31.98999977,15.52000046,57.40000153,20.12000084,45.58000183,191.0,20.69000053,39.08000183
213,8.300000191,20.20000076,4.309999943,4.679999828,15.75,309.0,29.64666748,20.14999962,34.06000137,29.86000061,78.97000122,80.73000336,31.12000084,7.47300005,7.519000053,9.824000359,17.04000092,14.90999985,6.050000191,25.97717476,69.37000275,172.95,10.48999977,55.16666412,5.223,13.25,69.47750092,22.75,45.00999832,8.399999619,367.9,31.62999916,13.98999977,55.20000076,19.43499947,45.02999878,183.9600067,20.47999954,38.18000031
214,8.149999619,19.37000084,4.28000021,4.650000095,15.53999996,307.0,30.00666618,20.31999969,34.45999908,30.96999931,80.02999878,82.58999634,31.72999954,7.651000023,7.627999783,10.05000019,17.39999962,15.52000046,6.059999943,26.15549278,71.69999695,173.69,10.625,53.70000076,5.34,13.22000027,70.59249878,22.42000008,45.72999954,8.659999847,371.8,32.16999817,14.07999992,55.65000153,16.04000092,46.29000092,191.0,21.02000046,37.95000076
215,8.090000153,19.01000023,4.239999771,4.570000172,14.84000015,310.0,29.42666626,19.90999985,32.91999817,27.68000031,78.15000153,82.0,31.04999924,7.604000092,7.625999928,10.01000023,17.12000084,15.27000046,5.960000038,25.56348038,69.88999939,173.8,10.60999966,55.70000076,5.4165,12.90999985,69.22750092,21.25,46.22999954,8.340000153,366.9,32.15999985,13.72999954,55.45000076,16.69000053,45.47999954,188.2799988,20.18000031,37.0
216,8.109999657,19.18000031,4.239999771,4.539999962,15.47999954,306.0,29.42666626,20.05999947,33.11000061,28.42000008,77.69000244,83.02999878,31.19000053,7.659999847,7.598999977,9.899999619,17.05999947,15.61999989,5.860000134,25.5563488,69.91000366,178.05,10.60000038,55.40000153,5.5885,12.81999969,69.53749847,20.28000069,45.77000046,8.279999733,370.05,32.0,13.77999973,56.70000076,16.09000015,45.81000137,188.2799988,20.22999954,36.90000153
217,8.109999657,19.18000031,4.239999771,4.539999962,15.47999954,306.0,29.42666626,20.05999947,33.11000061,28.42000008,77.69000244,83.02999878,31.19000053,7.659999847,7.598999977,9.899999619,17.05999947,15.61999989,5.860000134,25.5563488,69.91000366,178.05,10.60000038,55.40000153,5.5885,12.81999969,69.53749847,20.28000069,45.77000046,8.279999733,370.05,32.0,13.77999973,56.70000076,16.09000015,45.81000137,188.2799988,20.22999954,36.90000153
218,8.090000153,19.19000053,4.260000229,4.570000172,15.60999966,315.0,29.41333389,19.84000015,33.52000046,30.13999939,77.29000092,84.37999725,30.89999962,7.56099987,7.475999832,9.812000275,17.12999916,15.57999992,5.920000076,25.86305237,71.45999908,178.19,10.55000019,55.1333313,5.576,13.06000042,70.48000336,18.79999924,46.15999985,8.279999733,374.45,31.48999977,13.52000046,57.09999847,15.22500038,45.47999954,188.8000031,20.85000038,36.65999985
219,8.090000153,19.10000038,4.239999771,4.550000191,15.28999996,312.0,30.21999931,19.65999985,33.79999924,31.27000046,76.34999847,84.44999695,30.94000053,7.629000187,7.611999989,9.831999779,16.78000069,15.77000046,5.840000153,25.79885864,72.88999939,182.22,10.67500019,54.83333206,5.6205,12.90999985,73.92500305,18.93499947,46.40999985,8.270000458,385.3,31.43000031,13.35000038,57.75,15.56000042,45.45999908,189.9600067,20.87000084,36.27000046
220,8.180000305,19.31999969,4.25,4.559999943,15.61999989,306.0,30.53333282,19.95999908,35.08000183,30.47999954,78.55999756,84.83999634,30.95000076,7.574999809,7.651000023,9.850000381,17.02000046,15.89999962,6.079999924,25.86305237,71.95999908,183.26,10.63000011,55.1333313,5.583,13.35000038,70.08750153,18.56500053,47.61999893,8.420000076,385.75,31.55999947,13.64999962,56.79999924,17.5,45.25999832,193.6000061,21.42000008,37.81000137
221,8.359999657,19.07999992,4.230000019,4.53000021,16.55999947,300.0,30.62000084,19.55999947,36.09000015,29.52000046,78.79000092,84.59999847,30.84000015,7.380000114,7.593999863,9.75399971,16.63999939,15.97999954,6.039999962,25.6276741,64.0,183.9,10.53999996,54.53333282,5.898,13.28999996,69.87999725,18.93000031,48.79000092,8.579999924,382.55,30.95999908,13.57999992,56.75,18.42499924,45.56000137,194.8000031,21.30999947,37.79999924
222,8.289999962,19.42000008,4.269999981,4.610000134,16.35000038,304.0,30.63333321,18.87999916,35.86999893,29.28000069,78.20999908,82.94999695,30.5,7.420000076,7.388000011,9.68599987,16.61000061,15.72999954,6.0,25.01426506,61.75,181.52,10.44999981,53.79999924,5.83,13.07999992,69.23000336,18.71999931,48.61000061,8.210000038,376.5,30.75,13.34000015,56.20000076,16.92000008,45.84999847,195.2400055,20.73999977,37.18999863
223,8.289999962,19.42000008,4.269999981,4.610000134,16.35000038,304.0,30.63333321,18.87999916,35.86999893,29.28000069,78.20999908,82.94999695,30.5,7.420000076,7.388000011,9.68599987,16.61000061,15.72999954,6.0,25.01426506,61.75,181.52,10.44999981,53.79999924,5.83,13.07999992,69.23000336,18.71999931,48.61000061,8.210000038,376.5,30.75,13.34000015,56.20000076,16.92000008,45.84999847,195.2400055,20.73999977,37.18999863
224,8.100000381,19.87999916,4.25,4.579999924,16.29999924,304.0,30.53333282,18.31999969,34.36000061,29.43000031,76.30000305,82.56999969,30.05999947,7.258999825,6.949999809,9.380000114,16.30999947,15.13000011,5.900000095,24.78602028,61.66999817,177.17,10.40999985,51.79999924,5.7145,12.85999966,69.05000305,15.60000038,47.40999985,7.889999866,368.3,30.20999908,12.72000027,53.0,15.33500004,44.65999985,193.0,20.67000008,36.43000031
225,7.909999847,19.31999969,4.139999866,4.510000229,15.67000008,304.0,30.55333328,18.47999954,34.29999924,29.64999962,75.52999878,82.69000244,30.51000023,7.321000099,7.056000233,9.300000191,16.0,15.02000046,5.820000172,25.11412239,61.54999924,179.0,10.31999969,50.76666641,5.645,12.80000019,69.51499939,17.63500023,48.56999969,7.840000153,374.8,30.29999924,12.73999977,51.45000076,16.78499985,46.06000137,191.7599945,20.80999947,35.52999878
226,7.789999962,19.12000084,4.110000134,4.460000038,16.57999992,300.0,30.18000031,17.96999931,32.91999817,30.28000069,71.94999695,81.27999878,29.51000023,7.460000038,6.927999973,9.371999741,15.32999992,14.48999977,5.559999943,24.59343719,62.02000046,177.0,10.32999992,50.6333313,5.582,12.22999954,68.32749939,17.18000031,48.13999939,7.460000038,370.75,31.22999954,12.47000027,53.45000076,16.26000023,43.88999939,193.6000061,19.90999985,34.38999939
227,7.510000229,18.5,4.099999905,4.389999866,16.20999908,294.0,30.26666641,17.93000031,33.59999847,29.89999962,71.80000305,81.66999817,29.63999939,7.369999886,6.811999798,9.333999634,15.36999989,14.64000034,5.519999981,24.82881546,61.29999924,174.23,10.35000038,48.0,5.5985,12.27999973,69.38500214,15.26000023,47.29999924,7.630000114,376.7,31.21999931,12.77999973,50.45000076,15.65499973,43.91999817,191.5599976,19.93000031,34.31999969
228,7.440000057,18.54000092,4.090000153,4.380000114,15.65999985,292.0,32.23333359,17.86000061,33.70000076,32.18000031,71.83000183,82.47000122,29.98999977,7.335000038,6.68900013,9.281999588,15.51000023,14.48999977,5.489999771,25.3352356,63.04999924,173.77,10.38500023,49.40000153,5.657,12.36999989,70.45500183,16.07999992,46.29000092,7.460000038,381.4,31.37999916,12.43000031,53.09999847,15.65499973,44.59999847,191.3600006,19.97999954,34.63999939
229,7.440000057,18.54000092,4.090000153,4.380000114,15.65999985,292.0,32.23333359,17.86000061,33.70000076,32.18000031,71.83000183,82.47000122,29.98999977,7.335000038,6.68900013,9.281999588,15.51000023,14.48999977,5.489999771,25.3352356,63.04999924,173.77,10.38500023,49.40000153,5.657,12.36999989,70.45500183,16.07999992,46.29000092,7.460000038,381.4,31.37999916,12.43000031,53.09999847,15.65499973,44.59999847,191.3600006,19.97999954,34.63999939
230,7.449999809,18.0,4.099999905,4.409999847,15.93000031,300.0,33.11333466,18.18000031,33.70999908,34.02000046,73.93000031,82.87000275,30.07999992,7.447999954,6.860000134,9.392000198,16.02000046,14.46000004,5.550000191,25.49215317,65.37000275,172.74,10.47999954,50.43333435,5.8465,12.60999966,71.03500366,17.14500046,46.34000015,7.199999809,385.9,31.37000084,12.90999985,54.15000153,16.27499962,44.22999954,194.9199982,20.39999962,35.31000137
231,7.489999771,18.44000053,4.090000153,4.420000076,15.97999954,298.0,33.85333252,17.67000008,32.45999908,34.04000092,71.90000153,82.41000366,29.54999924,7.5,6.664999962,9.390000343,15.93000031,13.94999981,5.599999905,25.19258118,65.76000214,171.44,10.52999973,49.90000153,5.79,12.44999981,70.77999878,16.70999908,45.56999969,6.989999771,384.0,32.0,12.31000042,53.95000076,15.27999973,43.25999832,197.8000031,20.26000023,34.27999878
232,7.449999809,18.34000015,4.110000134,4.389999866,16.37999916,289.0,35.03333282,17.45999908,32.84000015,35.09999847,72.0,88.55999756,29.20000076,7.418000221,6.688000202,9.42800045,15.78999996,14.06000042,5.420000076,25.50641823,66.19999695,169.97,10.51000023,49.26666641,5.62,12.32999992,69.38999939,16.95999908,44.97000122,7.119999886,383.0,31.97999954,12.22999954,53.29999924,15.27999973,42.02000046,206.0,19.64999962,34.33000183
233,7.449999809,18.34000015,4.110000134,4.389999866,16.37999916,289.0,35.88666534,16.82999992,32.43000031,36.34999847,70.41999817,90.05000305,29.04000092,7.467999935,6.461999893,9.527999878,15.67000008,13.85000038,5.420000076,25.5563488,68.56999969,168.4,10.69499969,49.40000153,5.464,12.23999977,70.69000244,17.63500023,46.65000153,7.070000172,385.45,32.86999893,11.68000031,54.45000076,14.52499962,41.68000031,210.0,18.78000069,33.13000107
234,7.449999809,18.34000015,4.110000134,4.389999866,16.37999916,282.0,35.74666595,16.85000038,33.06999969,35.90000153,71.19000244,91.58000183,28.95999908,7.467999935,6.497000217,9.694000244,16.04000092,13.93000031,5.429999828,25.63480759,67.23999786,169.47,10.71500015,49.40000153,5.467,12.31000042,70.29250336,17.29000092,46.18000031,6.840000153,380.45,33.49000168,12.01000023,54.45000076,14.29500008,42.00999832,209.8999939,19.09000015,32.97999954
235,7.449999809,18.34000015,4.110000134,4.389999866,16.37999916,282.0,35.74666595,16.85000038,33.06999969,35.90000153,71.19000244,91.58000183,28.95999908,7.467999935,6.497000217,9.694000244,16.04000092,13.93000031,5.429999828,25.63480759,67.23999786,169.47,10.71500015,49.40000153,5.467,12.31000042,70.29250336,17.29000092,46.18000031,6.840000153,380.45,33.49000168,12.01000023,54.45000076,14.29500008,42.00999832,209.8999939,19.09000015,32.97999954
236,7.360000134,18.34000015,4.110000134,4.389999866,16.37999916,300.0,37.11999893,17.19000053,34.27999878,38.25,72.69999695,91.73999786,29.54000092,7.394000053,6.690000057,9.718000412,16.45000076,14.52000046,5.519999981,26.24108315,71.5,170.64,10.69999981,50.36666489,5.477,12.60000038,71.97750092,17.98500061,46.77000046,7.210000038,390.6,33.0,12.10000038,53.84999847,15.27999973,42.15000153,215.1000061,19.54000092,33.74000168
237,7.599999905,18.34000015,4.110000134,4.389999866,16.37999916,301.0,35.18000031,16.93000031,33.29999924,38.91999817,72.30000305,90.76999664,28.95999908,7.363999844,6.918000221,9.767999649,16.38999939,14.28999996,5.389999866,26.51212692,73.44000244,171.35,10.66499996,50.23333359,5.43,12.27000046,72.56999969,18.94499969,46.25999832,7.170000076,390.2,32.81999969,11.97999954,54.59999847,17.63999939,41.36999893,212.6000061,19.32999992,33.38999939
238,7.730000019,18.34000015,4.110000134,4.389999866,16.37999916,300.0,35.4066658,17.03000069,34.33000183,40.77999878,73.77999878,91.30000305,29.20999908,7.596000195,6.730000019,9.715999603,16.39999962,14.34000015,5.489999771,26.99714661,78.70999908,168.23,10.82999992,50.1333313,5.3395,12.59000015,74.27999878,18.90500069,46.77000046,7.110000134,388.85,33.24000168,12.27999973,56.15000153,17.36499977,41.95999908,219.5,19.38999939,33.5
239,7.650000095,18.34000015,4.110000134,4.389999866,16.37999916,293.0,34.18000031,17.48999977,35.52999878,39.47999954,75.22000122,93.15000153,30.31999969,7.546999931,6.885000229,9.767999649,17.13999939,14.63000011,5.920000076,28.04564857,77.12000275,167.43,10.82999992,50.33333206,5.356,13.13000011,75.26000214,19.84000015,46.61999893,7.380000114,392.5,33.90999985,12.92000008,55.0,18.14500046,43.90999985,221.6999969,19.98999977,35.25999832
240,7.650000095,18.72999954,4.130000114,4.460000038,17.04999924,288.0,34.82666779,17.36000061,35.13000107,41.61999893,74.0,93.30000305,29.82999992,7.524000168,6.861999989,9.744000435,17.01000023,14.80000019,5.889999866,27.9600563,78.80999756,166.97,10.80000019,51.0,5.32,12.81999969,75.72750092,19.625,47.40000153,7.25,386.55,33.61000061,12.85999966,54.45000076,18.64999962,43.77999878,218.0,19.42000008,34.74000168
241,7.650000095,18.72999954,4.130000114,4.460000038,17.04999924,288.0,34.82666779,17.36000061,35.13000107,41.61999893,74.0,93.30000305,29.82999992,7.524000168,6.861999989,9.744000435,17.01000023,14.80000019,5.889999866,27.9600563,78.80999756,166.97,10.80000019,51.0,5.32,12.81999969,75.72750092,19.625,47.40000153,7.25,386.55,33.61000061,12.85999966,54.45000076,18.64999962,43.77999878,218.0,19.42000008,34.74000168
242,7.639999866,19.23999977,4.179999828,4.550000191,17.20999908,284.0,35.5933342,17.23999977,35.59000015,37.84999847,74.51000214,93.11000061,29.68000031,7.686999798,6.818999767,9.770000458,17.32999992,14.69999981,6.050000191,28.51640511,79.30999756,169.05,11.06999969,50.46666718,5.3105,12.77999973,76.41750336,21.18000031,47.40999985,7.300000191,384.15,34.02000046,12.73999977,52.84999847,17.29999924,43.36000061,226.1999969,19.45000076,34.63000107
243,7.639999866,18.87000084,4.150000095,4.519999981,17.21999931,288.0,35.85333252,16.68000031,34.88000107,39.24000168,73.40000153,92.91999817,29.61000061,7.711999893,6.68599987,9.647999763,17.04000092,14.47000027,6.130000114,29.22967148,82.93000031,166.37,11.14500046,50.73333359,5.245,12.60999966,75.36750031,20.04000092,47.95999908,7.230000019,378.85,33.95000076,12.53999996,54.04999924,17.13999939,43.61999893,226.0,19.42000008,34.22000122
244,7.400000095,18.47999954,4.110000134,4.599999905,17.92000008,286.0,36.14666748,16.59000015,34.52999878,39.70000076,72.94999695,92.66999817,29.44000053,7.730000019,6.697999954,9.75399971,17.11000061,14.5,6.289999962,29.26533508,83.72000122,167.24,11.27000046,49.76666641,5.279,12.96000004,75.16000366,20.07999992,48.22999954,7.150000095,385.4,34.38999939,12.36999989,52.95000076,17.22500038,43.41999817,231.6000061,19.68000031,34.15000153
245,7.289999962,18.35000038,4.110000134,4.559999943,17.07999992,286.0,36.0,16.44000053,35.40000153,38.90999985,73.51000214,91.95999908,29.27000046,7.462999821,6.418000221,9.578000069,17.48999977,14.30000019,6.289999962,29.52924347,82.27999878,167.16,11.01500034,49.70000076,5.221,12.98999977,74.61499786,18.95999908,47.59999847,7.010000229,380.2,33.56999969,12.14000034,52.90000153,16.14500046,43.77999878,226.0,19.70999908,34.45000076
246,7.28000021,18.37000084,4.110000134,4.590000153,16.95000076,294.0,35.85333252,16.25,33.77000046,37.97000122,72.88999939,92.37000275,29.45000076,7.52699995,6.563000202,9.739999771,17.20999908,14.17000008,6.019999981,30.02139854,84.18000031,163.98,11.06000042,49.46666718,5.1655,12.85999966,76.40000153,19.51000023,48.66999817,6.860000134,382.95,34.00999832,11.88000011,54.15000153,15.89500046,43.02999878,226.6000061,19.27000046,34.09999847
247,7.28000021,18.37000084,4.110000134,4.590000153,16.95000076,294.0,35.85333252,16.25,33.77000046,37.97000122,72.88999939,92.37000275,29.45000076,7.52699995,6.563000202,9.739999771,17.20999908,14.17000008,6.019999981,30.02139854,84.18000031,163.98,11.06000042,49.46666718,5.1655,12.85999966,76.40000153,19.51000023,48.66999817,6.860000134,382.95,34.00999832,11.88000011,54.15000153,15.89500046,43.02999878,226.6000061,19.27000046,34.09999847
248,7.409999847,18.45999908,4.110000134,4.5,16.81999969,301.0,35.61999893,16.03000069,32.70000076,39.45999908,71.27999878,92.06999969,29.05999947,7.468999863,6.585999966,9.663999557,17.12000084,14.15999985,5.880000114,29.85734749,83.43000031,163.6,10.94499969,51.20000076,5.113,12.71000004,74.88749695,18.80500031,48.49000168,6.960000038,381.55,33.81000137,11.81000042,55.20000076,17.67000008,42.15999985,224.5,19.29000092,33.41999817
249,7.260000229,18.20000076,4.099999905,4.539999962,16.86000061,286.0,35.75999832,16.14999962,32.58000183,44.11999893,71.68000031,92.05999756,29.06999969,7.581999779,6.561999798,9.581999779,17.17000008,14.31999969,5.920000076,30.24251175,84.30000305,166.53,10.96500015,50.03333282,5.1965,12.68000031,75.24749756,18.26000023,48.38999939,7.230000019,384.6,33.40999985,11.93000031,54.75,16.51000023,42.97000122,223.6000061,19.69000053,33.70000076
250,7.349999905,17.82999992,4.110000134,4.53000021,16.54000092,289.0,35.53333282,15.82999992,30.63999939,39.50999832,70.87000275,92.51000214,28.90999985,7.514999866,6.340000153,9.463999748,17.09000015,14.10000038,5.829999924,30.05706024,81.59999847,164.37,10.77999973,50.66666412,5.264,12.52999973,74.41999817,18.14999962,47.88000107,7.190000057,383.55,33.11000061,11.51000023,53.95000076,20.52000046,42.15000153,217.6000061,19.29999924,33.15999985
251,7.150000095,17.42000008,4.099999905,4.489999771,16.18000031,284.0,35.55333328,16.10000038,31.90999985,39.90000153,73.40000153,93.88999939,29.36000061,7.449999809,6.34100008,9.43999958,17.60000038,14.22999954,6.25,30.12125587,82.65000153,165.27,10.73499966,51.79999924,5.3435,12.96000004,75.56749725,17.58499908,49.68999863,7.449999809,381.8,32.68000031,12.22000027,55.09999847,19.79999924,42.36000061,211.8000031,20.30999947,34.86000061
252,7.670000076,17.06999969,4.119999886,4.46999979,15.68999958,288.0,35.45333481,16.04999924,32.54000092,40.36999893,72.56999969,92.77999878,28.92000008,7.568999767,6.443999767,9.527999878,17.62999916,14.17000008,6.300000191,30.09985733,85.37000275,164.96,10.70499992,52.16666412,5.316,12.77999973,75.76750183,18.42000008,49.0,7.320000172,379.85,33.20000076,12.52999973,55.25,21.62999916,42.18000031,212.3999939,19.95999908,34.15999985
253,7.670000076,17.06999969,4.119999886,4.46999979,15.68999958,288.0,35.45333481,16.04999924,32.54000092,40.36999893,72.56999969,92.77999878,28.92000008,7.568999767,6.443999767,9.527999878,17.62999916,14.17000008,6.300000191,30.09985733,85.37000275,164.96,10.70499992,52.16666412,5.316,12.77999973,75.76750183,18.42000008,49.0,7.320000172,379.85,33.20000076,12.52999973,55.25,21.62999916,42.18000031,212.3999939,19.95999908,34.15999985
254,7.670000076,17.22999954,4.110000134,4.460000038,15.89999962,288.0,35.44666672,15.80000019,30.31999969,38.74000168,70.94000244,93.18000031,28.5,7.5,6.244999886,9.468000412,17.30999947,13.56999969,6.179999828,29.74322319,83.75,162.17,10.68000031,52.06666565,5.2015,12.38000011,75.66249847,17.11000061,47.47999954,7.190000057,374.55,33.09000015,12.27999973,53.90000153,20.52000046,41.47000122,206.0,19.20000076,33.34999847
255,7.360000134,17.29999924,4.099999905,4.440000057,16.09000015,284.0,35.78666687,15.38000011,30.26000023,38.00999832,69.51000214,93.05999756,28.30999947,7.394999981,6.099999905,9.345999718,17.26000023,13.43000031,5.650000095,29.35092735,82.38999939,159.21,10.60000038,52.06666565,5.177,12.17000008,75.77999878,17.68000031,45.65999985,6.980000019,372.5,33.79999924,12.0,53.75,19.48999977,41.65999985,208.0,19.42000008,32.81999969
256,7.260000229,17.51000023,4.090000153,4.449999809,16.37999916,282.0,35.18000031,14.89999962,28.79000092,37.99000168,66.87999725,90.98000336,27.54999924,6.949999809,5.885000229,8.960000038,16.95000076,12.96000004,5.269999981,28.2239666,93.30999756,154.3,10.33500004,52.03333282,4.973,11.82999992,74.45999908,16.51499939,44.18999863,6.46999979,350.9,32.00999832,11.27999973,53.09999847,19.18000031,40.15000153,203.6000061,18.86000061,31.56999969
257,7.150000095,17.35000038,4.050000191,4.5,16.23999977,279.0,36.30666733,15.26000023,29.15999985,37.68000031,68.80000305,92.23999786,27.55999947,6.936999798,5.918000221,8.845999718,16.82999992,12.72000027,5.289999962,28.64479256,87.45999908,156.74,10.22000027,52.26666641,5.0805,12.06000042,74.01000214,17.09000015,44.56000137,6.690000057,353.0,31.38999939,11.31999969,52.09999847,19.17499924,39.66999817,219.1000061,19.10000038,32.97000122
258,7.039999962,17.36000061,4.070000172,4.429999828,15.93000031,269.0,36.16666794,15.47999954,28.62000084,36.34999847,69.5,92.11000061,27.55999947,6.834000111,6.011000156,8.951999664,16.56999969,12.82999992,5.150000095,28.45221138,87.05000305,154.28,10.125,53.03333282,5.09,11.89999962,73.20999908,18.07999992,44.68000031,6.630000114,349.8,31.79000092,11.28999996,52.15000153,20.09000015,39.45999908,218.1999969,19.19000053,32.61999893
259,7.039999962,17.36000061,4.070000172,4.429999828,15.93000031,269.0,36.16666794,15.47999954,28.62000084,36.34999847,69.5,92.11000061,27.55999947,6.834000111,6.011000156,8.951999664,16.56999969,12.82999992,5.150000095,28.45221138,87.05000305,154.28,10.125,53.03333282,5.09,11.89999962,73.20999908,18.07999992,44.68000031,6.630000114,349.8,31.79000092,11.28999996,52.15000153,20.09000015,39.45999908,218.1999969,19.19000053,32.61999893
260,7.03000021,17.79999924,4.059999943,4.610000134,16.60000038,283.0,38.00666809,16.10000038,30.22999954,36.95999908,72.15000153,93.81999969,27.48999977,6.986000061,6.361999989,9.041999817,16.39999962,13.35999966,5.170000076,29.21540642,88.88999939,157.74,10.36999989,52.1333313,5.116,11.89000034,75.12999725,18.20000076,45.18999863,6.71999979,359.2,32.38000107,11.75,52.65000153,18.92000008,38.95999908,214.3000031,18.77000046,33.99000168
261,7.289999962,18.03000069,4.119999886,4.610000134,16.73999977,283.0,38.53333282,16.18000031,29.30999947,36.72999954,71.73999786,95.51999664,27.71999931,7.217000008,6.513999939,9.048000336,16.56999969,13.13000011,5.5,30.29243851,87.23999786,161.09,10.59500027,52.0,5.1645,11.98999977,76.01999664,18.86499977,48.09000015,6.880000114,374.0,32.83000183,11.89999962,53.59999847,18.73500061,39.86999893,222.8000031,18.97999954,33.40999985
262,7.25,17.79999924,4.110000134,4.599999905,16.70999908,281.0,37.2733345,16.12999916,30.37999916,35.70000076,71.76999664,93.55000305,27.86000061,7.368000031,6.597000122,9.329999924,16.62999916,13.27999973,5.349999905,30.11412239,79.77999878,161.09,10.68000031,51.96666718,5.1645,11.82999992,73.31999969,19.79500008,48.34000015,6.96999979,374.0,33.86999893,11.93999958,53.29999924,19.15500069,39.97999954,215.0,19.09000015,33.22999954
263,7.329999924,17.79999924,4.119999886,4.639999866,16.94000053,279.0,38.33333206,15.82999992,30.12000084,39.97000122,72.13999939,94.22000122,28.38999939,7.611000061,6.596000195,9.359999657,17.09000015,13.47000027,5.360000134,30.72039986,86.90000153,163.7,11.0,53.20000076,5.2195,11.89999962,74.75,18.81999969,49.22999954,7.190000057,382.4,34.22000122,11.86999989,55.34999847,18.37000084,40.04999924,230.5,19.11000061,33.16999817
264,7.309999943,17.37999916,4.130000114,4.659999847,16.67000008,286.0,39.4066658,15.64000034,29.19000053,39.84999847,71.15000153,93.44000244,27.44000053,7.711999893,6.541999817,9.227999687,16.63999939,13.30000019,5.110000134,30.5563488,88.26999664,164.92,10.97999954,53.5,5.192,11.47999954,75.72000122,18.96999931,49.31999969,7.369999886,382.35,33.52000046,11.71000004,54.70000076,18.10499954,38.83000183,230.3000031,18.26000023,32.77999878
265,7.309999943,17.37999916,4.130000114,4.659999847,16.67000008,286.0,39.4066658,15.64000034,29.19000053,39.84999847,71.15000153,93.44000244,27.44000053,7.711999893,6.541999817,9.227999687,16.63999939,13.30000019,5.110000134,30.5563488,88.26999664,164.92,10.97999954,53.5,5.192,11.47999954,75.72000122,18.96999931,49.31999969,7.369999886,382.35,33.52000046,11.71000004,54.70000076,18.10499954,38.83000183,230.3000031,18.26000023,32.77999878
266,7.380000114,17.59000015,4.179999828,4.699999809,17.52000046,281.0,39.81999969,18.07999992,33.38000107,39.31999969,79.40000153,95.40000153,28.95000076,8.050999641,7.377999783,9.328000069,17.68000031,14.38000011,5.599999905,30.89871597,86.11000061,170.13,11.06499958,54.1333313,5.228,12.30000019,75.51000214,19.02499962,51.20000076,8.18999958,395.4,33.15999985,14.53999996,54.95000076,20.37000084,41.00999832,223.8999939,19.35000038,36.93000031
267,8.409999847,17.73999977,4.199999809,4.670000076,17.54000092,296.0,38.24666595,19.10000038,35.52999878,38.93000031,83.06999969,97.13999939,30.40999985,8.046999931,7.677999973,9.378000259,18.06999969,14.89999962,5.440000057,30.66333771,80.75,172.92,11.06000042,56.16666412,5.277,12.89000034,75.98999786,18.89999962,53.22000122,8.789999962,414.55,32.63000107,14.61999989,56.70000076,21.29000092,42.68999863,226.8000031,19.98999977,36.86000061
268,8.840000153,17.09000015,4.269999981,4.670000076,16.95999908,303.0,39.5933342,18.87999916,35.27999878,40.50999832,82.45999908,97.30999756,30.46999931,8.211999893,7.592000008,9.479999542,18.18000031,14.68000031,5.349999905,31.26961517,84.19999695,170.53,11.35499954,56.66666412,5.283,13.02999973,77.54000092,19.31500053,53.22000122,8.779999733,419.35,34.16999817,14.61999989,57.25,24.77000046,42.5,235.5,20.02000046,36.47999954
269,8.899999619,17.56999969,4.21999979,4.619999886,16.98999977,293.0,39.25333405,18.28000069,34.00999832,39.41999817,80.66999817,94.25,28.94000053,8.079999924,7.618000031,9.262000084,18.07999992,14.31000042,5.300000191,30.45649147,81.40000153,172.91,11.44499969,56.86666489,5.2165,12.71000004,76.66999817,19.87000084,52.59999847,8.279999733,412.3,34.31000137,13.68999958,55.59999847,24.04999924,40.88000107,237.1000061,19.34000015,35.22999954
270,8.539999962,18.02000046,4.179999828,4.570000172,17.03000069,287.0,38.40000153,18.79999924,35.36000061,38.83000183,83.02999878,94.98000336,28.43000031,8.020000458,7.659999847,9.329999924,18.51000023,14.55000019,5.360000134,30.5920105,79.94999695,180.3,11.41499996,56.5,5.2355,13.13000011,77.19000244,19.47500038,52.56000137,8.529999733,419.35,34.97000122,13.90999985,55.25,22.62999916,41.72000122,234.5,20.04000092,36.08000183
271,8.539999962,18.02000046,4.179999828,4.570000172,17.03000069,287.0,38.40000153,18.79999924,35.36000061,38.83000183,83.02999878,94.98000336,28.43000031,8.020000458,7.659999847,9.329999924,18.51000023,14.55000019,5.360000134,30.5920105,79.94999695,180.3,11.41499996,57.76666641,5.2355,13.13000011,77.19000244,19.47500038,52.56000137,8.529999733,419.35,34.97000122,13.90999985,55.95000076,22.62999916,41.72000122,234.5,20.04000092,36.08000183
272,8.539999962,18.02000046,4.179999828,4.570000172,17.03000069,287.0,38.40000153,18.79999924,35.36000061,38.83000183,83.02999878,94.98000336,28.43000031,8.020000458,7.659999847,9.329999924,18.51000023,14.55000019,5.360000134,30.5920105,79.94999695,180.3,11.41499996,57.76666641,5.2355,13.13000011,77.19000244,19.47500038,52.56000137,8.529999733,419.35,34.97000122,13.90999985,55.95000076,22.62999916,41.72000122,234.5,20.04000092,36.08000183
273,8.680000305,17.89999962,4.25,4.730000019,17.15999985,297.0,38.20000076,19.76000023,38.08000183,38.72999954,88.95999908,95.01000214,28.98999977,8.088999748,7.967999935,9.324000359,18.95000076,15.27000046,5.440000057,30.91298103,80.20999908,185.32,11.35000038,57.76666641,5.2395,13.67000008,77.75,19.54000092,53.0,8.840000153,430.95,34.40000153,14.97999954,55.95000076,24.81999969,43.04999924,231.1999969,20.22999954,38.15999985
274,8.859999657,18.0,4.28000021,4.710000038,16.69000053,295.0,38.01333237,20.04999924,38.84999847,39.68999863,87.04000092,92.91999817,29.68000031,8.112000465,8.086000443,9.131999969,19.12000084,15.39000034,5.630000114,30.72039986,81.48000336,182.9,11.31000042,56.6333313,5.1495,14.02999973,76.61000061,20.47999954,52.84000015,9.119999886,438.85,33.95000076,15.25,57.65000153,25.05999947,43.04000092,231.3000031,20.82999992,38.66999817
275,8.880000114,17.85000038,4.260000229,4.699999809,17.26000023,289.0,37.58666611,19.55999947,39.18000031,38.72000122,84.27999878,91.52999878,29.07999992,8.121999741,8.194000244,9.130000114,18.87999916,15.22999954,5.650000095,30.45649147,81.98999786,185.0,11.32999992,56.83333206,5.205,13.76000023,75.79000092,20.92000008,53.93999863,9.069999695,452.9,33.72000122,15.35999966,60.59999847,25.63999939,41.83000183,233.0,20.0,37.20999908
276,8.859999657,17.88999939,4.239999771,4.679999828,17.60000038,286.0,37.49333191,19.53000069,39.47000122,37.15999985,85.73000336,91.69999695,29.13999939,8.163999557,8.076999664,9.050000191,19.38999939,15.09000015,6.119999886,30.20684624,84.05999756,184.16,11.35999966,56.46666718,5.21,14.39999962,75.12999725,22.37000084,53.90000153,9.199999809,451.85,34.06000137,15.43999958,59.15000153,24.75,42.45999908,238.3999939,20.15999985,37.40000153
277,8.75,18.0,4.239999771,4.679999828,20.39999962,289.0,38.25999832,19.48999977,39.65000153,38.43000031,85.79000092,92.58000183,29.25,8.232999802,8.125,9.100000381,18.98999977,15.06999969,6.079999924,29.86447906,84.69000244,183.21,11.44499969,56.56666565,5.175,14.25,75.55000305,22.88999939,54.86000061,9.069999695,464.8,35.0,15.40999985,58.09999847,25.37000084,42.95000076,248.3999939,20.34000015,36.93999863
278,8.75,18.0,4.239999771,4.679999828,20.39999962,289.0,38.25999832,19.48999977,39.65000153,38.43000031,85.79000092,92.58000183,29.25,8.232999802,8.125,9.100000381,18.98999977,15.06999969,6.079999924,29.86447906,84.69000244,183.21,11.44499969,56.56666565,5.175,14.25,75.55000305,22.88999939,54.86000061,9.069999695,464.8,35.0,15.40999985,58.09999847,25.37000084,42.95000076,248.3999939,20.34000015,36.93999863
279,9.180000305,17.87000084,4.309999943,4.730000019,20.79999924,289.0,39.3666687,20.40999985,42.70999908,39.83000183,91.02999878,93.33000183,29.94000053,8.079999924,8.329999924,8.984000206,19.76000023,15.68999958,6.429999828,29.65049934,86.91999817,184.15,11.33500004,57.6333313,5.203,14.61999989,74.56999969,22.42000008,55.5,9.350000381,469.6,34.58000183,16.76000023,58.84999847,29.85000038,43.70999908,245.6000061,21.28000069,39.36000061
280,9.140000343,17.93000031,4.329999924,4.730000019,21.79999924,290.0,40.52000046,21.86000061,44.40999985,40.61999893,95.62000275,96.26000214,31.31999969,8.418000221,8.619999886,8.963999748,20.29999924,16.56999969,6.710000038,30.49215317,90.41000366,186.76,11.27499962,57.43333435,5.19,14.97000027,74.98000336,23.07999992,57.65999985,10.0,472.2,34.13000107,17.67000008,59.95000076,33.81999969,45.02000046,238.3999939,21.95999908,41.97999954
281,9.520000458,17.25,4.309999943,4.690000057,21.70000076,288.0,41.92666626,21.40999985,43.63000107,42.90000153,92.13999939,96.15000153,31.81999969,8.487000465,8.671999931,9.137999535,20.36000061,16.18000031,6.489999771,30.11412239,92.44999695,188.03,11.30000019,57.16666412,5.155,14.85000038,75.97000122,22.13999939,57.90000153,10.02999973,473.3,34.43000031,17.55999947,61.5,32.15000153,45.08000183,238.6999969,21.62000084,40.81000137
282,9.600000381,17.82999992,4.289999962,4.789999962,21.93000031,286.0,41.92666626,21.40999985,43.63000107,42.90000153,92.13999939,96.15000153,31.81999969,8.470000267,8.557999611,9.156000137,20.36000061,16.18000031,6.489999771,30.11412239,92.44999695,185.52,11.29500008,57.06666565,5.225,14.85000038,75.97000122,23.39999962,56.04000092,10.02999973,464.75,34.24000168,17.55999947,62.34999847,30.79000092,45.08000183,237.6000061,21.62000084,40.81000137
283,9.449999809,17.70999908,4.300000191,4.849999905,21.69000053,283.0,42.09999847,21.10000038,42.77999878,44.16999817,91.30999756,94.59999847,31.86000061,8.501999855,8.581999779,9.140000343,19.93000031,16.35000038,6.360000134,29.77175522,94.69999695,185.9,11.47000027,56.40000153,5.227,14.75,75.12999725,24.18000031,57.5,9.93999958,461.2,34.86999893,17.25,64.90000153,28.97999954,45.27000046,246.8000031,21.45999908,40.18999863
284,9.449999809,17.70999908,4.300000191,4.849999905,21.69000053,283.0,42.09999847,21.10000038,42.77999878,44.16999817,91.30999756,94.59999847,31.86000061,8.501999855,8.581999779,9.140000343,19.93000031,16.35000038,6.360000134,29.77175522,94.69999695,185.9,11.47000027,56.40000153,5.227,14.75,75.12999725,24.18000031,57.5,9.93999958,461.2,34.86999893,17.25,64.90000153,28.97999954,45.27000046,246.8000031,21.45999908,40.18999863
285,8.130000114,17.52000046,4.309999943,4.909999847,21.69000053,272.0,42.38666534,19.55999947,39.56000137,42.75999832,87.18000031,92.66000366,31.20999908,8.369999886,8.30300045,9.076000214,19.39999962,15.34000015,6.179999828,29.2938652,93.43000031,181.89,11.44499969,56.40000153,5.157,14.38000011,73.58999634,24.40999985,56.18000031,9.569999695,449.5,34.77000046,16.09000015,64.90000153,27.87000084,43.93000031,255.1000061,20.97999954,38.13000107
286,7.75,17.61000061,4.300000191,4.920000076,22.25,274.0,40.65999985,20.23999977,39.27000046,41.97999954,87.44999695,93.26000214,31.34000015,8.319999695,8.414999962,9.005999565,19.55999947,15.72000027,6.170000076,29.42225456,91.05999756,185.34,11.32499981,57.23333359,5.2145,14.10000038,74.15000153,24.36000061,56.75999832,10.10000038,446.4,34.47999954,15.94999981,68.84999847,28.87999916,44.50999832,248.6000061,20.89999962,38.5
287,7.699999809,17.54000092,4.300000191,4.909999847,21.82999992,278.0,39.92666626,21.06999969,39.97000122,41.90000153,89.87000275,93.87000275,32.16999817,8.281999588,8.498999596,9.118000031,20.10000038,16.11000061,6.329999924,29.65049934,90.48999786,187.22,11.30000019,58.93333435,5.2105,14.34000015,74.30999756,23.37999916,57.18000031,10.18999958,448.75,35.0,16.21999931,67.94999695,30.94000053,44.99000168,248.3999939,21.64999962,39.93999863
288,7.699999809,17.62999916,4.300000191,4.840000153,20.25,285.0,39.95999908,21.36000061,41.20000076,40.43999863,89.80000305,92.34999847,32.72999954,8.208999634,8.451999664,8.99600029,20.12000084,16.07999992,6.550000191,29.27960014,88.91999817,185.12,11.26000023,59.93333435,5.2155,14.48999977,73.34999847,22.5,57.90000153,10.55000019,435.35,34.79999924,16.60000038,69.25,31.56999969,45.18000031,239.1000061,21.55999947,40.20999908
289,7.400000095,17.61000061,4.289999962,4.829999924,19.85000038,281.0,39.39333344,22.27000046,44.27000046,40.52999878,93.27999878,91.15000153,33.38000107,8.206000328,8.744000435,9.013999939,20.76000023,16.72999954,6.929999828,29.19400978,89.26000214,188.79,11.19999981,60.26666641,5.1925,14.93000031,72.51999664,23.52000046,58.72000122,10.92000008,444.8,34.25,17.97999954,71.65000153,34.13000107,46.06000137,242.3999939,22.48999977,41.68000031
290,7.400000095,17.61000061,4.289999962,4.829999924,19.85000038,281.0,39.39333344,22.27000046,44.27000046,40.52999878,93.27999878,91.15000153,33.38000107,8.206000328,8.744000435,9.013999939,20.76000023,16.72999954,6.929999828,29.19400978,89.26000214,188.79,11.19999981,60.26666641,5.1925,14.93000031,72.51999664,23.52000046,58.72000122,10.92000008,444.8,34.25,17.97999954,71.65000153,34.13000107,46.06000137,242.3999939,22.48999977,41.68000031
291,7.170000076,17.73999977,4.239999771,4.739999771,19.88999939,275.0,38.86000061,21.68000031,42.81999969,39.70999908,90.76000214,91.87000275,33.27999878,8.180999756,8.767000198,8.972000122,20.67000008,16.52000046,6.699999809,29.38659096,88.75,190.76,11.21000004,61.1333313,5.159,14.80000019,73.26999664,23.62000084,59.40000153,10.77000046,439.45,33.68000031,17.86000061,71.65000153,33.09999847,45.47000122,247.8999939,21.60000038,40.90000153
292,6.889999866,17.73999977,4.210000038,4.739999771,20.38999939,276.0,38.97999954,21.79000092,42.68000031,39.95999908,91.54000092,91.51000214,33.41999817,8.159999847,8.789999962,9.039999962,20.95000076,16.56999969,6.739999771,29.47218323,89.88999939,190.0,11.22999954,60.70000076,5.344,14.76000023,73.68000031,23.70999908,59.61999893,10.63000011,432.75,33.97999954,18.22999954,72.0,32.20999908,45.09999847,248.0,22.10000038,42.24000168
293,6.710000038,17.77000046,4.179999828,4.690000057,20.45000076,275.0,37.99333191,21.89999962,42.70000076,37.52999878,90.44000244,91.38999939,33.54999924,8.119999886,8.843000412,9.218000412,20.67000008,16.76000023,6.489999771,29.30813026,86.22000122,189.35,11.23999977,62.6333313,5.3735,14.60999966,73.66999817,25.22999954,57.90000153,10.56000042,435.6,33.70999908,17.98999977,73.15000153,32.34999847,45.20000076,248.6999969,22.39999962,42.79999924
294,6.550000191,17.88999939,4.190000057,4.670000076,22.02000046,272.0,38.65999985,22.40999985,44.0,38.00999832,93.34999847,91.76000214,34.22999954,8.210000038,8.93599987,9.133999825,21.37000084,16.93000031,6.820000172,29.38659096,86.54000092,192.95,11.30000019,61.6333313,5.3895,14.78999996,73.27999878,23.98999977,58.20000076,11.26000023,450.9,33.59999847,18.78000069,72.65000153,32.72999954,45.74000168,244.6000061,22.0,44.00999832
295,6.949999809,17.67000008,4.21999979,4.670000076,20.64999962,276.0,38.6866684,22.03000069,43.47999954,37.95000076,92.44999695,91.54000092,34.09999847,8.048999786,8.807999611,8.857999802,21.61000061,16.87000084,7.010000229,29.37945747,86.37000275,201.5,11.25,62.56666565,5.3015,14.75,73.80000305,24.65999985,58.61999893,11.13000011,447.25,33.09000015,18.59000015,72.80000305,31.64999962,45.38999939,250.3000031,21.93000031,43.79999924
296,6.949999809,17.67000008,4.21999979,4.670000076,20.64999962,276.0,38.6866684,22.03000069,43.47999954,37.95000076,92.44999695,91.54000092,34.09999847,8.048999786,8.807999611,8.857999802,21.61000061,16.87000084,7.010000229,29.37945747,86.37000275,201.5,11.25,62.56666565,5.3015,14.75,73.80000305,24.65999985,58.61999893,11.13000011,447.25,33.09000015,18.59000015,72.80000305,31.64999962,45.38999939,250.3000031,21.93000031,43.79999924
297,7.190000057,17.59000015,4.190000057,4.650000095,21.37000084,277.0,40.08000183,21.36000061,42.31999969,38.65000153,89.44000244,91.12999725,33.34999847,8.121999741,8.67800045,8.857999802,21.15999985,16.57999992,6.949999809,29.28673363,86.58999634,199.91,11.28499985,64.1333313,5.228,14.31000042,73.55000305,24.35000038,57.63999939,10.89999962,441.8,33.13999939,18.10000038,73.44999695,31.59000015,44.20999908,253.6999969,21.51000023,42.22000122
298,7.0,17.13999939,4.150000095,4.670000076,22.20000076,272.0,41.13999939,21.94000053,42.79999924,43.02000046,89.37000275,92.11000061,33.70999908,8.045000076,8.751999855,8.883999825,21.54000092,16.94000053,6.989999771,30.47075653,91.26000214,201.0,11.21500015,63.6333313,5.2335,14.77000046,74.91000366,24.55999947,58.74000168,11.14000034,451.5,33.29000092,18.04000092,75.15000153,31.78000069,44.88000107,257.6000061,22.32999992,43.04000092
299,7.0,15.43000031,4.150000095,4.630000114,22.18000031,273.0,39.31000137,21.82999992,42.31999969,42.09999847,88.69000244,90.61000061,33.27000046,8.161999702,8.755999565,9.010000229,21.01000023,16.81999969,6.869999886,30.27104187,91.76999664,206.2,11.26000023,64.23332977,5.285,14.60000038,74.44000244,24.61000061,58.54000092,11.28999996,444.4,33.79999924,17.52000046,76.15000153,31.90999985,44.24000168,258.2999878,21.75,43.70000076
300,7.079999924,14.22000027,4.21999979,4.739999771,22.18000031,271.0,39.41999817,21.89999962,41.97000122,41.36000061,88.41000366,91.51999664,33.13999939,8.173000336,8.711000443,9.086000443,20.79000092,16.87999916,6.880000114,30.42082787,92.31999969,214.52,11.39500046,63.59999847,5.263,14.30000019,75.05999756,24.84000015,57.75999832,11.36999989,442.65,33.84000015,17.56999969,75.19999695,31.75,43.56999969,262.0,21.79999924,43.47999954
301,7.25,14.43000031,4.260000229,4.849999905,24.11000061,274.0,39.04999924,21.73999977,40.97999954,45.02000046,87.19000244,90.31999969,32.79000092,8.159999847,8.62100029,9.024000168,20.55999947,16.79000092,6.78000021,30.36376572,93.58999634,212.69,11.40999985,62.6333313,5.23,14.21000004,74.51000214,25.20999908,57.90000153,11.28999996,440.65,33.50999832,17.34000015,76.05000305,31.67000008,42.91999817,266.6000061,21.18000031,42.72999954
302,7.25,14.43000031,4.260000229,4.849999905,24.11000061,274.0,39.04999924,21.73999977,40.97999954,45.02000046,87.19000244,90.31999969,32.79000092,8.159999847,8.62100029,9.024000168,20.55999947,16.79000092,6.78000021,30.36376572,93.58999634,212.69,11.40999985,62.6333313,5.23,14.21000004,74.51000214,25.20999908,57.90000153,11.28999996,440.65,33.50999832,17.34000015,76.05000305,31.67000008,42.91999817,266.6000061,21.18000031,42.72999954
303,7.25,14.98999977,4.25,4.820000172,24.65999985,272.0,39.90999985,20.68000031,40.24000168,47.97999954,86.08999634,89.09999847,32.33000183,7.855999947,8.244000435,8.722000122,20.21999931,16.21999931,6.599999905,29.60770226,96.41000366,203.46,11.23499966,58.06666565,5.16,13.98999977,74.40000153,24.94000053,57.63999939,10.76000023,423.95,32.61000061,16.89999962,69.05000305,29.45000076,41.24000168,270.0,20.70000076,41.95000076
304,7.260000229,14.69999981,4.139999866,4.760000229,23.95000076,269.0,41.09000015,20.47999954,39.02999878,53.15999985,84.36000061,89.52999878,31.89999962,8.071000099,8.359999657,8.788000107,20.18000031,15.89000034,6.460000038,29.78602028,105.1600037,208.4,11.31999969,58.6333313,5.18,13.77999973,74.70999908,26.60000038,57.81999969,10.82999992,430.7,33.22999954,16.44000053,71.65000153,29.43000031,40.74000168,280.6000061,20.61000061,41.24000168
305,7.239999771,14.27000046,4.139999866,4.929999828,24.95999908,266.0,41.20000076,21.20999908,40.08000183,52.93000031,85.69000244,89.04000092,32.09999847,8.270999908,8.583999634,8.968000412,20.17000008,16.32999992,6.519999981,29.75035667,101.8300018,207.63,11.47500038,58.76666641,5.277,13.82999992,74.33000183,26.71999931,58.08000183,10.93999958,430.15,33.79999924,17.18000031,74.15000153,30.14999962,41.06999969,278.2000122,20.75,41.77000046
306,7.389999866,13.96000004,4.159999847,4.909999847,24.73999977,271.0,41.83000183,21.05999947,39.49000168,52.70999908,85.33000183,89.66999817,32.18999863,8.270999908,8.583999634,8.968000412,19.86000061,16.29000092,6.440000057,29.83594894,102.4000015,206.24,11.47000027,60.16666412,5.261,13.82999992,74.98000336,26.71999931,58.08000183,10.97000027,436.35,33.79999924,17.10000038,74.5,30.56999969,41.34000015,278.2000122,20.73999977,41.59999847
307,7.389999866,14.02000046,4.170000076,5.050000191,25.48999977,272.0,41.83000183,21.05999947,39.49000168,52.70999908,85.33000183,89.66999817,32.18999863,8.270999908,8.583999634,8.968000412,19.86000061,16.29000092,6.440000057,29.83594894,102.4000015,205.03,11.47000027,60.16666412,5.3,13.82999992,74.98000336,26.71999931,58.08000183,10.97000027,436.25,33.79999924,17.10000038,74.5,30.56999969,41.34000015,278.2000122,20.73999977,41.59999847
308,7.389999866,14.02000046,4.170000076,5.050000191,25.48999977,272.0,41.83000183,21.05999947,39.49000168,52.70999908,85.33000183,89.66999817,32.18999863,8.270999908,8.583999634,8.968000412,19.86000061,16.29000092,6.440000057,29.83594894,102.4000015,205.03,11.47000027,60.16666412,5.3,13.82999992,74.98000336,26.71999931,58.08000183,10.97000027,436.25,33.79999924,17.10000038,74.5,30.56999969,41.34000015,278.2000122,20.73999977,41.59999847
309,7.5,14.18000031,4.139999866,5.03000021,24.52000046,271.0,41.66999817,20.98999977,39.29999924,51.25999832,84.90000153,90.25,31.79999924,8.345000267,8.595999718,9.126000404,19.73999977,16.40999985,6.230000019,30.10699081,101.1900024,206.11,11.68500042,61.1333313,5.319,13.64000034,75.48999786,28.89999962,58.93999863,10.98999977,435.65,35.02000046,17.04999924,77.19999695,30.56999969,40.81999969,295.0,20.13999939,41.74000168
310,7.380000114,14.15999985,4.130000114,4.900000095,22.10000038,271.0,42.41999817,21.06999969,39.06999969,49.50999832,84.61000061,89.86000061,31.82999992,8.276000023,8.562000275,9.118000031,19.67000008,16.69000053,6.199999809,29.83594894,96.98000336,208.75,11.73999977,60.79999924,5.3405,13.56999969,75.33000183,28.37999916,59.56000137,11.05000019,434.6,34.95000076,16.85000038,76.55000305,29.87000084,41.06000137,291.7999878,20.07999992,41.27000046
311,7.210000038,14.0,4.130000114,4.860000134,22.21999931,272.0,42.45999908,21.03000069,40.00999832,50.68000031,85.33000183,90.55999756,31.96999931,8.276000023,8.548000336,9.06400013,19.54999924,16.70000076,6.159999847,29.90727425,100.3399963,212.98,11.73999977,60.59999847,5.3,13.56999969,75.91000366,28.95999908,59.15999985,11.21000004,435.1,34.56999969,17.05999947,75.80000305,29.78000069,40.18000031,287.8999939,19.94000053,41.59999847
312,7.21999979,14.22999954,4.150000095,4.920000076,23.14999962,272.0,43.15000153,20.52000046,39.99000168,51.24000168,84.44999695,91.55999756,31.98999977,8.276000023,8.548000336,9.06400013,19.59000015,16.42000008,6.179999828,30.11412239,98.91999817,212.98,11.69999981,60.6333313,5.3,13.67000008,77.15000153,28.95999908,59.15999985,11.22999954,435.1,34.56999969,16.78000069,75.65000153,29.57999992,40.72000122,287.8999939,20.04999924,41.22000122
313,7.21999979,14.22999954,4.150000095,4.920000076,23.14999962,272.0,43.15000153,20.52000046,39.99000168,51.24000168,84.44999695,91.55999756,31.98999977,8.276000023,8.548000336,9.06400013,19.59000015,16.42000008,6.179999828,30.11412239,98.91999817,212.98,11.69999981,61.0,5.3,13.67000008,77.15000153,28.95999908,59.15999985,11.22999954,435.1,34.56999969,16.78000069,77.34999847,29.57999992,40.72000122,287.8999939,20.04999924,41.22000122
314,7.21999979,14.22999954,4.150000095,4.920000076,23.14999962,272.0,43.15000153,20.52000046,39.99000168,51.24000168,84.44999695,91.55999756,31.98999977,8.276000023,8.548000336,9.06400013,19.59000015,16.42000008,6.179999828,30.11412239,98.91999817,212.98,11.69999981,61.0,5.3,13.67000008,77.15000153,28.95999908,59.15999985,11.22999954,435.1,34.56999969,16.78000069,77.34999847,29.57999992,40.72000122,287.8999939,20.04999924,41.22000122
315,7.050000191,14.64000034,4.190000057,4.949999809,24.17000008,275.0,44.25999832,20.82999992,39.56999969,52.63999939,84.70999908,89.70999908,31.96999931,8.456999779,8.447999954,9.154000282,19.29000092,16.87000084,6.099999905,29.36519241,101.2399979,212.71,11.90499973,62.56666565,5.3485,13.56000042,74.22000122,30.13999939,59.29999924,11.18999958,436.0,35.95000076,16.71999931,79.25,28.79000092,40.84000015,295.2999878,20.10000038,41.5
316,7.059999943,14.44999981,4.179999828,4.860000134,23.18000031,281.0,45.97999954,22.37999916,41.84000015,50.52000046,87.0,89.75,33.34000015,8.395000458,8.76099968,8.930000305,19.97999954,17.23999977,6.460000038,29.32239723,92.16000366,215.32,11.72000027,62.0,5.4745,13.89999962,74.76999664,29.95000076,61.58000183,11.52000046,449.35,35.20000076,18.21999931,81.15000153,32.20999908,42.31000137,292.7000122,20.70999908,43.5
317,7.360000134,14.07999992,4.25,5.010000229,22.72999954,295.0,47.84000015,23.40999985,43.50999832,54.31000137,89.80000305,90.91000366,32.97999954,8.928999901,9.048000336,9.031999588,20.97999954,17.88999939,6.619999886,30.27817345,99.69000244,214.38,12.22999954,62.73333359,5.401,14.35999966,78.43000031,29.78000069,61.58000183,11.61999989,453.7,36.56000137,18.53000069,82.44999695,32.34999847,41.68999863,302.0,21.5,44.61000061
318,7.25,13.26000023,4.25,5.019999981,23.60000038,297.0,48.81999969,23.90999985,44.70000076,56.61000061,90.22000122,89.88999939,33.70000076,8.777000427,9.06799984,9.06000042,21.30999947,18.28000069,6.650000095,29.97860146,105.5,214.38,12.28499985,63.0,5.401,14.60000038,79.29000092,32.81999969,64.18000031,11.68999958,453.7,36.86000061,18.76000023,81.84999847,32.34999847,42.86000061,312.0,21.54000092,44.95999908
319,7.119999886,14.59000015,4.289999962,5.019999981,23.5,301.0,49.00999832,24.39999962,44.70000076,56.06999969,91.08000183,90.05000305,33.34999847,8.937999725,9.029999733,9.145999908,21.38999939,18.5,6.730000019,30.10699081,104.0999985,225.49,12.50500011,64.09999847,5.4305,14.48999977,81.12999725,34.56999969,62.65999985,11.68999958,478.2,38.65000153,18.47999954,83.05000305,33.0,42.5,312.0,21.29999924,45.45999908
320,7.119999886,14.59000015,4.289999962,5.019999981,23.5,301.0,49.00999832,24.39999962,44.70000076,56.06999969,91.08000183,90.05000305,33.34999847,8.937999725,9.029999733,9.145999908,21.38999939,18.5,6.730000019,30.10699081,104.0999985,225.49,12.50500011,64.09999847,5.4305,14.48999977,81.12999725,34.56999969,62.65999985,11.68999958,478.2,38.65000153,18.47999954,83.05000305,33.0,42.5,312.0,21.29999924,45.45999908
321,7.159999847,15.02999973,4.21999979,4.849999905,22.0,301.0,47.65000153,24.37999916,45.36000061,56.20000076,91.59999847,89.29000092,33.24000168,8.947999954,8.977999687,9.022000313,21.77000046,18.57999992,6.829999924,29.85734749,103.7600021,227.6,12.40999985,64.0,5.4735,14.73999977,79.69000244,32.65000153,61.5,11.39999962,473.25,38.22999954,18.31999969,83.30000305,33.0,42.16999817,304.2999878,21.51000023,46.84000015
322,7.300000191,14.68999958,4.309999943,4.889999866,22.20999908,328.0,47.5,25.01000023,47.41999817,55.97999954,93.33999634,88.93000031,33.72000122,8.80300045,9.053999901,8.812000275,22.40999985,19.07999992,7.139999866,30.01426506,104.3199997,228.69,11.99499989,65.30000305,5.495,15.21000004,79.75,32.81000137,63.09999847,11.72000027,474.4,37.13999939,18.87999916,86.05000305,33.63999939,42.40999985,285.1000061,22.43000031,47.88000107
323,7.699999809,14.35999966,4.360000134,5.25,21.04999924,320.0,47.20999908,24.78000069,47.02999878,54.45000076,93.25,91.55999756,34.59999847,8.925000191,9.06000042,8.937999725,22.73999977,19.17000008,7.239999771,30.52781677,104.1800003,226.8,12.10999966,67.30000305,5.417,15.31000042,81.83999634,33.63999939,60.93999863,11.21000004,485.95,37.97999954,18.51000023,85.84999847,34.0,43.22000122,291.7999878,22.23999977,48.41999817
324,8.180000305,14.72000027,4.329999924,5.409999847,21.27000046,326.0,45.70000076,25.46999931,47.86999893,55.61999893,95.48999786,91.66000366,35.59999847,8.833000183,9.005000114,8.894000053,23.12999916,19.70999908,7.130000114,30.3708992,106.0400009,228.86,12.00500011,68.80000305,5.44,15.64000034,82.52999878,33.27999878,62.25999832,11.52999973,505.0,38.34000015,19.37999916,85.94999695,34.5,44.27999878,289.2000122,22.69000053,50.31000137
325,8.090000153,14.35000038,4.28000021,5.199999809,21.37999916,323.0,45.04000092,24.26000023,45.11999893,51.27000046,92.08999634,92.11000061,35.25999832,8.859000206,8.831000328,8.805999756,22.94000053,19.21999931,7.010000229,30.92724609,96.58000183,226.5,11.91499996,67.53333282,5.4025,15.48999977,82.04000092,33.18000031,60.41999817,10.89999962,512.2,37.29999924,18.32999992,85.55000305,33.24000168,44.40999985,272.6000061,22.5,47.88999939
326,8.090000153,14.35000038,4.28000021,5.199999809,21.37999916,323.0,45.04000092,24.26000023,45.11999893,51.27000046,92.08999634,92.11000061,35.25999832,8.859000206,8.831000328,8.805999756,22.94000053,19.21999931,7.010000229,30.92724609,96.58000183,226.5,11.91499996,67.53333282,5.4025,15.48999977,82.04000092,33.18000031,60.41999817,10.89999962,512.2,37.29999924,18.32999992,85.55000305,33.24000168,44.40999985,272.6000061,22.5,47.88999939
327,8.25,14.25,4.25,5.21999979,21.70000076,328.0,45.04000092,24.26000023,45.11999893,51.27000046,92.08999634,92.11000061,35.25999832,8.585000038,8.855999947,8.710000038,22.94000053,19.21999931,7.010000229,30.92724609,96.58000183,226.88,11.89000034,65.53333282,5.407,15.48999977,82.04000092,30.94000053,61.09999847,10.89999962,516.5,37.04999924,18.32999992,82.09999847,33.70000076,44.40999985,275.2000122,22.5,47.88999939
328,8.430000305,14.48999977,4.260000229,5.099999905,21.10000038,354.0,46.86000061,24.64999962,46.0,55.02999878,94.51000214,90.37999725,35.08000183,8.574000359,8.826999664,8.727999687,23.29000092,19.80999947,6.849999905,30.54208374,100.2399979,223.15,11.81999969,65.69999695,5.3905,15.55000019,82.80999756,32.5,60.86000061,10.88000011,510.7,37.43999863,18.28000069,85.40000153,33.90000153,44.43000031,285.1000061,22.45000076,48.84000015
329,8.420000076,14.09000015,4.269999981,5.099999905,21.76000023,381.0,47.86999893,24.80999947,45.36000061,57.22000122,95.37999725,90.77999878,35.56000137,8.578000069,8.901000023,8.751999855,23.05999947,19.67000008,6.829999924,30.7061348,101.75,224.3,11.72999954,65.53333282,5.3985,15.59000015,84.05000305,31.92000008,62.97999954,10.82999992,510.65,37.52999878,18.23999977,84.80000305,33.68000031,44.25,286.6000061,22.43000031,49.52999878
330,8.260000229,14.21000004,4.25,5.130000114,22.39999962,385.0,48.97000122,24.02000046,43.18999863,64.15000153,92.01000214,90.18000031,35.04999924,8.458999634,8.668000221,8.767999649,22.42000008,19.53000069,6.619999886,30.68473625,107.5299988,217.28,11.69999981,64.46666718,5.3275,15.26000023,83.70999908,32.40999985,62.63999939,10.52999973,498.0,37.43000031,18.13999939,83.0,33.90000153,45.29000092,297.8999939,21.67000008,48.11000061
331,7.800000191,14.06000042,4.179999828,4.980000019,23.27000046,409.0,49.36000061,23.87000084,42.68999863,63.0,91.73000336,90.29000092,34.65999985,8.345000267,8.541999817,8.704000473,21.55999947,19.25,6.5,30.34236717,106.6699982,215.49,11.65999985,63.79999924,5.341,15.31999969,84.20999908,33.31999969,62.18000031,10.18999958,494.25,36.86999893,17.70000076,79.40000153,32.5,44.34999847,292.6000061,21.60000038,47.43000031
332,7.800000191,14.06000042,4.179999828,4.980000019,23.27000046,409.0,49.36000061,23.87000084,42.68999863,63.0,91.73000336,90.29000092,34.65999985,8.345000267,8.541999817,8.704000473,21.55999947,19.25,6.5,30.34236717,106.6699982,215.49,11.65999985,63.79999924,5.341,15.31999969,84.20999908,33.31999969,62.18000031,10.18999958,494.25,36.86999893,17.70000076,79.40000153,32.5,44.34999847,292.6000061,21.60000038,47.43000031
333,7.789999962,13.60999966,4.150000095,5.050000191,23.10000038,409.0,48.27999878,23.06999969,42.58000183,60.56999969,90.90000153,92.91000366,34.58000183,8.335000038,8.352999687,8.779999733,21.12000084,18.82999992,6.570000172,30.92011452,104.9400024,218.68,11.68500042,62.29999924,5.4865,15.26000023,86.87000275,33.75999832,60.38000107,10.09000015,495.6,36.79000092,17.52000046,79.25,31.05999947,43.93000031,291.0,21.65999985,46.90000153
334,7.599999905,14.11999989,4.159999847,5.039999962,23.28000069,429.0,47.02999878,23.03000069,41.68000031,60.45999908,89.36000061,92.91999817,34.86000061,8.399999619,8.527999878,8.883999825,21.26000023,18.37000084,6.619999886,30.56348038,104.6900024,218.8,11.61499977,62.29999924,5.54,15.22000027,85.23000336,33.75,60.56000137,10.35000038,493.95,36.29000092,17.20000076,79.25,31.23999977,43.68000031,281.0,21.44000053,45.86999893
335,8.06000042,13.65999985,4.150000095,5.03000021,24.89999962,432.0,45.66999817,22.72999954,40.65000153,58.90000153,88.19999695,91.70999908,33.84000015,8.241000175,8.546999931,8.786000252,20.72999954,17.85000038,6.46999979,29.25820351,102.8099976,217.4,11.35999966,60.93333435,5.445,14.81999969,80.19000244,31.05999947,59.43999863,10.34000015,481.25,35.22999954,17.13999939,75.94999695,27.44000053,42.70000076,265.2999878,21.20999908,45.34999847
336,7.920000076,13.35000038,4.130000114,5.090000153,23.10000038,436.0,45.84000015,22.86000061,41.11000061,57.47999954,89.01999664,91.48000336,34.0,8.401000023,8.548000336,8.883999825,20.52000046,18.10000038,6.409999847,29.98573494,105.0999985,217.7,11.42500019,61.73333359,5.42,14.68999958,82.45999908,31.20000076,59.38000107,10.55000019,483.4,35.65000153,17.19000053,77.09999847,27.10000038,43.63999939,272.0,21.45999908,46.06000137
337,7.619999886,13.5,4.090000153,5.150000095,23.57999992,401.0,45.29999924,22.21999931,40.02999878,54.75,85.19999695,94.0,33.59999847,8.190999985,8.352000237,8.729999542,20.22999954,17.72999954,6.269999981,29.64336777,99.15000153,212.83,11.18500042,62.16666412,5.252,14.07999992,80.87000275,30.76000023,58.27999878,10.05000019,473.0,35.45999908,16.72999954,75.40000153,25.71999931,42.93000031,266.7999878,21.22999954,44.84000015
338,7.619999886,13.5,4.090000153,5.150000095,23.57999992,401.0,45.29999924,22.21999931,40.02999878,54.75,85.19999695,94.0,33.59999847,8.190999985,8.352000237,8.729999542,20.22999954,17.72999954,6.269999981,29.64336777,99.15000153,212.83,11.18500042,62.16666412,5.252,14.07999992,80.87000275,30.76000023,58.27999878,10.05000019,473.0,35.45999908,16.72999954,75.40000153,25.71999931,42.93000031,266.7999878,21.22999954,44.84000015
339,7.869999886,13.96000004,4.079999924,5.190000057,23.28000069,397.0,45.83000183,22.20999908,40.70999908,55.84999847,86.41000366,93.16000366,33.84999847,8.220999718,8.199999809,8.883999825,20.79999924,17.98999977,6.360000134,30.01426506,98.30999756,214.66,11.27499962,63.86666489,5.324,14.02000046,81.69999695,30.79000092,59.77999878,10.27999973,478.35,35.90000153,16.79000092,79.90000153,26.20000076,43.13000107,265.6000061,21.29000092,44.91999817
340,8.170000076,13.77000046,4.090000153,5.090000153,23.55999947,375.0,45.93000031,20.75,40.97000122,57.77000046,87.05999756,93.09999847,34.45000076,8.199999809,8.31099987,8.880000114,21.10000038,18.12999916,6.53000021,30.56348038,97.29000092,214.42,11.26500034,65.8666687,5.311,13.81000042,82.93000031,31.17000008,59.11999893,10.82999992,482.0,36.11999893,16.85000038,83.59999847,27.45999908,43.04999924,270.6000061,21.42000008,45.63000107
341,8.460000038,13.52999973,4.090000153,4.949999809,22.0,384.0,45.31999969,21.27000046,43.20999908,59.20999908,88.95999908,93.38999939,34.84999847,8.552000046,8.48900032,8.842000008,20.64999962,18.28000069,6.670000076,30.29957199,98.94000244,218.1,11.375,67.90000153,5.2995,14.23999977,83.05000305,32.29000092,60.09999847,10.94999981,489.95,36.49000168,17.46999931,84.19999695,29.05999947,42.72000122,275.2000122,21.92000008,47.41999817
342,8.449999809,13.57999992,4.090000153,4.71999979,20.65999985,400.0,46.27999878,20.98999977,44.00999832,58.16999817,89.0,94.34999847,35.27000046,8.555999756,8.569999695,8.829999924,20.79000092,18.18000031,6.75,31.1483593,98.58999634,219.79,11.31000042,69.06666565,5.307,14.02999973,83.0,33.09000015,59.0,10.85999966,489.2,36.25,17.15999985,89.59999847,28.72999954,43.0,267.7999878,22.02000046,48.33000183
343,8.520000458,13.39999962,4.090000153,4.699999809,19.67000008,399.0,47.08000183,20.80999947,44.41999817,57.88000107,89.26000214,94.73999786,35.16999817,8.44699955,8.611000061,8.807999611,21.04000092,18.29000092,6.71999979,31.15549278,97.40000153,222.01,11.25,68.2666626,5.314,14.14999962,83.59999847,32.90000153,55.20000076,11.06999969,493.95,36.24000168,17.26000023,87.44999695,28.79999924,43.13000107,267.2000122,22.09000015,49.95000076
344,8.520000458,13.39999962,4.090000153,4.699999809,19.67000008,399.0,47.08000183,20.80999947,44.41999817,57.88000107,89.26000214,94.73999786,35.16999817,8.44699955,8.611000061,8.807999611,21.04000092,18.29000092,6.71999979,31.15549278,97.40000153,222.01,11.25,68.2666626,5.314,14.14999962,83.59999847,32.90000153,55.20000076,11.06999969,493.95,36.24000168,17.26000023,87.44999695,28.79999924,43.13000107,267.2000122,22.09000015,49.95000076
345,8.590000153,13.52999973,4.119999886,4.760000229,19.29999924,407.0,48.40000153,22.03000069,46.77999878,59.5,91.48000336,93.59999847,35.81000137,8.5,8.680999756,8.739999771,21.37999916,18.46999931,7.059999943,31.19828796,100.3300018,228.0,11.05000019,69.40000153,5.3615,14.72999954,83.40000153,32.90000153,56.18000031,10.60999966,501.75,34.95999908,17.65999985,90.0,29.70999908,43.15999985,265.7999878,22.5,52.09999847
346,8.880000114,13.72999954,4.170000076,4.829999924,20.17000008,412.0,47.68999863,21.72999954,46.88000107,60.72999954,90.95999908,93.31999969,35.72999954,8.284000397,8.774999619,8.699999809,21.21999931,18.45000076,6.78000021,31.07703209,101.8499985,227.73,10.88000011,65.1333313,5.3895,14.56999969,83.83000183,31.80999947,56.22000122,10.27999973,494.8,33.99000168,17.82999992,87.15000153,30.67000008,42.68000031,255.6000061,22.26000023,50.63000107
347,8.789999962,13.86999989,4.199999809,4.820000172,20.70000076,410.0,46.90000153,21.57999992,47.25,60.75,92.51999664,93.69999695,36.08000183,8.31799984,8.843999863,8.774000168,21.43000031,18.04999924,6.829999924,30.89871597,99.87999725,223.24,10.77499962,64.5,5.338,14.78999996,83.91000366,32.41999817,55.43999863,10.42000008,491.45,34.0,18.11000061,88.09999847,31.02000046,42.88000107,245.6999969,22.80999947,51.11999893
348,8.720000267,13.86999989,4.199999809,4.820000172,20.70000076,410.0,46.5,21.37000084,46.43999863,61.22999954,92.01999664,90.41999817,35.08000183,8.461999893,8.777000427,8.711999893,21.44000053,17.87000084,6.78000021,30.48502159,99.58999634,221.35,10.77499962,64.33333588,5.3,14.68999958,83.94999695,32.16999817,55.63999939,10.52999973,496.8,34.09999847,17.82999992,87.80000305,30.48999977,43.40000153,260.0,22.28000069,49.84000015
349,8.720000267,13.86999989,4.199999809,4.820000172,20.70000076,390.0,46.29000092,21.90999985,47.15999985,60.47000122,92.55000305,89.81999969,34.56999969,8.468000412,8.87899971,8.748000145,21.79000092,17.96999931,6.820000172,30.10699081,100.75,226.71,10.80500031,63.40000153,5.285,14.84000015,83.12999725,31.54000092,57.22000122,10.55000019,509.35,33.97000122,18.03000069,87.30000305,31.04999924,44.52999878,260.2000122,22.84000015,50.52000046
350,8.720000267,13.86999989,4.199999809,4.820000172,20.70000076,390.0,46.29000092,21.90999985,47.15999985,60.47000122,92.55000305,89.81999969,34.56999969,8.468000412,8.87899971,8.748000145,21.79000092,17.96999931,6.820000172,30.10699081,100.75,226.71,10.80500031,63.40000153,5.285,14.84000015,83.12999725,31.54000092,57.22000122,10.55000019,509.35,33.97000122,18.03000069,87.30000305,31.04999924,44.52999878,260.2000122,22.84000015,50.52000046
351,8.720000267,13.86999989,4.199999809,4.820000172,20.70000076,391.0,46.29000092,21.90999985,47.15999985,60.47000122,92.55000305,89.81999969,34.56999969,8.465000153,9.123000145,8.836000443,21.79000092,17.96999931,6.820000172,30.10699081,100.75,229.22,10.75500011,62.76666641,5.301,14.84000015,83.12999725,31.04999924,57.65999985,10.55000019,521.45,33.88999939,18.03000069,86.69999695,34.25,44.52999878,264.2000122,22.84000015,50.52000046
352,9.539999962,13.86999989,4.199999809,4.820000172,20.70000076,383.0,45.22000122,23.18000031,48.84999847,57.88000107,93.12999725,88.37999725,34.75999832,8.30300045,9.079000473,8.68599987,21.92000008,18.37999916,6.960000038,29.94293976,98.70999908,232.46,10.59500027,63.73333359,5.2825,15.03999996,81.19000244,32.09999847,58.11999893,10.69999981,525.6,33.36999893,18.79000092,90.25,34.11999893,44.54999924,273.2999878,22.90999985,52.04000092
353,9.970000267,13.86999989,4.199999809,4.820000172,20.70000076,376.0,45.43000031,23.57999992,49.36000061,55.81999969,95.91999817,89.19999695,34.52000046,8.30300045,9.163000107,8.788000107,21.94000053,18.35000038,6.889999866,30.07845879,95.83999634,229.14,10.69999981,63.33333206,5.269,15.13000011,80.68000031,30.39999962,57.58000183,10.92000008,515.15,32.88999939,19.04999924,91.09999847,35.54000092,44.54999924,267.1000061,23.09000015,52.84999847
354,10.11999989,14.40999985,4.380000114,4.909999847,20.72999954,368.0,45.43999863,22.45999908,47.68999863,52.00999832,95.0,89.52999878,34.45999908,8.199999809,9.097000122,8.715999603,21.56999969,17.82999992,6.78000021,30.45649147,91.37999725,224.47,10.58500004,66.0,5.201,14.77999973,80.73000336,26.93000031,56.68000031,10.81999969,506.85,32.43999863,18.77000046,93.09999847,35.25,44.95000076,259.5,22.26000023,52.02000046
355,9.909999847,14.71000004,4.320000172,5.03000021,21.19000053,358.0,46.20000076,22.87000084,48.41999817,52.77999878,95.80000305,88.43000031,34.65999985,8.196000099,9.197999954,8.684000015,21.55999947,17.88999939,7.0,29.51497841,90.95999908,226.0,10.51000023,65.03333282,5.205,14.96000004,78.09999847,28.17000008,56.11999893,10.05000019,512.75,32.47000122,18.97999954,91.09999847,34.09999847,44.68000031,254.8999939,22.63999939,52.36999893
356,9.909999847,14.71000004,4.320000172,5.03000021,21.19000053,358.0,46.20000076,22.87000084,48.41999817,52.77999878,95.80000305,88.43000031,34.65999985,8.196000099,9.197999954,8.684000015,21.55999947,17.88999939,7.0,29.51497841,90.95999908,226.0,10.51000023,65.03333282,5.205,14.96000004,78.09999847,28.17000008,56.11999893,10.05000019,512.75,32.47000122,18.97999954,91.09999847,34.09999847,44.68000031,254.8999939,22.63999939,52.36999893
357,10.06000042,14.47999954,4.449999809,5.190000057,21.27000046,358.0,44.34999847,23.62999916,50.88000107,48.04000092,98.38999939,88.34999847,35.06000137,8.076999664,9.355999947,8.548000336,21.53000069,18.38999939,7.46999979,28.95863152,86.61000061,225.63,10.28999996,63.76666641,5.1745,15.17000008,75.09999847,27.04000092,56.25999832,7.940000057,516.0,31.72999954,20.52000046,90.09999847,36.18999863,45.06000137,246.1000061,22.90999985,54.29999924
358,10.39999962,14.27000046,4.480000019,5.119999886,21.27000046,358.0,43.72999954,24.22999954,52.09999847,46.34999847,99.62999725,89.04000092,35.61999893,7.977000237,9.423999786,8.649999619,21.79000092,18.90999985,7.71999979,29.10128403,86.97000122,225.63,10.25500011,65.09999847,5.1745,15.28999996,74.70999908,25.21999931,56.20000076,8.470000267,516.0,31.54000092,20.93000031,92.05000305,37.29999924,44.47999954,237.6000061,23.84000015,55.04999924
359,9.640000343,14.32999992,4.360000134,5.179999828,20.22999954,349.0,42.79999924,25.29999924,54.66999817,48.75999832,103.3099976,87.33999634,35.75,7.920000076,9.576999664,8.557999611,22.10000038,19.62999916,8.119999886,28.6661911,88.02999878,222.55,10.39500046,65.30000305,5.146,15.72000027,73.76000214,25.88999939,54.43999863,8.720000267,518.25,31.52000046,21.53000069,94.05000305,40.43000031,44.90999985,226.0,23.90999985,56.70000076
360,9.859999657,14.15999985,4.429999828,5.269999981,19.95000076,349.0,41.22000122,25.59000015,53.02999878,45.61999893,102.3499985,87.12000275,34.97999954,7.840000153,9.680000305,8.491999626,21.71999931,19.87999916,8.06000042,27.76034164,81.40000153,221.7,10.28999996,67.2666626,5.1575,15.28999996,74.05999756,24.97999954,54.54000092,8.270000458,529.35,31.29999924,20.64999962,96.0,43.88000107,43.15000153,236.6999969,23.45000076,55.75999832
361,9.25,13.94999981,4.360000134,5.170000076,20.19000053,342.0,42.20999908,24.40999985,52.00999832,46.93000031,100.0,85.58999634,33.81000137,7.843999863,9.482000351,8.449999809,21.31999969,18.95999908,7.639999866,27.53209686,81.01999664,217.56,10.42500019,65.3666687,5.1225,14.69999981,73.48000336,25.21999931,54.45999908,7.929999828,523.35,31.34000015,19.86000061,95.15000153,43.91999817,41.93000031,230.8999939,22.84000015,54.36999893
362,9.25,13.94999981,4.360000134,5.170000076,20.19000053,342.0,42.20999908,24.40999985,52.00999832,46.93000031,100.0,85.58999634,33.81000137,7.843999863,9.482000351,8.449999809,21.31999969,18.95999908,7.639999866,27.53209686,81.01999664,217.56,10.42500019,65.3666687,5.1225,14.69999981,73.48000336,25.21999931,54.45999908,7.929999828,523.35,31.34000015,19.86000061,95.15000153,43.91999817,41.93000031,230.8999939,22.84000015,54.36999893
363,9.149999619,14.14999962,4.369999886,5.110000134,21.04000092,354.0,42.70999908,24.57999992,52.61000061,49.59000015,102.0500031,87.04000092,34.75,7.947000027,9.56099987,8.5,22.37999916,19.25,8.119999886,28.03851509,84.88999939,221.47,10.40499973,67.1333313,5.102,15.03999996,75.91000366,25.98999977,54.38000107,7.809999943,524.1,31.55999947,20.23999977,97.90000153,45.31999969,42.54000092,234.6999969,23.59000015,56.40000153
364,8.840000153,14.78999996,4.269999981,5.170000076,21.26000023,341.0,42.75,24.77000046,52.27999878,47.93999863,102.4400024,87.23999786,35.02000046,7.802000046,9.491999626,8.5,22.35000038,19.26000023,7.980000019,28.03851509,83.19000244,222.74,10.36499977,68.1333313,5.0975,15.09000015,75.54000092,26.46999931,54.58000183,7.739999771,526.0,30.65999985,20.67000008,100.3499985,45.29999924,43.31999969,229.8000031,23.71999931,56.06999969
365,9.159999847,15.17000008,4.309999943,5.260000229,21.28000069,349.0,42.25999832,25.57999992,53.65999985,43.41999817,103.5899963,87.26999664,35.13999939,7.625999928,9.659999847,8.293999672,22.43000031,19.31999969,7.869999886,28.19543457,78.87999725,222.15,10.01000023,68.40000153,5.085,15.17000008,72.51999664,24.20999908,53.0,7.429999828,533.8,30.15999985,20.75,105.25,44.31999969,44.04000092,218.0,23.73999977,56.52000046
366,9.090000153,15.34000015,4.329999924,5.230000019,20.09000015,345.0,40.54000092,26.03000069,55.61999893,41.45999908,104.5,86.45999908,35.20000076,7.842999935,9.876000404,8.380000114,22.92000008,19.39999962,8.039999962,28.36661911,75.36000061,221.14,10.30500031,67.6333313,5.0615,15.68999958,71.29000092,22.88999939,50.65999985,7.630000114,540.1,30.89999962,21.22999954,109.3000031,46.27999878,44.31000137,217.0,24.11000061,58.70999908
367,9.31000042,15.46000004,4.420000076,5.21999979,19.96999931,354.0,38.77999878,26.77000046,58.34000015,40.58000183,109.0,88.52999878,35.43999863,7.873000145,10.06200027,8.43599987,23.15999985,20.32999992,8.149999619,28.27389336,73.69999695,227.0,10.18500042,67.6333313,5.049,15.86999989,70.69999695,22.44000053,49.93999863,7.760000229,561.0,31.44000053,21.98999977,107.3499985,50.81999969,45.02999878,208.5,24.26000023,60.93000031
368,9.31000042,15.46000004,4.420000076,5.21999979,19.96999931,354.0,38.77999878,26.77000046,58.34000015,40.58000183,109.0,88.52999878,35.43999863,7.873000145,10.06200027,8.43599987,23.15999985,20.32999992,8.149999619,28.27389336,73.69999695,227.0,10.18500042,67.6333313,5.049,15.86999989,70.69999695,22.44000053,49.93999863,7.760000229,561.0,31.44000053,21.98999977,107.3499985,50.81999969,45.02999878,208.5,24.26000023,60.93000031
369,9.5,15.01000023,4.510000229,5.429999828,18.79000092,372.0,38.43000031,26.54000092,58.77999878,39.61000061,109.75,90.22000122,35.84999847,8.083999634,10.18000031,8.548000336,23.06999969,19.87999916,8.100000381,29.02282524,71.44999695,227.0,10.39999962,69.06666565,5.049,16.21999931,70.86000061,22.54000092,49.36999893,7.210000038,561.0,31.5,22.01000023,109.0500031,52.91999817,45.65000153,213.3000031,24.12000084,60.86999893
370,9.260000229,14.69999981,4.46999979,5.320000172,18.46999931,391.0,40.81999969,26.11000061,57.90000153,43.93000031,109.5,90.94999695,35.61999893,8.102999687,10.14000034,8.737999916,23.02000046,19.87999916,8.050000191,29.62196922,76.66999817,232.1,10.69999981,67.03333282,5.0315,15.67000008,74.01999664,24.37999916,51.0,7.269999981,570.6,32.24000168,21.86000061,107.0,51.95999908,45.33000183,227.5,23.55999947,59.93000031
371,9.020000458,14.30000019,4.389999866,5.28000021,18.42000008,370.0,39.84000015,26.64999962,59.41999817,43.31999969,111.3700027,90.79000092,35.90999985,8.215000153,10.22000027,8.831999779,23.25,20.60000038,8.579999924,29.85734749,75.72000122,231.69,10.72500038,65.90000153,5.047,16.23999977,74.45999908,23.70000076,52.31999969,7.840000153,561.15,32.31999969,22.51000023,107.3499985,52.91999817,46.02999878,229.8999939,24.39999962,61.77000046
372,9.300000191,14.89999962,4.440000057,5.329999924,18.87000084,385.0,41.16999817,26.64999962,59.83000183,46.95000076,111.1900024,90.69000244,36.34000015,8.326000214,10.30000019,8.857999802,23.29999924,20.44000053,8.359999657,29.97860146,81.01999664,232.47,10.875,65.90000153,5.07,16.20000076,74.86000061,23.96999931,54.13999939,8.25,572.0,32.72000122,23.01000023,107.3499985,55.20000076,46.56000137,237.8000031,23.89999962,61.31000137
373,8.979999542,15.32999992,4.449999809,5.599999905,18.81999969,387.0,41.09999847,26.95999908,59.18999863,45.97999954,111.5599976,91.40000153,36.40999985,8.255000114,10.41800022,8.812000275,23.45000076,20.68000031,8.479999542,30.37803078,81.94999695,233.8,10.75,67.53333282,5.0555,16.35000038,75.66999817,23.10000038,53.31999969,8.119999886,572.25,32.45000076,23.53000069,113.25,60.81999969,46.70000076,234.6000061,23.93000031,61.97000122
374,8.979999542,15.32999992,4.449999809,5.599999905,18.81999969,387.0,41.09999847,26.95999908,59.18999863,45.97999954,111.5599976,91.40000153,36.40999985,8.255000114,10.41800022,8.812000275,23.45000076,20.68000031,8.479999542,30.37803078,81.94999695,233.8,10.75,67.53333282,5.0555,16.35000038,75.66999817,23.10000038,53.31999969,8.119999886,572.25,32.45000076,23.53000069,113.25,60.81999969,46.70000076,234.6000061,23.93000031,61.97000122
375,9.119999886,15.10999966,4.510000229,5.639999866,18.46999931,388.0,41.27000046,26.48999977,58.15999985,44.84000015,110.25,92.33000183,36.59999847,8.180999756,10.33399963,8.831999779,23.70000076,20.70999908,8.31000042,30.92724609,82.52999878,237.79,10.76000023,67.3666687,5.188,16.32999992,75.51999664,22.79999924,53.68000031,8.18999958,576.4,32.68999863,23.29000092,111.5500031,60.47999954,47.13999939,233.0,23.67000008,60.38999939
376,9.069999695,15.81999969,4.46999979,5.659999847,18.37000084,394.0,42.08000183,26.07999992,56.58000183,42.52000046,107.6399994,93.01999664,36.45000076,8.237999916,10.23999977,8.826000214,23.29000092,20.21999931,8.090000153,30.92724609,82.45999908,234.02,10.90499973,66.93333435,5.227,15.92000008,75.37999725,22.85000038,53.18000031,8.109999657,571.2,32.09999847,22.76000023,109.6999969,59.43999863,46.90000153,234.1999969,23.21999931,59.11000061
377,8.949999809,15.22999954,4.440000057,5.460000038,18.46999931,354.0,40.97999954,26.46999931,56.83000183,41.40000153,108.0299988,91.84999847,36.63000107,8.161999702,10.30000019,8.727999687,23.12999916,20.40999985,8.140000343,30.64907265,80.13999939,229.9,10.68000031,65.46666718,5.1545,16.21999931,72.95999908,21.54999924,51.20000076,8.430000305,555.85,31.23999977,23.27000046,103.3000031,55.5,46.79999924,220.6000061,23.37999916,59.36999893
378,8.770000458,15.68000031,4.409999847,5.480000019,18.15999985,357.0,39.74000168,25.40999985,53.38000107,42.86000061,104.1200027,92.33000183,35.84000015,8.06400013,10.3380003,8.696000099,22.29000092,19.57999992,7.769999981,30.45649147,77.61000061,224.35,10.67000008,64.83333588,5.085,15.76000023,71.12999725,22.20999908,49.25999832,8.229999542,544.05,31.29999924,21.70000076,100.5500031,55.59999847,45.5,219.5,22.76000023,56.81000137
379,8.359999657,15.88000011,4.320000172,5.489999771,17.67000008,370.0,39.66999817,25.44000053,52.59999847,45.43000031,103.3799973,92.72000122,36.27000046,8.305999756,10.17399979,8.819999695,22.48999977,19.53000069,7.980000019,30.64907265,79.97000122,225.4,10.89500046,65.83333588,5.0875,15.92000008,70.83999634,21.85000038,49.0,8.489999771,560.3,31.85000038,22.02000046,104.1500015,56.25999832,45.66999817,223.1000061,22.95000076,56.49000168
380,8.359999657,15.88000011,4.320000172,5.489999771,17.67000008,370.0,39.66999817,25.44000053,52.59999847,45.43000031,103.3799973,92.72000122,36.27000046,8.305999756,10.17399979,8.819999695,22.48999977,19.53000069,7.980000019,30.64907265,79.97000122,225.4,10.89500046,65.83333588,5.0875,15.92000008,70.83999634,21.85000038,49.0,8.489999771,560.3,31.85000038,22.02000046,104.1500015,56.25999832,45.66999817,223.1000061,22.95000076,56.49000168
381,8.340000153,16.75,4.360000134,5.710000038,17.95999908,371.0,40.47999954,25.35000038,52.24000168,48.79999924,102.5400009,93.12000275,36.27000046,8.324000359,10.14599991,8.826000214,22.88999939,19.57999992,8.100000381,30.5206852,81.83000183,221.88,10.78999996,66.09999847,5.075,15.77999973,71.69000244,23.29000092,49.56999969,8.369999886,562.65,31.92000008,21.54000092,104.75,53.5,45.52000046,227.1000061,22.98999977,55.90999985
382,8.260000229,16.55999947,4.320000172,5.519999981,17.29999924,370.0,40.90000153,24.05999947,51.70999908,47.41999817,101.9700012,94.01999664,36.20000076,8.399999619,9.979999542,9.083999634,22.29999924,18.82999992,7.71999979,30.52781677,80.51999664,221.62,10.98999977,64.5,5.022,15.68000031,74.01999664,22.35000038,49.08000183,8.149999619,565.1,32.72999954,20.37000084,104.5500031,48.95000076,45.41999817,230.1000061,23.01000023,55.22000122
383,8.109999657,16.32999992,4.269999981,5.650000095,16.90999985,361.0,40.59999847,24.75,53.20999908,44.99000168,104.6999969,94.38999939,36.81999969,8.425999641,10.24600029,9.149999619,22.37000084,19.54999924,7.630000114,30.62054253,80.72000122,223.65,10.92500019,63.03333282,5.042,16.19000053,72.83000183,21.79000092,49.20000076,8.010000229,568.05,32.54000092,21.11000061,101.25,51.93999863,46.66999817,226.5,23.48999977,56.34000015
384,8.079999924,16.27000046,4.28000021,5.369999886,16.88999939,376.0,41.18999863,24.56999969,53.56999969,44.43000031,105.0699997,95.52999878,36.68000031,8.442000389,10.11200047,9.543999672,22.27000046,19.13999939,7.760000229,30.93437958,80.73000336,224.84,10.97999954,60.59999847,5.0445,16.36000061,73.44999695,21.54000092,48.49000168,8.109999657,574.65,32.49000168,21.04000092,98.65000153,49.90000153,47.0,227.6999969,23.94000053,56.18000031
385,8.399999619,16.39999962,4.289999962,5.480000019,17.43000031,377.0,41.70999908,25.22999954,55.04000092,46.84000015,107.4800034,95.83000183,37.08000183,8.427000046,10.23200035,9.56400013,23.0,19.71999931,7.929999828,31.04850197,85.69000244,227.3,10.97500038,60.59999847,5.0415,16.79999924,74.05999756,22.20000076,48.27999878,8.109999657,582.2,32.63000107,21.29000092,103.4499969,50.24000168,47.72999954,237.3999939,24.55999947,57.70999908
386,8.399999619,16.39999962,4.289999962,5.480000019,17.43000031,377.0,41.70999908,25.22999954,55.04000092,46.84000015,107.4800034,95.83000183,37.08000183,8.427000046,10.23200035,9.56400013,23.0,19.71999931,7.929999828,31.04850197,85.69000244,227.3,10.97500038,60.59999847,5.0415,16.79999924,74.05999756,22.20000076,48.27999878,8.109999657,582.2,32.63000107,21.29000092,103.4499969,50.24000168,47.72999954,237.3999939,24.55999947,57.70999908
387,8.279999733,15.80000019,4.300000191,5.5,17.37999916,372.0,41.59000015,25.18000031,53.84000015,45.08000183,106.9199982,97.58000183,37.20000076,8.506999969,10.34799957,9.793999672,22.57999992,19.78000069,7.820000172,31.20542145,81.61000061,228.74,11.03499985,60.59999847,5.058,16.75,74.80000305,22.89999962,47.18999863,8.149999619,575.3,32.70999908,21.04000092,103.4499969,49.34000015,47.74000168,243.3999939,24.04000092,57.40000153
388,8.229999542,15.31000042,4.300000191,5.389999866,17.92000008,375.0,42.65000153,24.87999916,53.43000031,48.86999893,105.9300003,96.23999786,36.63999939,8.432999611,10.4119997,9.758000374,22.36000061,19.59000015,7.760000229,31.02710342,86.52999878,225.93,10.89500046,61.03333282,5.079,16.62000084,74.22000122,23.61000061,46.15999985,8.149999619,570.25,32.40000153,21.07999992,103.5999985,47.58000183,46.22999954,249.0,23.68000031,56.68999863
389,8.130000114,15.39000034,4.300000191,5.5,18.54999924,369.0,42.59999847,24.35000038,52.97000122,49.63000107,104.7900009,96.52999878,36.40000153,8.493000031,10.49400043,9.923999786,22.02000046,19.45999908,7.679999828,31.19828796,87.30000305,227.24,10.98499966,61.23333359,5.12,16.64999962,75.61000061,25.19000053,45.25999832,8.479999542,572.6,33.41999817,20.89999962,103.25,47.20999908,45.75,260.3999939,23.69000053,55.83000183
390,8.109999657,15.46000004,4.28000021,5.449999809,18.95000076,361.0,42.77000046,24.57999992,54.02000046,48.50999832,105.75,96.27999878,36.83000183,8.43500042,10.56999969,9.951000214,22.27000046,19.69000053,7.849999905,31.31954384,86.15000153,226.94,11.03499985,62.09999847,5.092,16.84000015,75.76999664,25.19000053,46.38999939,8.270000458,568.9,34.29000092,21.53000069,105.0500031,49.13000107,46.81000137,260.3999939,23.89999962,57.38999939
391,8.109999657,14.96000004,4.28000021,5.320000172,18.65999985,358.0,42.77000046,24.57999992,54.02000046,48.50999832,105.75,96.27999878,36.83000183,8.43500042,10.56999969,9.951000214,22.27000046,19.69000053,7.849999905,31.31954384,86.15000153,228.4,11.03499985,62.09999847,5.101,16.84000015,75.76999664,25.19000053,46.38999939,8.270000458,566.65,34.29000092,21.53000069,105.0500031,49.13000107,46.81000137,260.3999939,23.89999962,57.38999939
392,8.109999657,14.96000004,4.28000021,5.320000172,18.65999985,358.0,42.77000046,24.57999992,54.02000046,48.50999832,105.75,96.27999878,36.83000183,8.43500042,10.56999969,9.951000214,22.27000046,19.69000053,7.849999905,31.31954384,86.15000153,228.4,11.03499985,62.09999847,5.101,16.84000015,75.76999664,25.19000053,46.38999939,8.270000458,566.65,34.29000092,21.53000069,105.0500031,49.13000107,46.81000137,260.3999939,23.89999962,57.38999939
393,8.109999657,14.96000004,4.28000021,5.320000172,18.65999985,363.0,43.65000153,24.26000023,52.20999908,46.41999817,104.5100021,96.93000031,36.97999954,8.43500042,10.56999969,9.951000214,22.26000023,19.46999931,7.820000172,31.72610664,83.12000275,225.06,11.03499985,60.5,5.06,16.65999985,76.77999878,25.19000053,46.38999939,8.380000114,560.15,34.29000092,21.14999962,103.3499985,49.13000107,46.97000122,260.3999939,23.75,56.5
394,8.109999657,14.96000004,4.25,5.340000153,18.89999962,354.0,43.43000031,25.10000038,52.58000183,47.75,103.5800018,97.56999969,36.77000046,8.553999901,10.47399998,9.835000038,22.59000015,19.76000023,7.809999943,31.78316689,84.20999908,222.95,11.29500008,60.76666641,5.0125,16.70000076,77.55999756,26.29000092,45.47000122,8.409999847,547.55,33.88999939,21.13999939,104.6999969,49.95999908,46.95000076,249.8000031,23.77000046,56.34000015
395,8.140000343,14.97999954,4.269999981,5.400000095,18.70000076,353.0,42.34000015,25.37000084,52.38000107,45.72000122,104.1900024,97.81999969,36.74000168,8.586000443,10.45600033,9.795000076,22.56999969,19.79999924,7.800000191,32.06134033,81.0,224.51,11.24499989,61.79999924,5.0115,16.93000031,77.41000366,24.69000053,45.54999924,8.420000076,551.5,33.88999939,21.02000046,104.4499969,47.95000076,47.15999985,245.0,24.12000084,56.59000015
396,7.820000172,14.75,4.260000229,5.340000153,18.28000069,346.0,42.88999939,24.71999931,51.24000168,44.81999969,103.0199966,97.62000275,37.11000061,8.651000023,10.26000023,9.949000359,23.12000084,19.26000023,7.880000114,32.02567673,81.19000244,224.3,11.53499985,61.96666718,4.9915,16.82999992,77.76000214,25.28000069,45.04000092,8.369999886,549.3,34.61000061,21.03000069,104.9499969,47.68000031,47.04999924,250.8399963,23.68000031,56.0
397,7.909999847,14.94999981,4.269999981,5.28000021,18.09000015,356.0,43.52000046,24.38999939,51.22999954,43.36999893,102.9199982,97.54000092,36.88000107,8.593999863,10.19999981,9.901000023,22.87999916,18.93000031,8.039999962,31.97574806,79.61000061,222.15,11.51000023,61.1333313,4.935,16.53000069,77.94000244,25.32999992,45.59000015,8.289999962,538.0,34.52000046,20.87000084,104.0999985,46.91999817,46.81999969,250.9600067,23.60000038,55.86999893
398,7.909999847,14.94999981,4.269999981,5.28000021,18.09000015,356.0,43.52000046,24.38999939,51.22999954,43.36999893,102.9199982,97.54000092,36.88000107,8.593999863,10.19999981,9.901000023,22.87999916,18.93000031,8.039999962,31.97574806,79.61000061,222.15,11.51000023,61.1333313,4.935,16.53000069,77.94000244,25.32999992,45.59000015,8.289999962,538.0,34.52000046,20.87000084,104.0999985,46.91999817,46.81999969,250.9600067,23.60000038,55.86999893
399,7.980000019,14.72999954,4.28000021,5.289999962,17.62000084,355.0,43.31999969,24.62000084,50.86000061,43.27000046,101.7799988,97.63999939,36.72999954,8.579999924,10.1619997,10.03199959,23.0,18.96999931,8.069999695,31.91155434,78.75,222.87,11.43000031,58.0,4.994,16.5,77.63999939,24.46999931,45.59999847,8.270000458,540.15,34.52999878,20.76000023,92.19999695,46.09000015,46.86000061,240.0399933,23.45000076,55.5
400,7.909999847,14.47000027,4.25,5.25,17.29999924,348.0,43.74000168,24.62000084,50.79000092,43.54000092,102.2399979,98.5,36.72999954,8.62100029,10.22599983,9.94299984,22.94000053,19.13999939,8.0,32.21826172,78.98999786,227.99,11.44999981,59.20000076,4.9925,16.48999977,79.04000092,25.06999969,47.06999969,8.270000458,551.95,34.22000122,20.61000061,95.84999847,45.38000107,47.0,240.0,23.70000076,55.70999908
401,8.050000191,14.61999989,4.25,5.409999847,17.45999908,337.0,42.95000076,25.54000092,52.68999863,42.65999985,104.2699966,98.79000092,37.09000015,8.508999825,10.48799992,9.788000107,23.13999939,19.77000046,8.020000458,32.41797256,78.56999969,235.32,11.39000034,59.20000076,4.986,16.64999962,79.12999725,25.05999947,47.54999924,8.489999771,552.1,33.99000168,21.43000031,95.84999847,49.63999939,47.34999847,237.7599945,23.64999962,57.31999969
402,8.180000305,14.46000004,4.269999981,5.260000229,17.52000046,338.0,43.25,25.20000076,51.90000153,42.70999908,103.4199982,99.75,37.31000137,8.581000328,10.36400032,9.786000252,22.95999908,19.87000084,8.06000042,32.64622116,77.16999817,234.63,11.52000046,60.06666565,4.9455,16.71999931,80.18000031,25.26000023,48.77999878,8.100000381,556.5,34.04999924,21.10000038,94.15000153,49.06999969,47.91999817,242.5599976,23.84000015,56.97999954
403,8.430000305,14.68999958,4.309999943,5.329999924,17.59000015,322.0,42.91999817,25.18000031,51.09000015,44.11000061,102.9599991,100.6699982,37.31999969,8.659000397,10.35000038,9.840999603,22.93000031,19.80999947,7.869999886,32.9243927,80.13999939,235.1,11.58500004,60.09999847,4.954,16.54000092,80.94000244,26.05999947,49.66999817,8.119999886,555.05,34.22000122,20.88999939,97.15000153,47.72999954,47.65000153,248.0,23.62000084,56.65999985
404,8.430000305,14.68999958,4.309999943,5.329999924,17.59000015,322.0,42.91999817,25.18000031,51.09000015,44.11000061,102.9599991,100.6699982,37.31999969,8.659000397,10.35000038,9.840999603,22.93000031,19.80999947,7.869999886,32.9243927,80.13999939,235.1,11.58500004,60.09999847,4.954,16.54000092,80.94000244,26.05999947,49.66999817,8.119999886,555.05,34.22000122,20.88999939,97.15000153,47.72999954,47.65000153,248.0,23.62000084,56.65999985
405,8.390000343,14.88000011,4.289999962,5.320000172,17.89999962,321.0,41.5,25.30999947,50.88999939,42.59000015,103.2600021,100.1999969,37.38000107,8.661999702,10.32400036,10.03600025,22.96999931,19.85000038,8.039999962,32.45363617,80.20999908,231.17,11.60499954,58.73333359,4.9405,16.62000084,79.79000092,24.56999969,50.56000137,8.539999962,548.05,33.83000183,20.88999939,93.80000305,47.38999939,47.59999847,244.4799957,23.69000053,56.47999954
406,8.359999657,15.31000042,4.269999981,5.309999943,18.25,321.0,40.02000046,24.78000069,48.65000153,42.90999985,101.3300018,101.4100037,36.79999924,8.555000305,10.07400036,10.0539999,22.86000061,19.35000038,7.929999828,32.6676178,79.36000061,230.0,11.42500019,58.53333282,4.91,16.54999924,80.52999878,23.73999977,49.95999908,8.329999924,541.05,33.06000137,20.03000069,93.59999847,46.33000183,47.29000092,236.3200073,23.45000076,55.29000092
407,8.229999542,14.80000019,4.230000019,5.239999771,17.75,313.0,40.06000137,24.95999908,50.04000092,44.5,102.7300034,101.0899963,37.33000183,8.487000465,10.14999962,9.93999958,23.04000092,19.51000023,7.980000019,32.58202744,83.65000153,230.84,11.43000031,58.53333282,5.019,16.69000053,77.97000122,23.5,49.41999817,8.329999924,545.7,32.56999969,20.37999916,93.59999847,46.79000092,47.86000061,241.0,23.55999947,56.0
408,8.18999958,14.76000023,4.170000076,5.239999771,17.54999924,316.0,40.27000046,24.34000015,49.45999908,44.81999969,100.9499969,100.0800018,37.00999832,8.718000412,10.16800022,10.10999966,23.01000023,19.54999924,8.06000042,32.15406418,87.15000153,230.93,11.67000008,58.56666565,4.992,16.36000061,78.31999969,25.28000069,50.25999832,8.489999771,541.6,34.04000092,20.07999992,94.25,47.20999908,47.27999878,265.6000061,23.23999977,55.27000046
409,8.180000305,14.53999996,4.170000076,5.099999905,17.70000076,317.0,40.86999893,24.52000046,49.72000122,45.75,101.5500031,99.84999847,37.09000015,8.734999657,10.10200024,10.07400036,23.28000069,19.86000061,8.18999958,32.03281021,88.55999756,232.62,11.69499969,58.70000076,5.057,16.78000069,78.23999786,25.30999947,50.74000168,8.43999958,538.5,33.88000107,20.37000084,95.65000153,46.99000168,47.50999832,262.7999878,23.61000061,55.56999969
410,8.180000305,14.53999996,4.170000076,5.099999905,17.70000076,317.0,40.86999893,24.52000046,49.72000122,45.75,101.5500031,99.84999847,37.09000015,8.734999657,10.10200024,10.07400036,23.28000069,19.86000061,8.18999958,32.03281021,88.55999756,232.62,11.69499969,58.70000076,5.057,16.78000069,78.23999786,25.30999947,50.74000168,8.43999958,538.5,33.88000107,20.37000084,95.65000153,46.99000168,47.50999832,262.7999878,23.61000061,55.56999969
411,8.170000076,14.35999966,4.170000076,5.110000134,17.90999985,318.0,41.15999985,24.92000008,50.25,46.25999832,101.5199966,99.19999695,37.18000031,8.640000343,10.14799976,10.02799988,23.28000069,20.05999947,8.180000305,31.84736061,89.79000092,233.23,11.56000042,58.79999924,5.1485,16.90999985,77.93000031,25.85000038,51.13999939,8.539999962,530.6,33.70999908,20.54000092,96.30000305,48.34000015,47.81999969,265.2799988,23.96999931,55.68000031
412,8.130000114,14.17000008,4.139999866,5.070000172,17.26000023,319.0,40.70000076,24.94000053,51.29999924,45.56999969,102.6999969,98.61000061,37.66999817,8.552000046,10.10999966,10.0539999,23.27000046,20.32999992,8.409999847,31.76890182,89.69000244,232.0,11.57999992,59.23333359,5.0985,17.0,77.27999878,25.98999977,51.40000153,8.31000042,528.0,33.56000137,20.86000061,98.0,48.97000122,48.70999908,276.3500061,23.94000053,56.40999985
413,8.140000343,14.22000027,4.170000076,5.239999771,17.26000023,316.0,40.61000061,25.63999939,53.04000092,44.00999832,105.2200012,98.56999969,38.15000153,8.447999954,10.20400047,10.01799965,23.63999939,21.01000023,8.600000381,31.81883049,88.69999695,232.96,11.36499977,59.59999847,5.0195,17.44000053,77.08999634,25.05999947,51.13999939,8.800000191,527.95,32.93000031,21.56999969,97.94999695,49.66999817,49.34000015,266.1000061,24.43000031,58.11000061
414,8.239999771,13.80000019,4.199999809,5.230000019,16.72999954,316.0,40.24000168,25.5,53.13000107,42.88999939,106.9000015,99.55000305,38.56999969,8.338000298,10.20199966,10.03800011,23.40999985,21.19000053,8.840000153,32.01854324,87.29000092,230.51,11.35999966,59.26666641,4.9595,17.29000092,77.22000122,24.89999962,52.04000092,8.56000042,528.75,31.68000031,21.76000023,97.65000153,56.18000031,49.63999939,258.2000122,24.57999992,58.93999863
415,8.239999771,13.76000023,4.25,5.21999979,16.53000069,323.0,39.29000092,25.15999985,51.13999939,41.24000168,103.0699997,100.6900024,38.56999969,8.267000198,9.930000305,10.02600002,23.01000023,20.27000046,8.609999657,32.05420685,76.52999878,231.38,11.23499966,60.56666565,4.941,17.04999924,77.51000214,24.18000031,50.40000153,8.479999542,525.2,31.54000092,21.42000008,98.84999847,54.09999847,49.47000122,258.2000122,24.36000061,57.24000168
416,8.239999771,13.76000023,4.25,5.21999979,16.53000069,323.0,39.29000092,25.15999985,51.13999939,41.24000168,103.0699997,100.6900024,38.56999969,8.267000198,9.930000305,10.02600002,23.01000023,20.27000046,8.609999657,32.05420685,76.52999878,231.38,11.23499966,60.56666565,4.941,17.04999924,77.51000214,24.18000031,50.40000153,8.479999542,525.2,31.54000092,21.42000008,98.84999847,54.09999847,49.47000122,258.2000122,24.36000061,57.24000168
417,8.159999847,13.76000023,4.25,5.21999979,16.53000069,323.0,38.36999893,25.69000053,52.74000168,41.33000183,105.5299988,100.7099991,38.77000046,8.355999947,10.10000038,10.14400005,22.95000076,20.56999969,8.630000114,32.01854324,75.76999664,231.38,11.39000034,60.96666718,4.941,17.26000023,76.69999695,23.92000008,51.36000061,8.479999542,525.2,31.80999947,21.94000053,99.84999847,54.09999847,49.84000015,247.0,24.77000046,58.81999969
418,8.289999962,13.76000023,4.25,5.21999979,16.53000069,323.0,37.45999908,25.92000008,52.56999969,39.20000076,106.1100006,100.7799988,38.97999954,8.206000328,10.10000038,10.11200047,23.15999985,20.40999985,8.81000042,31.94008636,73.81999969,233.8,11.18000031,60.93333435,4.9695,17.17000008,75.69000244,20.12999916,50.95999908,8.25,537.15,30.94000053,21.88999939,101.0500031,53.95999908,49.56999969,230.3999939,24.57999992,59.18999863
419,8.43999958,13.76000023,4.25,5.21999979,16.53000069,323.0,37.49000168,26.78000069,55.43999863,39.00999832,108.9599991,99.36000061,39.93999863,8.288999557,10.30799961,10.3760004,23.29999924,20.97999954,8.949999809,31.04850197,74.38999939,237.5,11.36499977,61.46666718,5.0275,17.51000023,73.77999878,19.44499969,52.45999908,8.680000305,538.65,31.59000015,22.75,102.0,55.93999863,50.20999908,248.8000031,24.92000008,60.97000122
420,8.640000343,13.72999954,4.380000114,5.230000019,16.81999969,341.0,36.59000015,26.5,55.70000076,39.20000076,109.0199966,100.5400009,39.79000092,8.267000198,10.32600021,10.44999981,23.27000046,21.10000038,9.199999809,31.72610664,73.62999725,243.0,11.34000015,61.73333359,5.05,17.64999962,74.01000214,17.5,50.43999863,8.760000229,538.55,31.29999924,22.98999977,102.9000015,56.27999878,50.77999878,232.3999939,24.96999931,61.54999924
421,8.720000267,13.78999996,4.440000057,5.360000134,16.95999908,346.0,37.04999924,26.72999954,57.09999847,39.63000107,110.0199966,100.8600006,39.65999985,8.267999649,10.31999969,10.56999969,23.25,21.81999969,9.840000153,31.86875916,74.62000275,241.7,11.52000046,63.1333313,5.087,17.84000015,74.52999878,19.45000076,51.72000122,9.069999695,536.2,32.15999985,23.62999916,102.6999969,55.79999924,50.95000076,245.0,25.29999924,62.43000031
422,8.720000267,13.78999996,4.440000057,5.360000134,16.95999908,346.0,37.04999924,26.72999954,57.09999847,39.63000107,110.0199966,100.8600006,39.65999985,8.267999649,10.31999969,10.56999969,23.25,21.81999969,9.840000153,31.86875916,74.62000275,241.7,11.52000046,63.1333313,5.087,17.84000015,74.52999878,19.45000076,51.72000122,9.069999695,536.2,32.15999985,23.62999916,102.6999969,55.79999924,50.95000076,245.0,25.29999924,62.43000031
423,9.119999886,14.05000019,4.579999924,5.369999886,16.34000015,345.0,36.74000168,26.62000084,57.0,37.38000107,109.5699997,103.7399979,40.04999924,8.274000168,10.40799999,10.65999985,23.20000076,21.57999992,9.789999962,31.75463676,72.19000244,241.41,11.47000027,66.09999847,5.0745,18.25,74.80000305,17.67000008,50.31999969,9.220000267,541.95,31.57999992,23.34000015,109.9499969,54.68000031,51.18999863,235.8000031,25.54000092,62.58000183
424,8.800000191,13.92000008,4.559999943,5.340000153,15.89000034,343.0,35.88999939,25.96999931,55.72000122,38.11000061,106.6999969,103.6299973,39.86000061,8.06400013,10.24600029,10.60200024,23.14999962,21.37999916,9.529999733,31.69757462,71.88999939,242.5,11.18999958,69.1333313,5.0705,17.96999931,74.06999969,16.72500038,49.06000137,9.350000381,532.0,30.79999924,22.88999939,109.3499985,53.56000137,50.79000092,228.6999969,25.64999962,60.59000015
425,8.829999924,13.80000019,4.690000057,5.329999924,15.77000046,338.0,34.70999908,26.19000053,55.68999863,35.54999924,107.3700027,101.2200012,39.83000183,7.992000103,10.45800018,10.5,23.30999947,21.21999931,9.550000191,30.74892998,69.73000336,241.79,11.13500023,68.53333282,5.0235,18.10000038,71.54000092,16.31999969,49.47999954,9.119999886,542.2,30.68000031,23.29999924,106.5999985,54.75999832,50.02999878,226.5,25.28000069,60.04000092
426,8.630000114,13.75,4.690000057,5.300000191,15.59000015,339.0,34.77000046,25.88999939,54.24000168,35.25,106.6800003,103.0,38.38999939,8.092000008,10.3039999,10.58199978,23.61000061,20.90999985,9.979999542,31.67617607,69.56999969,247.16,11.17500019,68.53333282,5.074,18.02000046,72.62999725,16.31999969,49.47999954,9.220000267,550.0,31.40999985,22.62999916,106.5999985,52.91999817,49.63000107,226.5,25.37999916,59.29999924
427,8.600000381,13.82999992,4.650000095,5.349999905,16.36000061,341.0,36.29999924,26.64999962,56.52000046,36.61999893,109.4700012,103.0599976,38.95000076,8.204000473,10.43000031,10.59200001,23.88999939,21.72999954,10.10999966,32.16119766,72.58000183,249.55,11.28499985,67.3666687,5.074,18.36000061,73.12000275,17.04500008,50.91999817,9.680000305,545.65,32.09000015,23.22999954,101.5,54.02000046,50.52000046,226.5,25.87999916,60.77000046
428,8.539999962,13.86999989,4.659999847,5.369999886,17.07999992,347.0,36.93000031,27.07999992,58.29999924,36.09999847,110.8099976,102.4499969,38.77999878,8.156999588,10.46399975,10.55000019,24.17000008,21.97999954,10.40999985,32.16119766,71.55000305,255.15,11.31999969,68.0,5.068,18.79999924,71.90000153,17.04500008,51.0,9.81000042,545.55,31.94000053,24.07999992,103.4499969,53.93999863,50.86999893,227.0,26.53000069,62.18999863
429,8.81000042,13.96000004,4.869999886,5.369999886,17.37999916,347.0,37.52999878,26.86000061,57.29000092,36.20999908,106.1800003,102.4899979,38.86000061,8.128000259,10.43400002,10.56000042,23.90999985,21.90999985,10.36999989,32.56062698,72.38999939,266.22,11.31000042,70.3666687,5.0745,18.70999908,72.29000092,17.10000038,52.24000168,9.720000267,540.45,32.11999893,23.82999992,105.3499985,53.77999878,50.47000122,231.3999939,26.32999992,60.43000031
430,8.81000042,13.73999977,4.800000191,5.389999866,17.20999908,347.0,39.02999878,26.18000031,55.58000183,36.95999908,103.1999969,101.1600037,37.95999908,7.96600008,10.1960001,10.48400021,23.62999916,21.37000084,10.05000019,32.48216629,74.23999786,260.9,11.27000046,71.46666718,5.0735,18.46999931,72.66000366,16.42000008,51.43999863,9.56000042,529.5,31.78000069,22.85000038,104.25,52.20000076,49.63000107,226.6000061,26.03000069,58.97999954
431,8.5,13.85999966,4.659999847,5.360000134,17.11000061,343.0,40.08000183,26.52000046,55.38999939,39.29000092,103.5599976,102.2699966,38.59000015,8.074000359,10.18000031,10.15400028,23.81999969,21.30999947,10.02000046,32.62482071,76.63999939,259.16,11.47000027,69.80000305,5.032,18.70000076,74.29000092,17.26499939,51.54000092,9.489999771,517.35,32.45000076,23.05999947,102.9499969,51.08000183,50.34999847,231.0,26.34000015,58.84000015
432,8.43999958,13.72999954,4.690000057,5.25,17.17000008,345.0,40.27999878,26.52000046,55.65000153,39.04999924,104.1200027,102.8600006,38.61000061,8.187999725,10.2840004,10.18400002,23.70999908,21.14999962,10.18999958,32.69614792,75.93000031,258.0,11.55000019,69.53333282,5.0255,18.71999931,74.44000244,18.10000038,52.20000076,9.420000076,525.55,32.61999893,23.14999962,104.9000015,52.24000168,50.15000153,232.1000061,26.38999939,58.91999817
433,8.43999958,13.72999954,4.690000057,5.25,17.17000008,345.0,40.27999878,26.52000046,55.65000153,39.04999924,104.1200027,102.8600006,38.61000061,8.187999725,10.2840004,10.18400002,23.70999908,21.14999962,10.18999958,32.69614792,75.93000031,258.0,11.55000019,69.53333282,5.0255,18.71999931,74.44000244,18.10000038,52.20000076,9.420000076,525.55,32.61999893,23.14999962,104.9000015,52.24000168,50.15000153,232.1000061,26.38999939,58.91999817
434,8.479999542,13.69999981,4.619999886,5.190000057,16.87999916,345.0,40.02000046,27.02000046,56.09999847,38.40999985,105.5999985,102.3099976,38.90000153,8.159000397,10.10999966,10.18400002,23.90999985,21.46999931,10.28999996,32.83166885,75.37999725,261.24,11.46500015,72.96666718,5.0005,18.82999992,74.02999878,18.10000038,52.11999893,9.579999924,523.95,32.61999893,23.54000092,107.3000031,50.5,50.61999893,232.1000061,26.51000023,59.61000061
435,8.56000042,13.80000019,4.71999979,5.269999981,17.17000008,342.0,39.91999817,26.28000069,54.88000107,38.18000031,103.8700027,101.3099976,38.45000076,8.166999817,9.984999657,10.06000042,23.45000076,21.13999939,9.890000343,32.03281021,74.80000305,259.79,11.48499966,73.53333282,5.009,18.54000092,73.37000275,17.00499916,51.79999924,9.390000343,524.35,32.27999878,23.15999985,107.4499969,49.97000122,50.34999847,235.0,25.94000053,58.25999832
436,8.529999733,13.85000038,4.679999828,5.260000229,16.96999931,338.0,40.45999908,26.30999947,55.41999817,41.0,104.1200027,101.1100006,38.59000015,8.159000397,10.02999973,10.09799957,23.53000069,21.45000076,10.06000042,32.21826172,77.52999878,263.09,11.40999985,74.66666412,5.015,18.35000038,73.47000122,17.68499947,53.45999908,9.550000191,525.85,32.00999832,23.07999992,106.0999985,51.09999847,50.90999985,235.1999969,26.02000046,58.93999863
437,8.460000038,14.02000046,4.639999866,5.239999771,16.96999931,333.0,40.16999817,26.28000069,55.52999878,39.61000061,103.0100021,100.0100021,38.65000153,8.147000313,10.10000038,9.906000137,23.60000038,21.59000015,10.01000023,31.81169891,76.93000031,262.96,11.29500008,73.5,5.0585,18.26000023,73.0,17.52499962,53.27999878,9.579999924,525.2,31.12000084,23.14999962,106.3499985,50.29999924,51.08000183,233.8999939,26.29999924,58.56000137
438,8.5,13.81999969,4.670000076,5.239999771,17.15999985,345.0,39.77000046,26.22999954,55.74000168,39.58000183,103.7900009,100.2200012,38.47999954,8.142999649,10.09399986,9.979999542,23.61000061,21.90999985,9.899999619,32.1825943,76.11000061,262.0,11.30500031,73.23332977,5.05,18.34000015,73.22000122,18.29000092,54.09999847,10.21000004,523.35,31.19000053,23.10000038,105.3499985,51.29999924,51.06000137,238.8000031,26.34000015,58.36999893
439,8.5,13.81999969,4.670000076,5.239999771,17.15999985,345.0,39.77000046,26.22999954,55.74000168,39.58000183,103.7900009,100.2200012,38.47999954,8.142999649,10.09399986,9.979999542,23.61000061,21.90999985,9.899999619,32.1825943,76.11000061,262.0,11.30500031,73.23332977,5.05,18.34000015,73.22000122,18.29000092,54.09999847,10.21000004,523.35,31.19000053,23.10000038,105.3499985,51.29999924,51.06000137,238.8000031,26.34000015,58.36999893
440,8.430000305,14.02999973,4.619999886,5.210000038,18.38999939,339.0,39.77000046,26.22999954,55.74000168,39.58000183,103.7900009,100.2200012,38.47999954,8.055999756,10.05599976,9.887000084,23.61000061,21.90999985,9.899999619,32.1825943,76.11000061,261.03,10.99499989,72.83333588,5.0655,18.34000015,73.22000122,18.10000038,53.90000153,10.21000004,531.4,30.85000038,23.10000038,106.4499969,51.29999924,51.06000137,236.8000031,26.34000015,58.36999893
441,8.710000038,13.75,4.710000038,5.170000076,19.43000031,338.0,39.52000046,27.02000046,58.27000046,40.11999893,106.6500015,100.0800018,38.66999817,8.06400013,10.29399967,9.961000443,24.06999969,22.81999969,10.26000023,32.19686127,76.87999725,263.86,10.92000008,73.2666626,5.1675,18.51000023,72.12000275,17.13999939,54.68000031,10.63000011,544.0,31.10000038,24.51000023,104.6500015,55.95999908,51.43000031,238.3999939,26.88999939,60.45999908
442,8.779999733,13.67000008,4.710000038,5.159999847,19.10000038,360.0,39.68999863,27.62999916,58.99000168,39.77000046,108.0800018,100.6800003,38.90000153,7.980999947,10.36999989,9.932999611,24.29999924,22.97999954,10.47000027,32.23965836,76.95999908,271.15,10.77499962,73.90000153,5.164,18.77000046,72.70999908,16.86000061,55.09999847,11.30000019,552.0,30.69000053,25.11000061,108.0999985,57.22000122,51.81000137,226.1000061,27.29000092,60.93999863
443,8.550000191,13.57999992,4.75,5.190000057,18.29999924,353.0,39.0,27.76000023,59.47000122,38.24000168,107.5899963,101.6699982,38.63000107,7.892000198,10.43999958,9.989999771,24.20999908,22.88999939,10.48999977,32.64622116,75.37000275,272.1,10.67000008,74.96666718,5.174,18.77000046,72.37000275,16.81999969,55.59999847,11.27999973,559.45,30.60000038,25.02000046,108.6500015,59.11999893,51.77000046,223.8999939,27.62000084,61.18000031
444,8.520000458,13.60000038,4.690000057,5.159999847,18.18000031,342.0,39.18000031,27.44000053,59.84999847,38.83000183,108.4499969,101.4800034,39.06000137,7.931000233,10.38000011,10.06200027,24.44000053,23.12000084,10.77999973,32.52496338,75.83999634,274.3,10.60999966,76.40000153,5.0215,18.78000069,72.33999634,16.79999924,56.13999939,11.59000015,556.45,30.88999939,25.48999977,108.1500015,59.70000076,52.50999832,225.6000061,27.95000076,61.45000076
445,8.520000458,13.60000038,4.690000057,5.159999847,18.18000031,342.0,39.18000031,27.44000053,59.84999847,38.83000183,108.4499969,101.4800034,39.06000137,7.931000233,10.38000011,10.06200027,24.44000053,23.12000084,10.77999973,32.52496338,75.83999634,274.3,10.60999966,76.40000153,5.0215,18.78000069,72.33999634,16.79999924,56.13999939,11.59000015,556.45,30.88999939,25.48999977,108.1500015,59.70000076,52.50999832,225.6000061,27.95000076,61.45000076
446,8.720000267,13.52000046,4.75,5.110000134,17.15999985,343.0,38.77999878,27.26000023,59.81000137,37.84999847,107.75,101.8600006,39.52000046,8.003000259,10.45400047,9.998999596,24.70000076,23.18000031,10.90999985,32.71041489,75.01000214,275.67,10.64000034,76.46666718,5.0125,18.77000046,72.47000122,16.38999939,56.25999832,11.43000031,551.55,30.78000069,25.42000008,113.3499985,59.0,53.0,220.8999939,28.22999954,61.04999924
447,8.760000229,13.42000008,4.71999979,5.110000134,17.37999916,344.0,39.31999969,27.72999954,60.47000122,39.16999817,108.7300034,100.5899963,39.61999893,8.012000084,10.49600029,10.07800007,24.72999954,23.12999916,10.86999989,32.63195419,75.95999908,275.36,10.69499969,77.80000305,4.997,18.79999924,72.13999939,17.31999969,55.09999847,11.75,550.25,31.12999916,25.28000069,117.0500031,58.27999878,52.90000153,218.3999939,28.17000008,62.13000107
448,9.020000458,13.35000038,4.889999866,5.090000153,17.09000015,351.0,39.22999954,27.59000015,59.68000031,38.59000015,107.7799988,101.3899994,39.77000046,8.012999535,10.44400024,10.10000038,24.79999924,22.90999985,10.86999989,33.06704712,76.80999756,275.65,10.66499996,76.6333313,4.9905,18.82999992,72.44999695,17.32500076,55.43999863,11.71000004,548.25,30.87999916,25.03000069,124.6500015,60.0,53.20999908,217.8000031,28.12999916,62.65000153
449,9.020000458,13.67000008,4.909999847,5.079999924,19.60000038,345.0,39.59999847,27.51000023,60.16999817,39.90000153,108.4100037,101.7099991,39.75,7.960999966,10.51399994,10.02999973,25.04999924,22.95000076,11.05000019,33.31668854,80.40000153,276.1,10.53999996,77.30000305,5.0095,19.0,73.51000214,16.64999962,54.90000153,11.67000008,539.6,30.45000076,24.94000053,127.5999985,58.5,53.06999969,215.8000031,27.70999908,62.75
450,9.140000343,13.43000031,5.190000057,5.099999905,20.5,347.0,39.83000183,27.54000092,59.97000122,40.27000046,107.9100037,101.9300003,39.68000031,8.022000313,10.58199978,10.07800007,25.44000053,22.87000084,11.30000019,33.45934296,79.58999634,277.05,10.69499969,76.73332977,5.043,19.13999939,73.48999786,16.54999924,54.90000153,11.46000004,535.45,30.82999992,24.97999954,125.6999969,59.68000031,53.20000076,213.6999969,27.79000092,62.16999817
451,9.140000343,13.43000031,5.190000057,5.099999905,20.5,347.0,39.83000183,27.54000092,59.97000122,40.27000046,107.9100037,101.9300003,39.68000031,8.022000313,10.58199978,10.07800007,25.44000053,22.87000084,11.30000019,33.45934296,79.58999634,277.05,10.69499969,76.73332977,5.043,19.13999939,73.48999786,16.54999924,54.90000153,11.46000004,535.45,30.82999992,24.97999954,125.6999969,59.68000031,53.20000076,213.6999969,27.79000092,62.16999817
452,9.140000343,13.43000031,5.190000057,5.099999905,20.5,348.0,40.40000153,28.04000092,60.31000137,40.25,107.9700012,102.5299988,40.70999908,8.102000237,10.72799969,10.16800022,25.31999969,22.87999916,11.14999962,33.60199738,78.61000061,279.5,10.81999969,76.5,5.0195,18.84000015,73.30999756,17.5,55.40000153,11.52000046,537.6,31.09000015,25.23999977,123.4000015,64.83999634,52.77999878,224.3000031,27.52000046,62.06999969
453,8.920000076,13.47999954,5.230000019,5.010000229,20.96999931,349.0,39.45999908,28.37999916,61.16999817,38.13999939,110.3000031,103.2200012,40.77999878,8.079999924,10.73400021,10.20199966,25.26000023,22.64999962,11.22000027,33.60199738,76.16999817,272.72,10.82499981,77.16666412,5.0035,19.03000069,73.43000031,17.65500069,55.09999847,11.69999981,536.05,31.04999924,25.67000008,122.1500015,64.36000061,53.15000153,226.1999969,27.75,64.33000183
454,8.899999619,13.28999996,5.309999943,5.019999981,19.98999977,348.0,39.09000015,27.93000031,61.13000107,37.81000137,109.6699982,101.8099976,40.68999863,8.213000298,10.74199963,10.20400047,25.43000031,21.79999924,11.35000038,32.95292282,77.40000153,271.8,10.94999981,77.2666626,4.983,18.85000038,73.30000305,17.875,53.5,11.80000019,541.25,31.54999924,25.15999985,125.9499969,64.94000244,52.84999847,235.6000061,27.46999931,64.09999847
455,8.840000153,13.35000038,5.230000019,4.980000019,20.45999908,344.0,38.43999863,27.18000031,59.00999832,39.43000031,107.0699997,102.4199982,40.40999985,8.079000473,10.63000011,10.10200024,24.55999947,21.02000046,10.67000008,32.81027222,78.52999878,272.5,10.81999969,76.40000153,4.9655,18.30999947,74.58000183,17.28499985,52.77999878,11.40999985,537.0,31.0,24.01000023,123.9499969,61.68000031,52.72000122,234.1000061,26.93000031,61.99000168
456,8.659999847,13.17000008,5.150000095,4.96999979,22.12000084,344.0,38.25999832,26.10000038,57.52999878,39.38999939,103.0299988,99.61000061,39.59999847,8.053999901,10.31400013,9.989999771,23.97999954,19.92000008,10.56000042,31.7760334,76.97000122,270.06,10.72999954,74.8666687,4.9175,17.65999985,73.27999878,17.39999962,52.02000046,11.36999989,541.0,30.25,23.38999939,121.4499969,60.47999954,51.40999985,228.8999939,26.05999947,60.40000153
457,8.659999847,13.17000008,5.150000095,4.96999979,22.12000084,344.0,38.25999832,26.10000038,57.52999878,39.38999939,103.0299988,99.61000061,39.59999847,8.053999901,10.31400013,9.989999771,23.97999954,19.92000008,10.56000042,31.7760334,76.97000122,270.06,10.72999954,74.8666687,4.9175,17.65999985,73.27999878,17.39999962,52.02000046,11.36999989,541.0,30.25,23.38999939,121.4499969,60.47999954,51.40999985,228.8999939,26.05999947,60.40000153
458,8.670000076,13.06999969,5.110000134,4.920000076,25.10000038,333.0,38.13000107,26.94000053,60.45000076,38.34000015,106.0500031,101.3099976,40.0,8.119999886,10.41800022,9.982999802,24.04999924,20.85000038,11.01000023,31.8901577,78.19000244,272.62,10.84500027,75.09999847,4.844,18.29000092,74.33000183,17.89999962,52.25999832,11.68999958,541.2,30.27000046,24.51000023,123.3000031,61.09999847,51.70999908,231.6000061,26.75,62.59000015
459,8.909999847,13.03999996,5.380000114,4.949999809,24.82999992,339.0,38.08000183,27.14999962,60.79000092,37.95000076,106.4000015,100.4000015,40.0,8.107999802,10.41399956,9.932999611,24.12999916,21.01000023,10.93999958,31.61911583,78.37999725,277.0,10.81000042,75.90000153,4.873,18.20000076,74.11000061,18.20000076,52.77999878,11.81999969,551.85,30.23999977,24.71999931,121.4499969,61.59999847,51.43000031,231.6999969,26.72999954,63.79000092
460,8.960000038,13.35000038,5.380000114,5.119999886,25.45000076,333.0,37.81999969,27.22999954,60.75999832,38.72000122,106.2699966,99.23000336,39.84000015,7.971000195,10.42199993,9.852999687,24.19000053,21.07999992,10.81999969,31.49072838,80.19000244,277.35,10.42500019,75.2666626,4.845,18.09000015,73.34999847,17.94499969,52.31999969,11.92000008,570.45,30.02000046,24.70000076,120.75,64.09999847,51.00999832,227.8999939,26.72999954,64.26000214
461,8.970000267,13.40999985,5.389999866,5.139999866,25.86000061,330.0,36.90999985,27.31999969,61.38999939,38.68999863,107.1399994,99.06999969,40.08000183,8.034000397,10.53999996,9.951000214,24.12999916,21.61000061,10.93000031,31.5549221,84.51000214,277.47,10.47000027,74.30000305,4.838,18.23999977,72.87999725,18.55999947,54.0,12.15999985,565.95,30.45999908,24.88999939,118.8499985,62.79999924,51.15000153,233.6999969,26.77000046,64.51999664
462,9.199999809,13.38000011,5.409999847,5.110000134,26.70000076,334.0,37.38000107,27.31999969,61.31000137,40.43000031,107.3000031,99.72000122,40.24000168,8.008999825,10.55599976,9.838999748,24.22999954,21.73999977,10.72000027,31.83309555,87.87000275,277.19,10.35499954,74.2666626,4.848,18.29000092,73.86000061,18.89500046,54.0,11.94999981,564.7,30.37999916,24.63999939,121.0999985,62.54000092,51.24000168,233.8999939,26.78000069,64.66000366
463,9.199999809,13.38000011,5.409999847,5.110000134,26.70000076,334.0,37.38000107,27.31999969,61.31000137,40.43000031,107.3000031,99.72000122,40.24000168,8.008999825,10.55599976,9.838999748,24.22999954,21.73999977,10.72000027,31.83309555,87.87000275,277.19,10.35499954,74.2666626,4.848,18.29000092,73.86000061,18.89500046,54.0,11.94999981,564.7,30.37999916,24.63999939,121.0999985,62.54000092,51.24000168,233.8999939,26.78000069,64.66000366
464,9.090000153,13.63000011,5.349999905,5.110000134,28.14999962,340.0,38.79000092,26.45999908,59.59000015,45.5,103.9899979,100.0100021,39.84000015,7.973999977,10.34200001,9.93500042,23.61000061,21.21999931,10.36999989,32.00428009,92.70999908,276.99,10.34500027,73.90000153,4.8135,17.96999931,75.15000153,19.89999962,52.47999954,11.88000011,555.0,30.81999969,23.77000046,122.5500031,60.22000122,50.45000076,235.1999969,26.23999977,63.00999832
465,8.829999924,13.35999966,5.239999771,5.070000172,28.51000023,333.0,38.97000122,26.27000046,59.04999924,47.11999893,103.7600021,98.12000275,39.84000015,8.038000107,10.3380003,9.892999649,23.70000076,21.20000076,10.55000019,31.78316689,92.66999817,276.8,10.45499992,72.09999847,4.7455,17.85000038,74.08000183,21.45000076,52.74000168,12.06000042,553.05,30.95000076,23.60000038,122.8000031,60.20000076,49.43000031,248.8000031,26.13999939,62.61999893
466,8.829999924,13.23999977,5.289999962,5.059999943,28.35000038,330.0,38.56999969,26.42000008,60.90000153,44.84000015,104.7399979,98.72000122,40.04000092,7.831999779,10.27000046,9.75399971,24.12999916,21.20000076,10.63000011,31.60485077,90.51000214,281.8,10.27999973,71.93333435,4.7165,18.22999954,73.27999878,20.07999992,51.63999939,12.22999954,571.2,30.55999947,23.96999931,122.0999985,59.45999908,49.52000046,244.8000031,26.54999924,63.08000183
467,8.829999924,13.23999977,5.239999771,5.090000153,29.71999931,327.0,38.47000122,27.07999992,62.88000107,43.63999939,106.2099991,99.55000305,40.38999939,7.848999977,10.46000004,9.82199955,24.47999954,21.29999924,10.69999981,32.08274078,90.16999817,285.74,10.35999966,71.69999695,4.684,18.43000031,74.19000244,20.06999969,52.18000031,11.78999996,581.45,30.86000061,24.38999939,121.3499985,60.27999878,49.79999924,254.0,26.79999924,63.25999832
468,8.920000076,13.18000031,5.230000019,5.039999962,30.0,333.0,38.90000153,26.97999954,62.75,43.08000183,106.0699997,99.51000214,40.68999863,7.850999832,10.39799976,9.873999596,24.59000015,21.47999954,10.71000004,32.18972778,90.81999969,285.65,10.47500038,72.30000305,4.7075,18.56999969,74.27999878,20.48999977,52.47999954,11.92000008,567.0,31.09000015,23.93000031,120.9499969,60.18000031,50.00999832,245.6000061,26.94000053,63.16999817
469,8.920000076,13.18000031,5.230000019,5.039999962,30.0,333.0,38.90000153,26.97999954,62.75,43.08000183,106.0699997,99.51000214,40.68999863,7.850999832,10.39799976,9.873999596,24.59000015,21.47999954,10.71000004,32.18972778,90.81999969,285.65,10.47500038,72.30000305,4.7075,18.56999969,74.27999878,20.48999977,52.47999954,11.92000008,567.0,31.09000015,23.93000031,120.9499969,60.18000031,50.00999832,245.6000061,26.94000053,63.16999817
470,8.989999771,13.05000019,5.190000057,5.079999924,29.01000023,329.0,38.90000153,26.97999954,62.75,43.08000183,106.0699997,99.51000214,40.68999863,7.906000137,10.45600033,9.920000076,24.59000015,21.47999954,10.71000004,32.18972778,90.81999969,291.1,10.43000031,72.53333282,4.795,18.56999969,74.27999878,19.29500008,52.41999817,11.92000008,567.5,31.04000092,23.93000031,125.9000015,60.11999893,50.00999832,245.3000031,26.94000053,63.16999817
471,9.119999886,12.88000011,5.25,5.170000076,28.71999931,329.0,38.65000153,25.96999931,60.27999878,43.74000168,103.9899979,99.83000183,40.20000076,7.940999985,10.27000046,9.93900013,24.46999931,20.87999916,10.65999985,32.01141357,91.19000244,293.45,10.56999969,72.2666626,4.682,18.44000053,75.12999725,20.25,52.40000153,11.05000019,571.0,31.35000038,23.77000046,123.0,57.47999954,49.65999985,251.1999969,26.42000008,61.36999893
472,8.899999619,12.77000046,5.119999886,5.170000076,32.79999924,323.0,38.52000046,25.72999954,59.00999832,43.04999924,102.9300003,100.3700027,40.16999817,8.06400013,10.17000008,10.19200039,24.18000031,20.53000069,10.47000027,32.18972778,91.26999664,297.39,10.68000031,71.96666718,4.7055,18.29999924,75.33000183,19.35000038,51.65999985,11.02000046,580.25,31.97999954,23.17000008,123.8499985,54.31999969,49.75999832,253.0,26.28000069,60.40999985
473,8.399999619,12.68000031,4.989999771,4.989999771,32.56999969,318.0,38.06000137,25.57999992,59.20999908,41.29999924,102.5999985,100.5599976,39.84000015,7.882999897,9.963000298,10.08600044,24.09000015,20.18000031,10.36999989,32.04707718,89.91000366,292.86,10.21000004,71.69999695,4.6815,18.17000008,75.12999725,18.64999962,51.75999832,10.77999973,581.1,31.25,23.03000069,123.4000015,53.18000031,49.50999832,246.5,26.23999977,60.13999939
474,8.409999847,12.61999989,4.989999771,4.949999809,31.67000008,321.0,38.04999924,26.01000023,60.13000107,40.81000137,104.0699997,100.6600037,40.25,7.923999786,10.07999992,10.12800026,24.40999985,20.55999947,10.59000015,32.03281021,92.54000092,295.22,10.27999973,71.53333282,4.6995,18.67000008,74.98999786,18.55999947,52.27999878,10.89000034,577.85,31.27000046,23.27000046,124.4499969,54.36000061,50.22999954,241.6999969,26.70000076,61.22999954
475,8.409999847,12.61999989,4.989999771,4.949999809,31.67000008,321.0,38.04999924,26.01000023,60.13000107,40.81000137,104.0699997,100.6600037,40.25,7.923999786,10.07999992,10.12800026,24.40999985,20.55999947,10.59000015,32.03281021,92.54000092,295.22,10.27999973,71.53333282,4.6995,18.67000008,74.98999786,18.55999947,52.27999878,10.89000034,577.85,31.27000046,23.27000046,124.4499969,54.36000061,50.22999954,241.6999969,26.70000076,61.22999954
476,8.369999886,12.98999977,4.929999828,4.960000038,32.13000107,329.0,37.88000107,25.87999916,59.79999924,43.09000015,104.2799988,101.5299988,40.15000153,8.062000275,10.09399986,10.21000004,24.60000038,20.44000053,10.46000004,32.2967186,94.29000092,297.39,10.41499996,71.46666718,4.7075,18.52000046,75.08999634,19.05500031,53.74000168,11.02999973,579.0,32.02000046,22.93000031,123.8000031,52.47999954,50.09000015,248.8999939,26.5,61.16999817
477,8.390000343,12.98999977,4.949999809,4.980000019,33.59999847,333.0,37.52999878,25.57999992,59.45999908,42.04000092,103.9300003,101.5299988,39.90000153,8.057999611,10.00399971,10.18400002,24.29999924,20.38999939,10.27999973,31.94721794,92.79000092,293.83,10.39000034,71.8666687,4.679,18.28000069,74.86000061,19.03000069,53.58000183,11.06000042,576.0,31.5,22.64999962,124.0500031,51.22000122,49.86000061,247.8000031,26.20000076,60.88000107
478,8.300000191,13.14999962,4.880000114,4.949999809,32.40000153,340.0,37.22999954,25.22999954,57.66999817,39.61000061,101.9700012,102.6999969,39.54000092,8.024000168,10.02400017,10.18599987,24.18000031,20.35000038,10.07999992,32.19686127,90.04000092,284.6,10.30000019,71.40000153,4.6435,17.93000031,75.69999695,19.23999977,54.20000076,11.17000008,569.0,31.19000053,22.13999939,124.5500031,52.15999985,49.27000046,244.8000031,25.60000038,59.52999878
479,8.229999542,13.0,4.860000134,4.909999847,35.5,334.0,36.90000153,24.64999962,57.08000183,38.66999817,101.3000031,103.9400024,39.20999908,7.93200016,9.909999847,10.29399967,23.94000053,19.89999962,9.789999962,32.61768723,85.59999847,280.01,10.22999954,70.8666687,4.611,17.86000061,76.81999969,18.44000053,53.86000061,10.82999992,562.5,30.53000069,21.64999962,124.4499969,47.33000183,49.06000137,229.1000061,25.55999947,58.95000076
480,8.119999886,13.0,4.820000172,4.75,36.33000183,333.0,36.84000015,23.87000084,55.5,37.63999939,98.62000275,104.7600021,39.08000183,8.010000229,9.831999779,10.41399956,23.89999962,19.54999924,9.680000305,32.80313873,83.48999786,279.65,10.29500008,70.73332977,4.577,17.63999939,77.91999817,17.38999939,53.29999924,10.68000031,563.45,30.20000076,20.97999954,124.1500015,47.02000046,48.88999939,227.0,25.28000069,57.31999969
481,7.980000019,12.90999985,4.739999771,4.800000191,36.22999954,330.0,36.59000015,23.09000015,53.70000076,37.75,95.95999908,103.8899994,37.79999924,7.604000092,9.454000473,10.18400002,23.20000076,18.88999939,9.31000042,32.32524872,83.05000305,275.51,10.13000011,70.6333313,4.43,17.18000031,76.98999786,16.81500053,52.22000122,10.18999958,543.9,29.04999924,19.90999985,125.8000031,43.63000107,47.25,228.3999939,24.71999931,55.34999847
482,7.840000153,12.72999954,4.699999809,4.829999924,36.11999893,324.0,37.27000046,23.11000061,54.47000122,38.20000076,96.52999878,103.7399979,37.93999863,7.612999916,9.503000259,10.16399956,23.76000023,18.96999931,9.770000458,32.85306549,82.68000031,277.3,10.14000034,70.40000153,4.409,17.46999931,77.16999817,17.40999985,52.72000122,10.46000004,547.5,28.63999939,20.38999939,121.8000031,44.33000183,47.61999893,226.6000061,25.03000069,55.95999908
483,7.840000153,13.05000019,4.679999828,4.809999943,38.59000015,325.0,38.24000168,23.90999985,57.02000046,40.00999832,99.81999969,103.1600037,38.59999847,7.809999943,9.75,10.32999992,23.62999916,19.68000031,9.970000267,32.69614792,85.19000244,282.9,10.21000004,70.40000153,4.3745,17.85000038,75.87999725,18.05500031,54.5,10.69999981,551.9,29.05999947,21.04000092,121.8000031,46.77000046,48.47000122,236.8000031,25.28000069,57.75999832
484,8.109999657,13.02000046,4.739999771,4.860000134,42.29999924,325.0,38.34999847,23.62999916,56.66999817,39.68000031,98.81999969,102.9199982,38.68000031,7.956999779,9.644000053,10.27000046,23.52000046,19.62999916,9.93999958,32.8174057,83.68000031,283.28,10.36499977,71.1333313,4.4075,17.46999931,76.12000275,18.41500092,54.81999969,10.65999985,553.65,29.70000076,20.93000031,123.6999969,46.06999969,48.59000015,246.3999939,25.26000023,57.11000061
485,8.090000153,12.85000038,4.710000038,4.829999924,44.0,325.0,38.50999832,23.54000092,55.34000015,39.02000046,98.86000061,104.4700012,38.81000137,8.050000191,9.668999672,10.36600018,23.54000092,19.46999931,10.0,33.18117142,82.94999695,279.51,10.42500019,70.66666412,4.394,17.37000084,77.19999695,17.85499954,55.72000122,10.53999996,548.85,30.19000053,20.80999947,122.9000015,46.27999878,48.54000092,234.0,25.14999962,57.04000092
486,8.090000153,12.85000038,4.710000038,4.829999924,44.0,325.0,38.50999832,23.54000092,55.34000015,39.02000046,98.86000061,104.4700012,38.81000137,8.050000191,9.668999672,10.36600018,23.54000092,19.46999931,10.0,33.18117142,82.94999695,279.51,10.42500019,70.66666412,4.394,17.37000084,77.19999695,17.85499954,55.72000122,10.53999996,548.85,30.19000053,20.80999947,122.9000015,46.27999878,48.54000092,234.0,25.14999962,57.04000092
487,7.880000114,12.64999962,4.630000114,4.840000153,46.31999969,312.0,37.88999939,24.32999992,56.86999893,38.06000137,100.9499969,104.5800018,38.90000153,8.081000328,9.866000175,10.35000038,24.0,20.04999924,10.02999973,33.10271072,81.34999847,281.05,10.35499954,69.7666626,4.3805,17.82999992,76.91000366,17.17499924,57.02000046,10.85999966,552.7,29.88999939,21.30999947,122.5999985,48.56000137,48.86000061,233.8000031,25.59000015,58.47999954
488,7.769999981,12.76000023,4.699999809,4.75,41.90000153,312.0,38.72000122,24.25,56.33000183,38.31000137,100.6100006,106.3600006,38.97999954,7.961999893,9.807999611,10.37199974,23.64999962,19.85000038,9.75,33.69472122,81.36000061,278.08,10.23499966,69.30000305,4.3475,17.75,77.86000061,17.20499992,52.18000031,10.82999992,551.2,29.88999939,20.36000061,121.1500015,47.15000153,48.95000076,227.8999939,25.27000046,57.83000183
489,7.739999771,12.32999992,4.650000095,4.639999866,40.38999939,313.0,39.56000137,24.39999962,56.72000122,40.02000046,101.1800003,105.6500015,39.34000015,8.055000305,9.916999817,10.42399979,23.23999977,19.92000008,9.949999809,33.50927353,83.48000336,282.2,10.30000019,69.33333588,4.4005,17.77000046,77.84999847,17.03499985,52.22000122,11.06999969,554.25,30.03000069,20.51000023,120.3499985,47.20000076,49.36000061,231.8000031,25.29999924,58.22000122
490,7.789999962,11.88000011,4.639999866,4.690000057,47.99000168,304.0,39.75999832,24.62999916,57.08000183,40.70999908,102.5699997,105.6800003,39.63000107,8.015000343,10.01399994,10.45400047,22.86000061,19.93000031,9.970000267,33.75178146,83.73999786,287.0,10.34500027,69.2666626,4.4155,17.89999962,78.16000366,16.97500038,52.02000046,11.18000031,554.0,29.95000076,19.92000008,122.75,46.70999908,49.29000092,230.1000061,25.45000076,58.93000031
491,7.699999809,11.92000008,4.679999828,4.800000191,46.68999863,292.0,39.31999969,24.18000031,56.06000137,40.25,101.8099976,105.1100006,39.34999847,7.78000021,10.02400017,10.37199974,22.56999969,19.55999947,9.859999657,33.38088226,86.04000092,287.35,10.15999985,68.7666626,4.373,17.37999916,77.90000153,16.88500023,51.81999969,10.67000008,544.5,30.01000023,19.62999916,125.0,44.84000015,48.72999954,231.1999969,25.04999924,57.56999969
492,7.699999809,11.92000008,4.679999828,4.800000191,46.68999863,292.0,39.31999969,24.18000031,56.06000137,40.25,101.8099976,105.1100006,39.34999847,7.78000021,10.02400017,10.37199974,22.56999969,19.55999947,9.859999657,33.38088226,86.04000092,287.35,10.15999985,68.7666626,4.373,17.37999916,77.90000153,16.88500023,51.81999969,10.67000008,544.5,30.01000023,19.62999916,125.0,44.84000015,48.72999954,231.1999969,25.04999924,57.56999969
493,7.800000191,12.47999954,4.670000076,4.909999847,44.91999817,291.0,38.77999878,24.07999992,55.38000107,39.86999893,101.6299973,106.1900024,39.06999969,7.738999844,9.972000122,10.4460001,22.35000038,19.79000092,9.699999809,33.54493713,88.26999664,286.75,10.17000008,70.33333588,4.382,17.31999969,78.80999756,17.06999969,51.27999878,10.64000034,548.85,30.17000008,19.26000023,133.4499969,45.74000168,48.31000137,236.0,24.94000053,57.58000183
494,7.800000191,13.72999954,4.579999924,4.929999828,40.97000122,293.0,38.79999924,25.69000053,56.63999939,41.59999847,102.5999985,106.6100006,39.47000122,7.693999767,10.13599968,10.50599957,22.45999908,20.25,9.710000038,33.79457855,92.33999634,287.09,10.27000046,70.7666626,4.395,17.47999954,79.41999817,16.80999947,50.97999954,10.68999958,551.0,30.10000038,19.73999977,132.6000061,46.27000046,48.77999878,239.0,25.12000084,58.20000076
495,7.809999943,13.72999954,4.610000134,4.909999847,45.70000076,288.0,38.33000183,25.05999947,54.93000031,41.40999985,100.3000031,106.7300034,39.18000031,7.703000069,10.11999989,10.38000011,22.25,19.84000015,9.270000458,33.35948563,92.20999908,287.94,10.22999954,70.19999695,4.36,17.13999939,79.87000275,15.47500038,50.63999939,10.31999969,543.5,30.34000015,19.05999947,131.6499939,45.59000015,48.52999878,245.3999939,24.88999939,56.84000015
496,7.849999905,14.06999969,4.559999943,4.980000019,48.97999954,286.0,39.38000107,25.34000015,55.95000076,40.06000137,101.2300034,107.9300003,39.50999832,7.751999855,10.19999981,10.42800045,22.04999924,20.06999969,9.119999886,34.0014267,91.62000275,285.95,10.18000031,69.30000305,4.3775,17.02000046,80.48999786,14.28499985,51.31999969,11.27000046,548.0,30.84000015,19.55999947,134.5500031,46.93999863,48.77999878,245.6999969,25.07999992,57.20000076
497,8.090000153,14.03999996,4.550000191,5.019999981,49.95999908,291.0,38.84000015,25.55999947,56.5,40.00999832,101.9499969,106.9599991,39.54000092,7.758999825,10.30200005,10.43999958,22.45000076,20.42000008,9.270000458,33.95149612,93.15000153,282.27,10.16499996,70.59999847,4.324,17.12000084,80.61000061,14.93999958,51.31999969,11.18000031,544.9,30.52000046,19.68000031,135.1499939,47.41999817,48.79000092,248.6999969,25.05999947,57.86000061
498,8.090000153,14.03999996,4.550000191,5.019999981,49.95999908,291.0,38.84000015,25.55999947,56.5,40.00999832,101.9499969,106.9599991,39.54000092,7.758999825,10.30200005,10.43999958,22.45000076,20.42000008,9.270000458,33.95149612,93.15000153,282.27,10.16499996,70.59999847,4.324,17.12000084,80.61000061,14.93999958,51.31999969,11.18000031,544.9,30.52000046,19.68000031,135.1499939,47.41999817,48.79000092,248.6999969,25.05999947,57.86000061
499,8.069999695,14.14999962,4.539999962,5.090000153,48.83000183,291.0,38.65999985,25.28000069,55.45000076,40.84999847,100.25,106.1500015,39.24000168,7.797999859,10.2840004,10.52999973,22.36000061,20.21999931,9.229999542,33.83024216,94.70999908,286.68,10.18000031,69.59999847,4.296,17.04000092,80.55999756,15.10999966,50.54000092,11.05000019,545.0,30.98999977,19.17000008,132.0500031,46.65000153,48.0,250.1999969,24.76000023,57.20000076
500,8.069999695,14.22000027,4.550000191,5.139999866,50.02999878,290.0,38.54000092,25.87999916,56.47999954,42.0,102.0800018,106.9000015,39.77999878,7.788000107,10.35000038,10.63599968,22.75,20.55999947,9.399999619,33.93009949,95.75,288.61,10.15999985,68.16666412,4.3035,17.19000053,80.52999878,15.47500038,51.18000031,11.13000011,562.55,31.29999924,19.71999931,130.0500031,47.47000122,48.40999985,247.1999969,24.97999954,58.18000031
501,8.140000343,14.34000015,4.610000134,5.110000134,48.54999924,296.0,38.52999878,26.06999969,57.18999863,41.47999954,102.8499985,107.1399994,40.27999878,7.833000183,10.41600037,10.68599987,22.65999985,20.80999947,9.539999962,34.37945938,95.91000366,290.35,10.19999981,69.7666626,4.364,17.23999977,82.37000275,14.84500027,50.91999817,11.27999973,561.8,31.36000061,19.75,129.6000061,46.77000046,48.77000046,242.0,24.97999954,58.34999847
502,8.229999542,14.94999981,4.599999905,5.110000134,46.20000076,292.0,38.72999954,25.67000008,57.04000092,41.59999847,102.6399994,105.6900024,39.18999863,7.843999863,10.47799969,10.72999954,22.77000046,21.06999969,9.720000267,34.2582016,96.94000244,293.23,10.13500023,69.40000153,4.3045,17.29999924,83.0,14.77999973,50.84000015,11.26000023,565.9,31.0,19.52000046,133.6499939,47.70000076,48.11999893,233.0,25.0,57.34999847
503,8.260000229,14.52999973,4.550000191,5.090000153,45.29999924,290.0,38.43999863,25.21999931,55.97000122,38.58000183,101.9599991,106.0,39.18999863,7.888999939,10.51799965,10.79599953,22.52000046,21.09000015,9.510000229,34.48644638,96.59999847,292.7,10.14999962,69.7666626,4.3105,17.20999908,83.44999695,14.67500019,50.15999985,11.34000015,558.55,31.39999962,19.19000053,132.5500031,46.65999985,48.04000092,241.6000061,24.82999992,56.77000046
504,8.260000229,14.52999973,4.550000191,5.090000153,45.29999924,290.0,38.43999863,25.21999931,55.97000122,38.58000183,101.9599991,106.0,39.18999863,7.888999939,10.51799965,10.79599953,22.52000046,21.09000015,9.510000229,34.48644638,96.59999847,292.7,10.14999962,69.7666626,4.3105,17.20999908,83.44999695,14.67500019,50.15999985,11.34000015,558.55,31.39999962,19.19000053,132.5500031,46.65999985,48.04000092,241.6000061,24.82999992,56.77000046
505,8.260000229,14.22000027,4.599999905,5.070000172,45.18999863,289.0,38.22000122,24.72999954,54.81000137,37.06000137,100.9199982,107.8099976,39.20999908,7.847000122,10.37199974,10.94999981,22.42000008,20.90999985,9.510000229,34.65049744,96.83000183,295.1,10.21000004,71.46666718,4.3005,17.0,83.94999695,14.02000046,49.29000092,11.14999962,564.4,31.63999939,18.85000038,132.1000061,45.70000076,48.09999847,241.1000061,24.61000061,55.93999863
506,8.069999695,13.88000011,4.53000021,4.989999771,42.90000153,287.0,37.99000168,24.77000046,54.52000046,34.70999908,100.7300034,107.7099991,38.68999863,7.77699995,10.3760004,11.04800034,22.21999931,21.01000023,9.319999695,34.49357986,93.51000214,298.32,10.27000046,70.46666718,4.2795,16.75,83.95999908,13.40999985,49.5,10.56000042,555.0,31.93000031,18.46999931,131.1000061,44.65999985,47.65000153,237.8000031,24.47999954,55.56000137
507,8.260000229,14.02999973,4.539999962,5.139999866,42.63999939,288.0,37.70999908,24.35000038,53.52999878,34.56000137,96.69999695,107.0500031,38.18000031,7.855000019,10.36600018,11.19799995,21.84000015,20.86000061,9.100000381,34.39372253,93.65000153,295.05,10.44999981,70.80000305,4.26,16.29000092,84.41999817,14.53999996,49.52999878,10.23999977,546.95,32.54999924,17.98999977,130.4499969,44.25,46.91999817,244.3999939,24.04000092,54.38999939
508,8.109999657,13.85000038,4.440000057,5.099999905,44.29999924,282.0,38.06999969,23.55999947,52.43999863,31.98999977,94.29000092,106.8799973,37.31000137,7.921999931,10.07600021,11.27200031,21.29999924,19.93000031,8.949999809,34.80028534,92.98999786,293.68,10.65499973,70.80000305,4.192,15.89000034,84.55000305,14.00500011,48.49000168,10.09000015,537.8,32.81999969,17.54999924,130.4499969,42.02000046,45.72000122,248.6000061,23.88999939,52.72999954
509,7.900000095,13.93000031,4.400000095,5.150000095,43.77999878,289.0,39.06000137,23.63999939,52.77000046,32.36000061,94.30000305,107.2099991,37.84000015,8.001000404,10.06200027,11.29599953,21.57999992,19.88999939,9.020000458,35.20684814,94.54000092,292.57,10.76000023,69.0,4.1785,15.93999958,86.27999878,13.51000023,48.54000092,10.10000038,534.0,33.59000015,17.5,126.1999969,41.40999985,45.79999924,252.1000061,24.04000092,52.74000168
510,7.900000095,13.93000031,4.400000095,5.150000095,43.77999878,289.0,39.06000137,23.63999939,52.77000046,32.36000061,94.30000305,107.2099991,37.84000015,8.001000404,10.06200027,11.29599953,21.57999992,19.88999939,9.020000458,35.20684814,94.54000092,292.57,10.76000023,69.0,4.1785,15.93999958,86.27999878,13.51000023,48.54000092,10.10000038,534.0,33.59000015,17.5,126.1999969,41.40999985,45.79999924,252.1000061,24.04000092,52.74000168
511,7.789999962,14.0,4.429999828,5.119999886,46.41999817,289.0,40.34000015,24.38999939,54.79000092,34.09999847,96.73000336,105.8300018,38.72999954,7.831999779,10.23400021,11.38000011,21.92000008,20.86000061,9.210000038,34.99286652,96.04000092,297.69,10.67000008,68.66666412,4.3335,16.28000069,84.40000153,13.84500027,49.54999924,10.42000008,544.85,33.34000015,18.29999924,124.9499969,43.02000046,46.72999954,255.6000061,24.5,54.90999985
512,7.829999924,13.88000011,4.510000229,5.25,47.81999969,290.0,40.54999924,24.64999962,55.40999985,36.0,97.83999634,105.1500015,39.0,7.788000107,10.31799984,11.17000008,22.07999992,21.04000092,9.329999924,34.8858757,94.47000122,298.7,10.57999992,70.59999847,4.35,16.47999954,84.13999939,14.61999989,50.34000015,10.80000019,545.0,33.5,18.70999908,125.9000015,44.72999954,46.90000153,259.8999939,24.63999939,55.36000061
513,7.809999943,13.64000034,4.610000134,5.309999943,53.95000076,291.0,40.72000122,24.62999916,56.02000046,36.33000183,98.51000214,105.3799973,39.13000107,7.761000156,10.32999992,11.14799976,22.18000031,21.13999939,9.479999542,34.87161255,93.62999725,296.7,10.52999973,70.73332977,4.47,16.46999931,84.52999878,15.09500027,50.45999908,10.89000034,538.5,33.08000183,18.71999931,126.0500031,45.54999924,47.06000137,256.5,24.59000015,55.45999908
514,7.730000019,13.30000019,4.650000095,5.28000021,52.81999969,291.0,40.75999832,24.29999924,55.13000107,36.22999954,97.22000122,104.8499985,38.91999817,7.677999973,10.30599976,11.0880003,21.96999931,20.94000053,9.199999809,34.79315186,93.68000031,294.34,10.47500038,70.40000153,4.4395,16.13999939,83.80999756,14.81000042,50.70000076,10.77000046,531.7,33.04999924,18.65999985,125.6500015,44.22000122,46.65000153,258.3999939,24.14999962,54.70999908
515,7.739999771,13.36999989,4.730000019,5.289999962,53.61999893,289.0,40.81000137,24.94000053,56.74000168,36.88999939,98.63999939,104.6699982,39.43999863,7.678999901,10.42800045,11.06400013,22.45000076,21.71999931,9.489999771,35.01426315,94.44000244,299.66,10.44999981,70.6333313,4.5385,16.59000015,83.41000366,14.40499973,50.61999893,11.21000004,537.8,32.79999924,19.20999908,127.25,45.43000031,47.38000107,254.8000031,24.61000061,55.77000046
516,7.739999771,13.36999989,4.730000019,5.289999962,53.61999893,289.0,40.81000137,24.94000053,56.74000168,36.88999939,98.63999939,104.6699982,39.43999863,7.678999901,10.42800045,11.06400013,22.45000076,21.71999931,9.489999771,35.01426315,94.44000244,299.66,10.44999981,70.6333313,4.5385,16.59000015,83.41000366,14.40499973,50.61999893,11.21000004,537.8,32.79999924,19.20999908,127.25,45.43000031,47.38000107,254.8000031,24.61000061,55.77000046
517,7.800000191,13.5,4.860000134,5.230000019,61.61000061,293.0,40.79000092,24.70000076,56.20000076,37.36999893,98.38999939,104.7900009,39.52999878,7.748000145,10.43200016,11.11400032,22.26000023,21.68000031,9.300000191,35.12838745,95.69000244,305.17,10.44999981,71.56666565,4.671,16.34000015,83.94999695,14.14000034,50.84000015,11.02999973,539.3,32.66999817,18.94000053,129.1499939,45.43000031,47.52000046,255.0,24.55999947,55.15999985
518,7.769999981,13.0,4.940000057,5.480000019,60.54000092,289.0,40.52000046,24.45999908,55.52999878,36.97000122,96.76999664,104.6600037,39.31000137,7.717000008,10.45400047,11.17800045,22.26000023,21.19000053,9.300000191,34.9643364,94.0,305.65,10.49499989,73.90000153,4.5975,16.27000046,83.98999786,14.28499985,51.54000092,10.84000015,533.6,33.09000015,18.64999962,129.0500031,44.56999969,47.47999954,254.3000031,24.69000053,54.52000046
519,7.940000057,13.52000046,4.929999828,5.570000172,57.34000015,292.0,40.75999832,24.30999947,54.65000153,37.40999985,95.70999908,106.1200027,39.47000122,7.803999901,10.49600029,11.20800018,22.47999954,21.35000038,9.43999958,35.37803268,94.05999756,312.89,10.58500004,73.83333588,4.767,16.15999985,85.33999634,14.75,52.34000015,10.77000046,541.55,33.5,18.45999908,133.3999939,44.50999832,47.61000061,256.6000061,24.64999962,53.77000046
520,7.670000076,14.18999958,4.960000038,5.710000038,61.97000122,286.0,41.41999817,24.84000015,56.59999847,37.59000015,97.70999908,106.6500015,39.81999969,7.788000107,10.63199997,11.14400005,22.81999969,22.17000008,9.670000076,35.73466492,94.87000275,312.3,10.625,73.43333435,4.762,16.42000008,86.48000336,15.10499954,53.24000168,10.60000038,550.7,33.50999832,18.89999962,133.6000061,45.18000031,48.16999817,265.6000061,25.11000061,55.08000183
521,7.699999809,15.10000038,5.050000191,5.679999828,59.15999985,288.0,41.66999817,24.78000069,56.24000168,37.11999893,97.48999786,105.6800003,40.02999878,7.722000122,10.52999973,11.12199974,22.80999947,22.35000038,9.649999619,35.53495026,94.05999756,317.94,10.55500031,75.40000153,4.7905,16.34000015,85.69000244,14.81000042,53.22000122,10.44999981,555.4,33.34999847,18.71999931,133.8500061,44.24000168,48.34000015,265.5,24.96999931,54.86999893
522,7.699999809,15.10000038,5.050000191,5.679999828,59.15999985,288.0,41.66999817,24.78000069,56.24000168,37.11999893,97.48999786,105.6800003,40.02999878,7.722000122,10.52999973,11.12199974,22.80999947,22.35000038,9.649999619,35.53495026,94.05999756,317.94,10.55500031,75.40000153,4.7905,16.34000015,85.69000244,14.81000042,53.22000122,10.44999981,555.4,33.34999847,18.71999931,133.8500061,44.24000168,48.34000015,265.5,24.96999931,54.86999893
523,7.769999981,14.44999981,5.010000229,5.900000095,58.29999924,287.0,41.66999817,24.78000069,56.24000168,37.11999893,97.48999786,105.6800003,40.02999878,7.715000153,10.58600044,11.09799957,22.80999947,22.35000038,9.649999619,35.53495026,94.05999756,328.93,10.41499996,74.40000153,4.8235,16.34000015,85.69000244,14.95499992,53.72000122,10.44999981,550.7,33.16999817,18.71999931,132.1999969,42.70999908,48.34000015,263.8999939,24.96999931,54.86999893
524,7.809999943,15.89999962,5.130000114,5.889999866,59.97999954,288.0,41.27000046,24.59000015,55.97999954,37.38000107,97.05999756,103.1999969,39.95999908,7.590000153,10.58199978,11.00800037,22.62000084,22.98999977,9.5,35.31383514,94.48000336,327.73,10.38000011,74.56666565,4.725,16.15999985,85.02999878,15.18500042,54.54000092,10.55000019,547.3,32.65000153,18.43000031,130.0500031,42.27999878,48.27999878,264.3999939,24.62000084,54.54999924
525,7.730000019,15.85999966,5.159999847,6.480000019,55.0,290.0,40.22000122,24.42000008,55.27999878,36.38999939,96.38999939,105.3300018,40.40999985,7.518000126,10.59000015,11.0880003,22.31999969,22.60000038,9.43999958,35.92011261,95.43000031,327.6,10.35000038,75.06666565,4.8685,16.09000015,86.44000244,14.57999992,54.38000107,9.75,555.9,32.72999954,18.23999977,133.25,41.63000107,48.65999985,252.5,24.75,54.04999924
526,7.869999886,15.64000034,5.269999981,7.03000021,55.77000046,322.0,40.27000046,24.30999947,55.58000183,36.90000153,96.0,104.6200027,40.08000183,7.53000021,10.58600044,11.1079998,22.20999908,22.43000031,9.319999695,35.82738876,98.88999939,324.57,10.27499962,75.19999695,4.7025,15.97999954,85.83999634,14.30500031,53.45999908,9.970000267,541.9,33.04000092,18.54000092,132.75,40.38999939,48.18000031,252.3999939,24.13999939,54.09000015
527,8.069999695,15.53999996,5.190000057,6.909999847,56.24000168,302.0,40.08000183,24.5,55.72999954,36.36000061,96.06999969,103.1999969,39.79999924,7.375,10.54399967,10.97999954,22.09000015,22.84000015,9.300000191,35.59914398,99.41000366,326.43,10.06999969,75.19999695,4.724,15.97000027,84.93000031,13.93500042,53.22000122,9.93999958,543.3,32.77999878,18.29999924,132.75,40.27999878,48.18000031,250.0,24.28000069,53.97999954
528,8.069999695,15.53999996,5.190000057,6.909999847,56.24000168,302.0,40.08000183,24.5,55.72999954,36.36000061,96.06999969,103.1999969,39.79999924,7.375,10.54399967,10.97999954,22.09000015,22.84000015,9.300000191,35.59914398,99.41000366,326.43,10.06999969,75.19999695,4.724,15.97000027,84.93000031,13.93500042,53.22000122,9.93999958,543.3,32.77999878,18.29999924,132.75,40.27999878,48.18000031,250.0,24.28000069,53.97999954
529,8.289999962,15.28999996,5.5,7.21999979,51.68999863,309.0,39.34000015,25.04000092,57.59000015,37.72999954,97.97000122,102.7300034,40.13999939,7.499000072,10.80599976,11.12800026,22.29000092,23.26000023,9.340000153,36.06276703,106.1699982,332.75,10.25500011,76.0,4.7365,16.13999939,84.58000183,13.44999981,54.59999847,10.31000042,559.4,33.02999878,19.0,131.0500031,43.61999893,49.65999985,260.7999878,24.80999947,55.36999893
530,8.239999771,14.93000031,5.710000038,6.78000021,51.70000076,302.0,39.33000183,24.64999962,56.93999863,37.09000015,96.19999695,101.6100006,39.79999924,7.434999943,10.90400028,11.22200012,22.23999977,23.29000092,9.300000191,35.93437958,105.1600037,338.98,10.07999992,76.83333588,4.6795,16.01000023,84.63999939,14.02999973,53.43999863,10.18000031,557.25,33.47000122,18.55999947,133.0,45.0,49.00999832,259.7999878,24.75,54.58000183
531,8.220000267,14.85999966,5.989999771,6.699999809,54.75,301.0,38.75,25.77000046,59.31999969,37.59999847,98.23999786,102.0299988,40.27000046,7.025000095,10.98999977,11.04599953,22.29000092,24.42000008,9.239999771,36.26961517,104.6999969,343.34,9.49600029,77.59999847,4.681,16.37999916,84.61000061,13.26000023,53.36000061,10.27999973,568.1,32.54000092,19.62000084,140.0500031,47.43000031,49.72999954,252.3999939,25.79999924,56.41999817
532,8.229999542,14.52000046,5.949999809,6.619999886,49.56999969,304.0,38.66999817,25.34000015,59.22999954,36.54000092,97.31999969,101.4100037,40.06000137,7.000999928,11.02400017,10.96800041,22.19000053,23.87000084,9.140000343,35.79172516,103.2900009,338.5,9.369999886,78.90000153,4.648,16.15999985,84.0,13.15499973,52.13999939,10.18000031,576.45,32.5,19.56999969,140.25,45.33000183,49.25,254.8999939,25.40999985,55.81999969
533,8.069999695,14.75,5.699999809,6.900000095,49.02000046,309.0,38.97000122,25.23999977,58.91999817,36.97000122,96.76000214,99.66999817,39.65000153,6.959000111,10.94200039,10.85200024,22.0,23.25,9.100000381,35.56348038,104.0199966,334.5,9.354000092,78.83333588,4.651,15.96000004,81.63999939,12.72000027,50.90000153,9.710000038,567.1,31.96999931,19.36000061,137.8999939,44.86999893,49.15999985,247.6999969,25.28000069,55.15999985
534,8.069999695,14.75,5.699999809,6.900000095,49.02000046,309.0,38.97000122,25.23999977,58.91999817,36.97000122,96.76000214,99.66999817,39.65000153,6.959000111,10.94200039,10.85200024,22.0,23.25,9.100000381,35.56348038,104.0199966,334.5,9.354000092,78.83333588,4.651,15.96000004,81.63999939,12.72000027,50.90000153,9.710000038,567.1,31.96999931,19.36000061,137.8999939,44.86999893,49.15999985,247.6999969,25.28000069,55.15999985
535,7.829999924,14.75,5.699999809,6.900000095,49.02000046,309.0,38.11000061,24.82999992,57.06999969,34.31000137,94.77999878,99.63999939,38.86999893,6.840000153,10.41399956,10.81999969,21.43000031,23.12999916,8.729999542,35.45648956,95.69000244,325.7,9.262000084,76.40000153,4.504,15.68000031,81.69000244,13.10999966,50.61999893,9.520000458,552.5,32.13000107,18.70999908,134.3000031,44.06999969,47.84999847,247.3000031,24.96999931,53.68999863
536,7.800000191,14.75,5.699999809,6.900000095,49.02000046,309.0,38.25999832,25.22999954,59.33000183,34.88999939,94.84999847,98.91999817,39.22000122,6.899000168,10.60599995,10.92800045,21.52000046,23.29999924,8.850000381,34.9643364,95.01000214,335.3,9.333999634,76.66666412,4.5195,15.77999973,81.91999817,12.61999989,52.0,9.710000038,564.5,32.15000153,18.94000053,135.8500061,44.68999863,48.15999985,251.5,24.70999908,53.63999939
537,7.800000191,15.85999966,6.110000134,7.590000153,50.43999863,320.0,39.18999863,25.64999962,62.25999832,35.34000015,97.63999939,98.54000092,39.52000046,6.940000057,10.88599968,10.97000027,21.73999977,24.02000046,9.25,35.2211113,95.70999908,340.59,9.25399971,77.6333313,4.633,16.12999916,81.90000153,13.28499985,53.56000137,9.979999542,586.0,31.88999939,19.73999977,137.8500061,46.43999863,48.38999939,256.3999939,25.03000069,55.20999908
538,8.029999733,16.12000084,5.989999771,7.869999886,51.09999847,320.0,38.72000122,26.15999985,63.70999908,34.33000183,100.0599976,98.40000153,40.08000183,7.078999996,10.90200043,11.02000046,21.89999962,24.06999969,9.489999771,35.41369629,93.44999695,343.47,9.300000191,78.66666412,4.6195,16.48999977,81.26999664,13.875,54.22000122,10.39000034,598.25,32.20999908,20.17000008,143.6499939,46.54999924,49.22999954,266.5,25.46999931,57.08000183
539,8.069999695,15.67000008,5.96999979,7.610000134,53.47999954,324.0,38.20999908,26.23999977,65.01999664,33.72000122,100.5999985,98.45999908,40.02999878,7.018000126,10.93200016,10.92800045,21.45000076,23.94000053,9.279999733,35.12125397,91.15000153,344.29,9.218000412,78.16666412,4.588,16.53000069,80.69999695,14.38000011,52.04000092,10.30000019,614.0,32.04999924,20.21999931,139.1000061,47.68000031,49.66999817,260.3999939,25.39999962,57.59000015
540,8.069999695,15.67000008,5.96999979,7.610000134,53.47999954,324.0,38.20999908,26.23999977,65.01999664,33.72000122,100.5999985,98.45999908,40.02999878,7.018000126,10.93200016,10.92800045,21.45000076,23.94000053,9.279999733,35.12125397,91.15000153,344.29,9.218000412,78.16666412,4.588,16.53000069,80.69999695,14.38000011,52.04000092,10.30000019,614.0,32.04999924,20.21999931,139.1000061,47.68000031,49.66999817,260.3999939,25.39999962,57.59000015
541,8.479999542,16.20000076,6.210000038,7.389999866,51.95000076,335.0,37.79999924,27.07999992,66.70999908,34.66999817,102.9700012,97.62999725,40.38999939,6.947000027,11.18599987,10.89999962,21.81999969,24.69000053,9.630000114,34.87161255,95.55999756,355.19,9.196000099,79.09999847,4.5625,16.97999954,78.76000214,14.06999969,51.31999969,10.44999981,627.85,32.31000137,20.98999977,138.75,51.22000122,50.43000031,261.7000122,26.04000092,59.29999924
542,8.970000267,16.29000092,6.489999771,7.699999809,48.70000076,339.0,36.84999847,27.23999977,67.80000305,33.61000061,103.3600006,97.05000305,39.79999924,6.836999893,11.26399994,10.81799984,21.78000069,25.15999985,9.510000229,34.37945938,95.25,354.07,8.979999542,81.96666718,4.4245,16.88999939,77.26999664,13.625,48.38999939,10.25,617.85,31.54000092,20.89999962,140.0500031,51.86000061,49.02000046,258.0,26.07999992,59.91999817
543,8.729999542,15.75,6.039999962,7.28000021,50.18000031,353.0,36.88999939,27.11000061,68.04000092,33.40000153,103.3300018,98.33999634,39.81999969,6.793000221,11.38799953,10.71399975,21.87999916,24.84000015,9.579999924,34.68616486,94.06999969,360.88,8.934000015,84.96666718,4.687,16.92000008,78.34999847,13.72999954,48.68999863,10.38000011,618.9,31.42000008,20.73999977,151.6000061,51.22000122,48.13000107,266.2999878,26.27000046,59.88000107
544,8.699999809,15.84000015,6.010000229,7.210000038,53.56000137,320.0,36.90999985,27.32999992,67.76999664,34.59000015,101.4499969,97.58999634,39.79999924,6.651000023,11.54599953,10.56799984,21.63999939,25.5,9.579999924,34.47931671,95.45999908,360.8,8.684000015,83.53333282,4.6315,16.72999954,78.51999664,13.06499958,48.97000122,10.34000015,614.35,30.54999924,20.73999977,158.75,51.25999832,48.09000015,257.5,25.94000053,58.81999969
545,8.699999809,15.84000015,6.010000229,7.210000038,53.56000137,321.0,36.72000122,27.60000038,70.09999847,34.41999817,104.3300018,98.45999908,40.02000046,6.729000092,11.48200035,10.77000046,21.79999924,26.30999947,9.75,34.08702087,96.56999969,363.25,8.727999687,84.93333435,4.758,16.90999985,79.20999908,13.01000023,49.65999985,10.73999977,618.45,30.67000008,20.95999908,163.75,51.06000137,48.65000153,248.1999969,26.39999962,60.93000031
546,8.699999809,15.84000015,6.010000229,7.210000038,53.56000137,321.0,36.72000122,27.60000038,70.09999847,34.41999817,104.3300018,98.45999908,40.02000046,6.729000092,11.48200035,10.77000046,21.79999924,26.30999947,9.75,34.08702087,96.56999969,363.25,8.727999687,84.93333435,4.758,16.90999985,79.20999908,13.01000023,49.65999985,10.73999977,618.45,30.67000008,20.95999908,163.75,51.06000137,48.65000153,248.1999969,26.39999962,60.93000031
547,8.739999771,15.84000015,6.010000229,7.210000038,53.56000137,338.0,36.25999832,28.01000023,71.48999786,31.89999962,104.7200012,100.7600021,40.41999817,6.737999916,11.6420002,10.85000038,22.62999916,26.5,10.07999992,34.48644638,95.01000214,376.06,8.637999535,84.16666412,4.7985,16.94000053,79.36000061,12.51500034,48.58000183,10.81000042,631.7,31.13999939,21.37000084,168.6000061,52.04000092,49.15999985,230.1999969,27.34000015,61.72000122
548,8.960000038,15.84000015,6.010000229,7.210000038,53.56000137,348.0,35.79999924,28.42000008,71.73000336,32.08000183,105.8600006,100.1699982,40.18000031,6.793000221,11.84799957,11.06999969,23.10000038,26.82999992,9.859999657,34.47931671,95.59999847,389.82,8.788000107,86.59999847,5.025,16.92000008,79.48000336,12.48999977,48.43999863,10.97000027,655.25,31.94000053,22.12000084,179.3999939,53.5,48.77999878,230.1999969,27.28000069,61.61999893
549,9.170000076,15.84000015,6.010000229,7.210000038,53.56000137,369.0,36.06999969,28.11000061,71.80999756,31.79000092,104.9300003,101.8499985,40.54999924,6.728000164,11.66600037,11.05799961,22.88999939,25.95999908,9.420000076,35.02853012,95.18000031,381.3,8.798000336,86.73332977,4.915,16.73999977,81.18000031,12.06999969,47.02000046,10.68000031,646.0,31.79999924,21.55999947,175.9499969,50.68000031,48.58000183,233.3999939,27.05999947,60.49000168
550,8.850000381,15.84000015,6.010000229,7.210000038,53.56000137,358.0,36.33000183,28.22999954,71.51000214,32.06999969,105.6800003,100.9599991,40.79999924,6.902999878,11.5880003,11.02600002,23.12000084,25.71999931,9.640000343,34.7432251,97.51999664,370.7,9.413999557,88.16666412,5.0065,16.94000053,80.91999817,12.42500019,47.63000107,10.64000034,647.95,31.72999954,22.30999947,177.75,50.22000122,49.15999985,229.6999969,27.63999939,60.65999985
551,8.899999619,15.69999981,6.28000021,7.119999886,49.65999985,360.0,36.25,28.87000084,74.91999817,33.02999878,108.0500031,100.5299988,41.36999893,6.919000149,11.8579998,10.80799961,23.51000023,26.32999992,9.93999958,34.48644638,98.66999817,366.17,9.43599987,87.8666687,4.9725,17.46999931,80.20999908,12.50500011,47.63000107,10.81999969,631.0,30.95000076,23.10000038,176.8500061,52.70000076,49.81000137,222.5,28.31999969,62.18000031
552,8.899999619,15.69999981,6.28000021,7.119999886,49.65999985,360.0,36.25,28.87000084,74.91999817,33.02999878,108.0500031,100.5299988,41.36999893,6.919000149,11.8579998,10.80799961,23.51000023,26.32999992,9.93999958,34.48644638,98.66999817,366.17,9.43599987,87.8666687,4.9725,17.46999931,80.20999908,12.50500011,47.63000107,10.81999969,631.0,30.95000076,23.10000038,176.8500061,52.70000076,49.81000137,222.5,28.31999969,62.18000031
553,8.899999619,14.18000031,6.150000095,6.909999847,48.27000046,362.0,36.70999908,29.10000038,73.97000122,34.22000122,107.1299973,99.70999908,41.34000015,6.748000145,12.00599957,10.35000038,23.5,26.45999908,9.930000305,33.93009949,102.2900009,369.81,9.276000023,87.69999695,4.9915,17.73999977,77.83000183,13.01500034,47.38999939,10.72000027,641.55,30.13999939,23.42000008,191.5,54.93999863,49.90000153,224.1000061,28.62999916,61.56000137
554,8.68999958,13.68000031,6.0,6.590000153,50.09999847,360.0,38.16999817,29.10000038,73.41000366,36.36999893,107.1500015,99.81999969,41.84000015,6.764999866,11.97399998,10.41399956,23.98999977,26.56999969,9.899999619,34.44365311,105.2699966,364.1,9.359999657,87.5,4.979,17.94000053,78.87000275,13.36499977,46.58000183,10.72000027,638.65,30.40999985,23.42000008,195.8000031,53.58000183,51.25,235.8000031,28.93000031,61.24000168
555,8.68999958,13.51000023,5.75,6.269999981,57.0,354.0,38.93000031,29.19000053,73.23000336,36.81999969,107.7900009,100.6999969,42.11000061,6.829999924,11.82199955,10.45600033,24.02000046,27.0,9.960000038,35.00713348,106.0199966,362.77,9.482000351,87.5,4.9545,17.96999931,80.19000244,13.92000008,47.97999954,11.05000019,632.85,30.92000008,23.47999954,224.1999969,53.15999985,51.59000015,247.1000061,28.93000031,61.06999969
556,8.68999958,14.01000023,5.699999809,6.289999962,58.54999924,356.0,38.22000122,29.45000076,73.84999847,36.27999878,108.8099976,101.6500015,42.52999878,6.940000057,11.97999954,10.39799976,24.10000038,27.40999985,9.93999958,35.75606155,106.1999969,367.0,9.592000008,89.59999847,5.1195,18.37999916,81.45999908,14.22999954,48.88999939,10.93000031,640.45,30.70999908,23.54999924,222.6000061,51.81999969,52.56000137,244.0,29.37000084,62.0
557,8.680000305,13.76000023,5.949999809,6.340000153,59.47000122,357.0,38.04999924,29.93000031,74.13999939,36.70999908,109.6100006,100.3499985,42.56000137,6.919000149,12.20800018,10.60599995,24.25,27.25,9.989999771,35.52781677,105.1100006,367.76,9.447999954,89.59999847,5.0485,18.45999908,81.66999817,13.625,48.66999817,11.09000015,645.45,32.09000015,23.51000023,222.6000061,52.04000092,53.68000031,252.0,29.54999924,62.59000015
558,8.680000305,13.76000023,5.949999809,6.340000153,59.47000122,357.0,38.04999924,29.93000031,74.13999939,36.70999908,109.6100006,100.3499985,42.56000137,6.919000149,12.20800018,10.60599995,24.25,27.25,9.989999771,35.52781677,105.1100006,367.76,9.447999954,89.59999847,5.0485,18.45999908,81.66999817,13.625,48.66999817,11.09000015,645.45,32.09000015,23.51000023,222.6000061,52.04000092,53.68000031,252.0,29.54999924,62.59000015
559,8.800000191,14.02000046,6.010000229,6.579999924,64.19999695,354.0,37.79999924,29.70999908,74.5,37.02000046,109.5599976,99.86000061,42.65000153,6.906000137,12.23600006,10.55599976,24.56999969,27.39999962,10.05000019,35.58488083,104.7799988,363.5,9.394000053,90.90000153,5.0455,18.46999931,80.98999786,12.99499989,48.77999878,10.96000004,639.25,31.92000008,23.17000008,257.2999878,51.61999893,53.68000031,249.1999969,29.29000092,62.56000137
560,8.800000191,13.85999966,5.960000038,6.510000229,63.38999939,342.0,38.13000107,29.86000061,75.31999969,37.34999847,111.6999969,101.1299973,42.88999939,7.080999851,12.17199993,10.68799973,24.46999931,27.82999992,10.06999969,35.89158249,108.2799988,368.83,9.645999908,89.19999695,5.037,18.45000076,82.02999878,13.35999966,49.70999908,10.34000015,643.0,32.27999878,23.15999985,229.75,52.08000183,54.43999863,252.1000061,29.0,63.5
561,8.600000381,14.02999973,5.849999905,6.630000114,67.30000305,342.0,38.11999893,30.12999916,76.01999664,37.25,113.1600037,102.2300034,43.18000031,7.210000038,12.31799984,10.80000019,24.69000053,28.26000023,10.18999958,36.52639008,103.2300034,369.97,9.833999634,87.03333282,5.078,18.64999962,83.91999817,13.81000042,51.20000076,10.68000031,643.7,32.86999893,23.15999985,230.3500061,52.40000153,55.15000153,266.7000122,29.15999985,63.84999847
562,8.68999958,14.05000019,5.880000114,6.659999847,64.06999969,340.0,37.91999817,29.44000053,74.58999634,38.20999908,111.7399979,103.0,42.52000046,7.172999859,12.13399982,10.85200024,24.39999962,27.75,9.890000343,36.42653275,106.2900009,363.37,9.751999855,87.7666626,4.971,17.53000069,83.80999756,16.75,50.72000122,10.05000019,633.3,32.77999878,22.57999992,226.1499939,50.38000107,54.59000015,271.8999939,28.52000046,62.68999863
563,8.550000191,13.76000023,5.699999809,6.46999979,62.65999985,339.0,37.90999985,29.51000023,75.72000122,37.52000046,112.8000031,103.7799988,42.79999924,7.126999855,12.07800007,10.90200043,24.43000031,27.60000038,9.880000114,36.59771729,106.2200012,358.12,9.715999603,87.1333313,4.958,17.67000008,84.41999817,15.625,50.5,9.949999809,634.5,33.13000107,22.86000061,222.0,48.84000015,55.0,274.2999878,28.64999962,63.11999893
564,8.550000191,13.76000023,5.699999809,6.46999979,62.65999985,339.0,37.90999985,29.51000023,75.72000122,37.52000046,112.8000031,103.7799988,42.79999924,7.126999855,12.07800007,10.90200043,24.43000031,27.60000038,9.880000114,36.59771729,106.2200012,358.12,9.715999603,87.1333313,4.958,17.67000008,84.41999817,15.625,50.5,9.949999809,634.5,33.13000107,22.86000061,222.0,48.84000015,55.0,274.2999878,28.64999962,63.11999893
565,8.659999847,14.30000019,5.909999847,6.800000191,66.69999695,336.0,38.52000046,29.70999908,76.51999664,39.04999924,113.8499985,102.8399963,42.65999985,7.06099987,12.27799988,10.78999996,24.55999947,28.09000015,9.979999542,36.79743195,109.0400009,364.84,9.649999619,86.96666718,4.987,17.85000038,84.29000092,15.26000023,51.06000137,10.71000004,655.05,32.59000015,23.51000023,213.6000061,49.52999878,54.77999878,269.8999939,28.79999924,64.34999847
566,8.56000042,14.26000023,5.849999905,6.929999828,67.16999817,337.0,38.02999878,29.63999939,77.02999878,38.20999908,114.0999985,103.2900009,42.56999969,7.144999981,12.3579998,10.92599964,24.26000023,28.02000046,9.859999657,37.10413742,108.9400024,364.82,9.88599968,87.66666412,4.939,17.62000084,85.47000122,16.86000061,51.15999985,10.53999996,650.8,33.25,23.67000008,225.3000031,48.20000076,54.45000076,273.0,28.59000015,65.83999634
567,8.520000458,14.07999992,5.809999943,7.099999905,71.08000183,316.0,38.75999832,29.25,74.43000031,38.79000092,112.0699997,102.7600021,42.15999985,7.21600008,12.26799965,11.07800007,23.87000084,26.04000092,9.729999542,37.0756073,110.2300034,362.17,10.05000019,87.19999695,4.884,17.29999924,85.01000214,17.41500092,48.93999863,10.48999977,638.4,33.61999893,22.88999939,224.25,48.00999832,54.45999908,273.5,28.29999924,64.12999725
568,8.43999958,15.48999977,5.449999809,7.010000229,72.0,309.0,40.38999939,29.21999931,75.15000153,40.84999847,113.1200027,102.4899979,42.27999878,7.269999981,12.16399956,11.18799973,23.13999939,25.93000031,9.680000305,37.62482071,117.8799973,353.21,10.25,85.7666626,4.849,17.35000038,86.41999817,17.48500061,49.13000107,10.56000042,641.25,33.81999969,25.90999985,218.0,45.77000046,54.68000031,279.7000122,28.42000008,64.30999756
569,8.579999924,15.23999977,5.480000019,6.849999905,78.30000305,315.0,40.09999847,28.79000092,74.48999786,41.54999924,114.4899979,102.0100021,41.86000061,7.236000061,12.40400028,10.9659996,22.68000031,25.43000031,9.510000229,37.93865967,119.5899963,350.18,10.21500015,85.30000305,4.776,16.75,85.33000183,17.82999992,48.18999863,9.819999695,636.1,33.27000046,26.29999924,214.3000031,45.97000122,54.09999847,278.2999878,28.09000015,64.47000122
570,8.579999924,15.23999977,5.480000019,6.849999905,78.30000305,315.0,40.09999847,28.79000092,74.48999786,41.54999924,114.4899979,102.0100021,41.86000061,7.236000061,12.40400028,10.9659996,22.68000031,25.43000031,9.510000229,37.93865967,119.5899963,350.18,10.21500015,85.30000305,4.776,16.75,85.33000183,17.82999992,48.18999863,9.819999695,636.1,33.27000046,26.29999924,214.3000031,45.97000122,54.09999847,278.2999878,28.09000015,64.47000122
571,8.539999962,16.40999985,5.380000114,6.760000229,74.0,321.0,40.70999908,29.28000069,74.58999634,41.29000092,114.5299988,102.3099976,42.40000153,7.284999847,12.74600029,11.1260004,22.79999924,26.23999977,9.930000305,38.43794632,121.1399994,359.1,10.29500008,87.7666626,4.825,17.04999924,85.58999634,19.24500084,48.00999832,10.19999981,641.9,33.79999924,26.71999931,222.9499969,46.29000092,54.5,278.8999939,28.54000092,65.62999725
572,8.470000267,16.18000031,5.269999981,6.949999809,73.48999786,315.0,40.06000137,27.94000053,73.02999878,39.08000183,113.8300018,102.4499969,42.13000107,7.230999947,12.53999996,11.18799973,22.19000053,26.0,9.829999924,38.33095551,118.6500015,352.48,10.29500008,87.19999695,4.7285,16.95999908,85.41999817,18.5,47.90000153,10.06999969,630.2,33.43999863,25.76000023,228.5,45.90000153,54.22000122,266.5,28.38999939,64.81999969
573,8.409999847,16.31999969,5.179999828,7.190000057,69.5,315.0,39.88000107,27.26000023,72.73999786,39.52999878,113.0100021,102.5400009,42.15000153,7.256000042,12.38000011,11.15600014,22.25,25.89999962,9.680000305,38.5520668,116.8300018,353.02,10.14000034,88.3666687,4.771,16.85000038,85.23999786,17.80500031,48.79999924,9.899999619,619.75,32.88999939,25.38999939,228.8000031,44.40000153,53.95000076,218.0,28.29999924,63.93000031
574,8.340000153,17.06999969,5.070000172,7.170000076,69.69999695,314.0,39.90000153,27.30999947,73.30999756,39.58000183,113.5100021,101.0199966,41.93000031,7.251999855,12.56000042,11.24800014,22.39999962,25.89999962,9.229999542,38.59486389,116.6600037,353.02,10.20499992,89.7666626,4.771,16.75,84.76000214,19.01000023,49.09000015,9.529999733,619.75,32.79999924,25.93000031,231.3500061,44.31000137,53.50999832,220.1000061,28.28000069,64.41000366
575,8.159999847,16.14999962,4.900000095,6.659999847,69.59999847,310.0,39.61999893,27.85000038,75.44999695,38.38000107,114.7399979,101.6800003,43.29999924,7.294000149,12.67199993,11.06400013,22.57999992,26.28000069,9.300000191,38.61626053,116.3099976,350.6,10.27499962,89.7666626,4.7425,16.95000076,85.52999878,19.09499931,49.90999985,9.720000267,626.25,32.47999954,26.52000046,231.3500061,44.36999893,51.45000076,210.0,28.55999947,65.01999664
576,8.159999847,16.14999962,4.900000095,6.659999847,69.59999847,310.0,39.61999893,27.85000038,75.44999695,38.38000107,114.7399979,101.6800003,43.29999924,7.294000149,12.67199993,11.06400013,22.57999992,26.28000069,9.300000191,38.61626053,116.3099976,350.6,10.27499962,89.7666626,4.7425,16.95000076,85.52999878,19.09499931,49.90999985,9.720000267,626.25,32.47999954,26.52000046,231.3500061,44.36999893,51.45000076,210.0,28.55999947,65.01999664
577,8.210000038,16.20000076,4.929999828,6.550000191,72.48999786,308.0,39.06000137,28.02000046,75.93000031,38.59999847,115.1500015,101.4199982,42.33000183,7.195000172,12.68200016,11.03999996,22.75,27.09000015,9.350000381,37.8887291,115.0299988,351.47,10.13500023,93.6333313,4.731,16.84000015,84.58999634,19.39500046,49.36000061,9.840000153,631.7,32.04000092,26.38999939,234.5500031,45.41999817,50.61000061,224.0,28.47999954,65.72000122
578,8.180000305,16.57999992,4.849999905,6.630000114,69.19999695,305.0,38.93999863,28.20000076,75.75,38.25999832,116.0,101.9599991,42.29000092,7.093999863,12.61999989,11.01599979,22.75,26.80999947,9.359999657,38.58060074,114.0999985,349.46,10.10000038,93.1333313,4.812,16.81999969,84.94000244,19.57999992,48.38999939,10.07999992,636.4,32.06999969,26.25,241.8999939,44.93000031,50.50999832,223.1000061,28.53000069,66.36000061
579,8.199999809,16.36000061,4.849999905,6.440000057,67.86000061,306.0,38.75,27.42000008,73.0,36.25999832,114.1500015,101.6200027,42.20000076,7.159999847,12.66399956,11.16399956,22.72999954,25.77000046,9.079999924,38.83737564,110.9899979,345.8,10.15999985,92.96666718,4.7105,16.70000076,85.19999695,20.20000076,47.79999924,10.02999973,629.8,32.59999847,25.87999916,237.0,45.27000046,50.06000137,230.5,28.14999962,64.19000244
580,8.130000114,16.72999954,4.820000172,6.510000229,69.73999786,302.0,38.52999878,27.40999985,72.13999939,40.95000076,114.1600037,100.25,41.79999924,7.098999977,12.64599991,11.05000019,22.88999939,26.12999916,9.170000076,39.01569366,113.5999985,347.44,10.125,88.8666687,4.7795,16.79000092,85.37000275,19.89500046,48.06999969,10.18000031,634.5,32.65999985,25.78000069,239.75,46.38999939,49.54000092,230.8999939,28.88999939,64.30999756
581,8.149999619,18.12000084,4.809999943,6.480000019,73.5,308.0,38.66999817,27.37999916,72.36000061,39.36999893,114.2300034,99.87999725,40.40999985,7.098999977,12.51200008,11.0340004,23.30999947,25.60000038,9.130000114,38.80171204,110.9199982,333.6,10.06999969,88.6333313,4.7385,16.68000031,86.30999756,19.87999916,46.93999863,10.22999954,619.2,32.13000107,25.77000046,239.8500061,46.61000061,49.65000153,238.1000061,28.63999939,63.81999969
582,8.149999619,18.12000084,4.809999943,6.480000019,73.5,308.0,38.66999817,27.37999916,72.36000061,39.36999893,114.2300034,99.87999725,40.40999985,7.098999977,12.51200008,11.0340004,23.30999947,25.60000038,9.130000114,38.80171204,110.9199982,333.6,10.06999969,88.6333313,4.7385,16.68000031,86.30999756,19.87999916,46.93999863,10.22999954,619.2,32.13000107,25.77000046,239.8500061,46.61000061,49.65000153,238.1000061,28.63999939,63.81999969
583,8.119999886,18.26000023,4.809999943,6.320000172,70.80000305,304.0,38.31000137,27.54999924,72.72000122,39.56999969,116.8199997,100.5999985,40.43000031,7.150000095,12.54599953,11.05200005,22.92000008,26.20000076,9.289999962,39.06562042,112.3099976,340.3,10.19499969,88.56666565,4.748,16.86000061,87.33999634,19.67000008,46.72999954,10.32999992,621.55,33.22999954,25.93000031,241.6499939,46.86999893,49.56000137,232.0,28.61000061,64.37000275
584,8.170000076,17.85000038,4.769999981,6.159999847,68.27999878,305.0,38.20000076,27.67000008,72.63999939,40.00999832,117.2799988,99.08000183,40.33000183,7.086999893,12.59799957,11.06400013,23.10000038,27.0,9.239999771,38.69472122,104.4899979,336.79,10.18999958,87.33333588,4.736,16.65999985,86.98000336,18.94000053,46.40000153,10.28999996,621.35,32.93999863,25.59000015,244.5,47.79999924,48.79000092,230.8000031,28.21999931,65.01999664
585,8.119999886,18.12000084,4.829999924,6.179999828,72.23999786,304.0,38.33000183,27.43000031,71.97000122,38.63999939,115.4199982,98.98999786,40.22000122,7.06799984,12.59200001,11.08600044,22.37999916,26.79000092,8.979999542,38.21683121,103.9400024,349.98,10.19499969,85.6333313,4.701,16.51000023,87.77999878,19.70000076,46.38000107,10.03999996,619.5,33.13999939,25.55999947,249.8999939,48.02999878,48.41999817,231.8999939,28.20999908,64.30999756
586,8.06000042,17.79999924,4.769999981,6.230000019,74.36000061,307.0,37.63000107,27.29000092,72.72000122,39.0,114.4499969,98.37000275,40.06999969,7.041999817,12.43000031,11.10200024,22.27000046,26.04999924,8.880000114,38.18830109,103.4300003,345.56,10.15999985,86.23332977,4.599,16.28000069,87.59999847,18.5,45.40999985,9.880000114,614.1,33.40999985,25.63999939,237.1000061,47.38999939,48.16999817,232.3999939,27.96999931,63.61000061
587,8.100000381,17.71999931,4.829999924,6.510000229,81.80000305,307.0,37.65999985,26.22999954,69.61000061,40.88000107,111.9100037,98.41999817,39.72000122,6.949999809,12.16800022,11.02999973,21.70000076,24.69000053,8.699999809,38.23823166,108.3700027,337.62,10.09000015,86.23332977,4.492,16.15999985,88.30999756,19.10000038,45.11999893,9.739999771,590.5,32.75,25.03000069,237.1000061,45.70000076,47.63000107,224.6999969,27.42000008,60.66999817
588,8.100000381,17.71999931,4.829999924,6.510000229,81.80000305,307.0,37.65999985,26.22999954,69.61000061,40.88000107,111.9100037,98.41999817,39.72000122,6.949999809,12.16800022,11.02999973,21.70000076,24.69000053,8.699999809,38.23823166,108.3700027,337.62,10.09000015,86.23332977,4.492,16.15999985,88.30999756,19.10000038,45.11999893,9.739999771,590.5,32.75,25.03000069,237.1000061,45.70000076,47.63000107,224.6999969,27.42000008,60.66999817
589,7.960000038,18.11000061,4.849999905,6.619999886,81.25,308.0,37.45000076,26.65999985,71.88999939,40.63000107,113.9100037,100.25,39.47000122,6.952000141,12.32800007,11.10000038,22.01000023,24.89999962,8.819999695,38.48787308,108.1600037,319.2,10.02499962,83.0,4.375,16.11000061,87.36000061,18.89500046,45.74000168,9.770000458,581.0,32.41999817,25.05999947,227.6499939,46.95000076,47.75999832,219.0,27.60000038,61.50999832
590,7.909999847,18.28000069,4.860000134,6.840000153,78.44999695,308.0,36.52999878,27.45999908,73.77999878,39.20999908,116.3000031,100.7399979,39.81000137,6.907000065,12.38000011,10.63000011,21.98999977,25.78000069,8.949999809,38.78744888,107.1399994,341.77,10.03999996,84.09999847,4.425,16.32999992,87.30999756,17.43000031,44.88999939,10.28999996,601.95,32.5,26.03000069,236.9499969,47.06000137,48.56000137,212.3000031,28.07999992,63.13000107
591,7.949999809,18.07999992,4.949999809,6.769999981,72.98000336,311.0,36.38000107,27.64999962,74.83000183,39.24000168,117.1900024,100.1800003,39.90000153,7.045000076,12.36999989,10.78999996,22.23999977,25.70999908,9.039999962,38.88017273,108.2799988,338.3,10.08500004,85.06666565,4.5575,16.52000046,87.20999908,16.96999931,43.59999847,10.47999954,597.3,32.72999954,26.63999939,238.5500031,47.95000076,48.68000031,213.6999969,28.54999924,63.47999954
592,7.949999809,19.28000069,4.869999886,6.880000114,69.01999664,315.0,36.38000107,27.64999962,74.83000183,39.24000168,117.1900024,100.1800003,39.90000153,7.149000168,12.29599953,11.05799961,22.23999977,25.70999908,9.039999962,38.88017273,108.2799988,337.55,10.26500034,83.7666626,4.537,16.52000046,87.20999908,18.78000069,44.02999878,10.47999954,590.9,34.95999908,26.63999939,242.8000031,47.13999939,48.68000031,225.3999939,28.54999924,63.47999954
593,7.78000021,19.29000092,4.769999981,6.690000057,71.62000275,312.0,35.86000061,25.95999908,71.48000336,38.27999878,114.5100021,99.27999878,38.99000168,6.815999985,11.52999973,10.80200005,21.98999977,24.72999954,8.840000153,38.10984421,105.9199982,326.0,9.946000099,80.6333313,4.3025,16.26000023,86.08999634,17.98999977,42.63999939,10.47000027,555.15,34.11000061,24.77000046,227.3500061,43.47000122,48.13999939,223.8000031,28.23999977,61.25
594,7.78000021,19.29000092,4.769999981,6.690000057,71.62000275,312.0,35.86000061,25.95999908,71.48000336,38.27999878,114.5100021,99.27999878,38.99000168,6.815999985,11.52999973,10.80200005,21.98999977,24.72999954,8.840000153,38.10984421,105.9199982,326.0,9.946000099,80.6333313,4.3025,16.26000023,86.08999634,17.98999977,42.63999939,10.47000027,555.15,34.11000061,24.77000046,227.3500061,43.47000122,48.13999939,223.8000031,28.23999977,61.25
595,7.75,19.65999985,4.739999771,6.849999905,72.76999664,308.0,36.38999939,26.18000031,72.15000153,39.06000137,114.8499985,100.2200012,38.20999908,6.789000034,11.80000019,10.99199963,21.68000031,24.98999977,8.609999657,38.63766098,106.8499985,339.2,9.916000366,79.19999695,4.35,16.01000023,88.66000366,18.41500092,42.97999954,10.81000042,573.25,35.02000046,25.04999924,218.6499939,43.18999863,47.86999893,221.5,28.01000023,61.59000015
596,7.659999847,19.19000053,4.710000038,6.829999924,73.12999725,303.0,36.29999924,25.95999908,70.12999725,37.93999863,112.8700027,97.01000214,37.54000092,6.706999779,11.6420002,10.89400005,21.38999939,25.05999947,8.420000076,37.61055756,103.5999985,334.24,9.904000282,79.30000305,4.2915,15.46000004,86.77999878,18.96999931,41.77000046,10.67000008,566.1,34.15000153,24.35000038,216.8000031,41.72999954,46.90999985,220.0,26.79000092,59.84000015
597,7.78000021,19.52000046,4.860000134,7.099999905,71.0,306.0,35.70000076,25.73999977,69.19999695,36.68000031,112.0999985,96.62000275,37.06999969,6.755000114,11.90400028,10.96399975,21.02000046,24.62999916,8.159999847,37.2967186,101.6399994,345.21,10.06000042,78.46666718,4.386,15.27000046,87.83999634,18.41500092,42.90000153,10.64000034,569.95,35.18999863,23.81999969,225.1999969,42.75,45.54999924,217.8999939,26.63999939,59.79000092
598,7.800000191,18.35000038,4.889999866,7.03000021,67.98999786,306.0,34.97999954,27.05999947,71.26000214,35.22000122,115.1399994,97.65000153,37.38999939,6.590000153,11.93999958,10.81799984,21.30999947,25.45999908,8.319999695,37.74607849,102.0400009,350.3,9.630000114,80.43333435,4.485,15.72999954,88.62000275,17.71500015,41.81999969,10.47000027,582.0,34.15999985,24.14999962,226.3999939,41.90000153,46.0,207.5,27.25,61.27999878
599,7.710000038,17.98999977,4.920000076,7.199999809,71.55000305,304.0,33.99000168,26.90999985,71.11000061,32.52000046,114.4100037,99.87999725,37.27999878,6.526000023,12.01000023,10.75599957,21.20999908,25.0,8.229999542,37.61768723,98.25,345.99,9.694000244,81.46666718,4.4375,15.59000015,88.02999878,17.19000053,41.33000183,10.63000011,576.55,34.63999939,23.57999992,225.6000061,41.11000061,46.00999832,203.0,27.11000061,60.88999939
600,7.710000038,17.98999977,4.920000076,7.199999809,71.55000305,304.0,33.99000168,26.90999985,71.11000061,32.52000046,114.4100037,99.87999725,37.27999878,6.526000023,12.01000023,10.75599957,21.20999908,25.0,8.229999542,37.61768723,98.25,345.99,9.694000244,81.46666718,4.4375,15.59000015,88.02999878,17.19000053,41.33000183,10.63000011,576.55,34.63999939,23.57999992,225.6000061,41.11000061,46.00999832,203.0,27.11000061,60.88999939
601,7.71999979,17.60000038,4.889999866,7.070000172,70.11000061,310.0,34.45999908,27.32999992,72.80999756,32.93999863,116.1999969,101.2099991,37.86999893,6.72300005,12.29199982,11.03999996,21.05999947,25.55999947,8.180000305,38.18117142,99.11000061,338.94,9.961999893,80.6333313,4.378,15.77999973,89.15000153,16.43499947,41.33000183,10.75,575.55,35.20999908,24.37000084,220.8500061,42.31999969,46.16999817,202.6999969,27.31999969,61.58000183
602,7.769999981,17.21999931,4.960000038,7.130000114,72.88999939,313.0,34.95000076,27.54000092,74.56999969,33.66999817,117.9199982,101.1699982,38.70000076,6.81099987,12.56799984,11.03999996,21.03000069,26.35000038,8.359999657,38.45934296,101.1999969,344.96,10.06000042,80.40000153,4.408,16.22999954,90.41000366,17.56999969,44.18000031,11.14999962,589.55,35.20999908,25.06999969,226.4499969,44.91999817,47.15000153,215.1999969,27.76000023,62.27000046
603,7.75,17.97999954,5.010000229,7.079999924,75.19999695,308.0,34.38000107,27.5,74.11000061,34.11000061,118.4499969,100.8499985,38.45999908,6.701000214,12.39000034,11.12800026,21.10000038,26.92000008,8.520000458,38.10984421,100.7099991,340.5,10.01000023,80.2666626,4.38,16.23999977,90.31999969,17.11499977,45.43999863,11.31000042,574.95,34.77999878,24.78000069,229.3999939,45.81999969,46.56999969,215.0,27.63999939,62.45000076
604,7.739999771,17.77000046,5.079999924,7.079999924,76.0,306.0,33.79000092,27.15999985,72.55000305,32.90000153,118.1399994,100.2799988,37.77999878,6.702000141,12.26599979,11.30799961,21.07999992,26.32999992,8.569999695,37.90299606,96.63999939,336.6,9.866000175,79.80000305,4.4135,16.01000023,89.91000366,17.04999924,43.29000092,11.19999981,578.35,34.90000153,24.46999931,227.6999969,44.36000061,45.63999939,211.8999939,26.62000084,62.61000061
605,7.739999771,17.79999924,4.96999979,6.900000095,81.11000061,306.0,33.27000046,27.40999985,73.48999786,32.47000122,118.3399963,101.5100021,37.79000092,6.690000057,12.20600033,11.36999989,21.40999985,26.39999962,8.479999542,38.45220947,97.19999695,332.0,9.737999916,80.03333282,4.3715,16.15999985,90.27999878,16.5,43.22999954,11.27000046,572.1,34.52000046,24.62000084,228.0,44.41999817,45.61999893,205.3000031,26.63999939,63.00999832
606,7.739999771,17.79999924,4.96999979,6.900000095,81.11000061,306.0,33.27000046,27.40999985,73.48999786,32.47000122,118.3399963,101.5100021,37.79000092,6.690000057,12.20600033,11.36999989,21.40999985,26.39999962,8.479999542,38.45220947,97.19999695,332.0,9.737999916,80.03333282,4.3715,16.15999985,90.27999878,16.5,43.22999954,11.27000046,572.1,34.52000046,24.62000084,228.0,44.41999817,45.61999893,205.3000031,26.63999939,63.00999832
607,7.75,18.92000008,4.960000038,7.210000038,85.13999939,300.0,33.45999908,26.59000015,71.01999664,32.95999908,115.8799973,103.0400009,37.54999924,6.604000092,12.02000046,11.43999958,21.10000038,25.75,8.229999542,38.61626053,97.06999969,307.26,9.803999901,78.8666687,4.2095,15.93000031,91.73999786,15.35999966,42.45999908,11.05000019,539.15,34.45000076,23.81999969,230.25,41.84999847,45.75999832,204.1000061,26.23999977,61.63000107
608,7.679999828,20.80999947,4.860000134,7.199999809,82.59999847,302.0,33.29999924,26.54999924,70.68000031,30.97999954,116.2200012,102.7699966,37.36999893,6.625999928,12.14799976,11.41399956,20.79000092,25.54000092,8.25,38.4094162,95.31999969,319.35,9.75,78.59999847,4.3,15.81999969,90.02999878,15.30000019,42.47999954,10.89000034,550.85,34.31000137,23.46999931,229.0500031,42.74000168,45.65999985,193.5500031,25.87999916,61.54000092
609,7.699999809,22.25,4.829999924,7.269999981,82.0,305.0,33.27999878,26.62000084,70.70999908,31.0,115.5599976,103.8199997,37.08000183,6.697000027,12.0,11.50199986,20.93000031,26.13999939,8.359999657,39.00856018,95.18000031,324.09,9.781999588,77.1333313,4.3395,15.86999989,92.0,14.98999977,42.00999832,10.86999989,561.1,34.75999832,23.51000023,227.8500061,41.91999817,45.47000122,194.1000061,25.97999954,61.27000046
610,7.75,22.69000053,4.940000057,7.489999771,83.48000336,308.0,34.25,26.72999954,71.69999695,30.20999908,116.6399994,104.5400009,37.34999847,6.647999763,12.19799995,11.77000046,21.04999924,26.70000076,8.489999771,38.77318192,91.19999695,328.39,9.878000259,77.16666412,4.297,15.85999966,92.23000336,15.50500011,44.15999985,11.10999966,573.0,34.95999908,23.69000053,221.8999939,44.20999908,45.84000015,198.1499939,26.13999939,61.36999893
611,7.880000114,22.70999908,4.940000057,7.579999924,80.5,314.0,35.5,26.29999924,68.61000061,31.86000061,113.5999985,103.0400009,36.91999817,6.745999813,12.05200005,11.77600002,21.05999947,26.48999977,8.350000381,38.17403793,93.16000366,327.3,9.748000145,75.23332977,4.253,15.60000038,90.94000244,14.80000019,43.40000153,10.78999996,573.2,34.93999863,23.18000031,215.8000031,44.61999893,45.54000092,194.1999969,25.79000092,60.02999878
612,7.880000114,22.70999908,4.940000057,7.579999924,80.5,314.0,35.5,26.29999924,68.61000061,31.86000061,113.5999985,103.0400009,36.91999817,6.745999813,12.05200005,11.77600002,21.05999947,26.48999977,8.350000381,38.17403793,93.16000366,327.3,9.748000145,75.23332977,4.253,15.60000038,90.94000244,14.80000019,43.40000153,10.78999996,573.2,34.93999863,23.18000031,215.8000031,44.61999893,45.54000092,194.1999969,25.79000092,60.02999878
613,7.820000172,22.79999924,4.849999905,7.329999924,72.87999725,300.0,34.63000107,25.64999962,68.59999847,30.18000031,113.6500015,103.6699982,36.88999939,6.652999878,11.83399963,11.82999992,20.72999954,26.36000061,8.25,38.08844376,85.76000214,325.9,9.737999916,72.5,4.1125,15.23999977,89.94000244,14.81000042,42.43999863,10.57999992,567.55,34.65999985,23.10000038,209.1000061,42.79999924,45.52000046,190.1499939,25.35000038,59.15999985
614,7.789999962,23.15999985,4.900000095,7.739999771,76.69999695,301.0,35.04000092,26.43000031,70.68000031,31.86000061,115.4700012,103.0199966,37.38999939,6.835000038,12.18000031,12.05000019,20.96999931,27.92000008,8.180000305,38.47360992,89.12000275,339.88,9.899999619,73.0,4.156,15.65999985,90.44999695,14.85499954,43.75,10.56999969,575.0,35.29999924,23.96999931,211.8999939,44.38999939,46.04999924,192.1499939,25.65999985,60.5
615,7.869999886,22.35000038,4.889999866,7.769999981,75.15000153,301.0,35.27000046,26.77000046,71.08000183,31.29000092,116.1299973,103.1600037,37.61000061,6.875999928,12.17399979,12.04199982,21.37000084,27.87000084,8.210000038,38.7803154,87.91999817,345.55,9.944000244,72.69999695,4.186,15.56999969,90.80000305,15.45499992,43.72000122,10.69999981,579.7,34.97000122,24.39999962,218.0,44.54999924,46.66999817,193.9499969,25.68000031,60.99000168
616,8.020000458,22.92000008,5.03000021,8.050000191,78.84999847,301.0,35.5,26.96999931,71.19000244,31.11000061,116.4100037,102.9700012,38.0,6.915999889,12.23999977,12.06000042,21.46999931,27.44000053,8.220000267,38.86590576,87.37000275,339.81,10.07999992,74.7666626,4.175,15.64000034,90.69999695,15.18000031,43.70999908,10.78999996,579.1,35.06000137,24.51000023,218.0500031,44.18000031,47.09999847,196.0,25.85000038,61.02000046
617,8.100000381,23.12999916,4.940000057,8.25,74.91999817,297.0,35.5,26.96999931,71.19000244,31.11000061,116.4100037,102.9700012,38.0,6.915999889,12.23999977,12.06000042,21.46999931,27.44000053,8.220000267,38.86590576,87.37000275,338.79,10.07999992,73.5,4.159,15.64000034,90.69999695,15.18000031,43.70999908,10.78999996,572.05,35.06000137,24.51000023,216.8000031,44.00999832,47.09999847,196.0,25.85000038,61.02000046
618,8.100000381,23.12999916,4.940000057,8.25,74.91999817,297.0,35.5,26.96999931,71.19000244,31.11000061,116.4100037,102.9700012,38.0,6.915999889,12.23999977,12.06000042,21.46999931,27.44000053,8.220000267,38.86590576,87.37000275,338.79,10.07999992,73.5,4.159,15.64000034,90.69999695,15.18000031,43.70999908,10.78999996,572.05,35.06000137,24.51000023,216.8000031,44.00999832,47.09999847,196.0,25.85000038,61.02000046
619,8.100000381,22.94000053,4.949999809,8.449999809,73.87999725,292.0,35.43999863,27.13999939,73.20999908,30.95999908,118.7900009,103.2900009,38.43999863,6.927999973,12.29399967,12.05000019,21.57999992,27.44000053,8.300000191,39.09415054,87.86000061,343.97,10.02999973,73.83333588,4.2145,15.81999969,91.31999969,16.03000069,44.22999954,11.07999992,582.0,34.81999969,25.01000023,217.3500061,44.00999832,47.56999969,198.0500031,26.26000023,61.88999939
620,8.170000076,22.54999924,4.929999828,8.390000343,77.76999664,290.0,35.49000168,27.06999969,73.12000275,30.85000038,118.5599976,104.5699997,38.29999924,7.035999775,12.40400028,12.18000031,21.62000084,27.20000076,8.270000458,39.6647644,87.34999847,343.23,10.28999996,74.8666687,4.235,15.85999966,91.87999725,15.38000011,43.93999863,11.10000038,596.2,35.43000031,24.98999977,221.6000061,44.00999832,47.45000076,193.8999939,26.15999985,61.68999863
621,8.130000114,22.21999931,4.909999847,8.029999733,76.65000153,300.0,34.63000107,26.98999977,72.91999817,30.42000008,117.9499969,104.7600021,38.38999939,7.010000229,12.27999973,12.21000004,21.67000008,26.96999931,8.149999619,40.40656281,87.18000031,340.33,10.28499985,74.33333588,4.231,15.82999992,91.98999786,14.89500046,43.29999924,10.89999962,592.0,35.40999985,24.71999931,219.4499969,45.61000061,47.20999908,195.5,26.04000092,61.15000153
622,8.029999733,22.45999908,4.900000095,8.430000305,75.48000336,297.0,35.09000015,26.69000053,72.27999878,31.39999962,117.4300003,104.7900009,38.65000153,7.046000004,12.22000027,12.19200039,21.70000076,26.68000031,8.159999847,40.90584946,88.04000092,342.39,10.40999985,73.69999695,4.26,15.80000019,92.76999664,15.21000004,43.36000061,10.98999977,599.0,35.72000122,24.70000076,218.3500061,45.43000031,46.20999908,200.0,25.92000008,60.79000092
623,8.029999733,21.85000038,4.909999847,8.300000191,78.90000153,297.0,35.79000092,26.62999916,72.18000031,31.29000092,117.3499985,104.9000015,39.08000183,7.046000004,12.22000027,12.19200039,21.95999908,26.32999992,8.229999542,41.19828796,87.16000366,342.39,10.40999985,74.33333588,4.26,15.85999966,93.36000061,15.21000004,43.36000061,10.97999954,599.0,35.72000122,25.03000069,220.9499969,46.45000076,46.54000092,200.0,26.04000092,61.18999863
624,8.029999733,21.85000038,4.909999847,8.300000191,78.90000153,297.0,35.79000092,26.62999916,72.18000031,31.29000092,117.3499985,104.9000015,39.08000183,7.046000004,12.22000027,12.19200039,21.95999908,26.32999992,8.229999542,41.19828796,87.16000366,342.39,10.40999985,74.33333588,4.26,15.85999966,93.36000061,15.21000004,43.36000061,10.97999954,599.0,35.72000122,25.03000069,220.9499969,46.45000076,46.54000092,200.0,26.04000092,61.18999863
625,8.090000153,21.85000038,4.909999847,8.300000191,78.90000153,297.0,35.84999847,27.37000084,73.76999664,31.32999992,119.2600021,103.4899979,39.22999954,7.195000172,12.40799999,12.30000019,22.63999939,26.71999931,8.710000038,40.7061348,88.58000183,353.73,10.44499969,75.30000305,4.385,16.35000038,91.66000366,16.37000084,44.43000031,11.14999962,610.95,35.97000122,25.70000076,223.3999939,46.45000076,47.02000046,198.3000031,26.5,63.54000092
626,8.199999809,21.92000008,4.940000057,8.159999847,72.18000031,299.0,35.20999908,28.54999924,76.97000122,31.17000008,121.4300003,103.4100037,38.97000122,7.171999931,12.60999966,12.20600033,22.95000076,26.97999954,8.920000076,40.66333771,87.27999878,352.55,10.38500023,76.03333282,4.4135,16.57999992,90.68000031,15.65499973,45.00999832,11.27999973,613.5,35.75999832,26.07999992,226.3000031,47.63999939,47.02000046,198.8500061,26.73999977,65.93000031
627,8.399999619,20.95000076,4.960000038,7.599999905,66.83000183,298.0,34.04999924,28.37000084,75.65000153,29.15999985,122.2200012,103.6399994,39.36000061,7.119999886,12.75599957,12.02000046,22.87999916,27.43000031,8.81000042,40.63480759,83.51000214,335.0,10.31499958,78.16666412,4.234,16.67000008,89.73000336,15.64999962,46.27000046,10.72999954,590.3,34.56000137,26.15999985,223.5,49.97000122,46.88000107,196.8500061,26.79999924,66.75
628,8.539999962,22.45999908,4.980000019,7.710000038,69.30000305,297.0,33.41999817,28.80999947,78.48999786,29.17000008,123.2600021,103.4700012,40.02000046,6.948999882,12.64999962,11.89599991,23.27000046,27.85000038,9.079999924,40.46362305,83.97000122,346.13,10.25,78.16666412,4.2475,17.02000046,85.76999664,14.33500004,46.27000046,10.82999992,601.6,34.40000153,26.57999992,228.4499969,51.75999832,47.65999985,187.6999969,27.44000053,68.31999969
629,8.590000153,21.95000076,5.269999981,7.429999828,67.19999695,294.0,34.11999893,29.67000008,80.63999939,29.78000069,125.0299988,104.5,40.58000183,6.90899992,12.78999996,11.79399967,23.39999962,27.81999969,9.239999771,40.39942932,84.68000031,346.13,10.25500011,79.0,4.2475,17.27000046,86.41000366,14.39999962,44.81999969,11.01000023,601.6,34.47999954,26.55999947,229.8000031,51.13999939,48.81000137,182.25,28.01000023,68.87999725
630,8.590000153,21.95000076,5.269999981,7.429999828,67.19999695,294.0,34.11999893,29.67000008,80.63999939,29.78000069,125.0299988,104.5,40.58000183,6.90899992,12.78999996,11.79399967,23.39999962,27.81999969,9.239999771,40.39942932,84.68000031,346.13,10.25500011,79.0,4.2475,17.27000046,86.41000366,14.39999962,44.81999969,11.01000023,601.6,34.47999954,26.55999947,229.8000031,51.13999939,48.81000137,182.25,28.01000023,68.87999725
631,8.539999962,21.36000061,5.300000191,7.380000114,64.61000061,294.0,33.90999985,29.55999947,81.02999878,29.10000038,125.1100006,104.5599976,40.74000168,6.929999828,12.68400002,11.82199955,23.55999947,27.37000084,9.119999886,40.52781677,84.30000305,344.0,10.02000046,79.80000305,4.294,17.43000031,84.29000092,13.72500038,44.09000015,10.82999992,602.0,34.63000107,26.61000061,231.75,50.58000183,49.22999954,180.3000031,27.95000076,68.47000122
632,8.569999695,20.69000053,5.239999771,7.429999828,62.79000092,298.0,34.47000122,30.54000092,83.58999634,29.51000023,127.9700012,103.2300034,41.34000015,6.931000233,12.81000042,11.98400021,23.92000008,27.86000061,9.329999924,39.67189789,84.44999695,343.74,10.02499962,79.06666565,4.3895,17.61000061,84.79000092,14.0,44.68000031,11.57999992,613.6,34.59000015,27.97999954,233.1000061,51.31999969,49.99000168,182.5500031,28.87000084,71.34999847
633,9.149999619,22.34000015,5.329999924,7.429999828,65.08000183,297.0,33.83000183,31.19000053,84.40000153,29.71999931,127.3300018,103.6200027,41.68999863,6.921999931,13.05200005,11.89999962,24.07999992,28.21999931,9.630000114,39.93580627,84.12000275,347.43,9.989999771,79.43333435,4.3795,17.64999962,85.08999634,13.95499992,45.06999969,12.02000046,627.7,35.29000092,28.18000031,237.75,53.02000046,50.70000076,183.5500031,29.20000076,71.13999939
634,9.239999771,20.51000023,5.480000019,7.239999771,64.69999695,295.0,33.54999924,31.21999931,83.62000275,27.76000023,126.8000031,104.1500015,41.75,6.960999966,13.02400017,12.13399982,23.82999992,28.29999924,9.43999958,40.29243851,82.77999878,337.6,10.01000023,80.7666626,4.294,17.56999969,84.90000153,13.875,45.20999908,12.30000019,603.3,35.97000122,27.87000084,245.3000031,52.86000061,50.90000153,187.3500061,28.93000031,70.62999725
635,9.199999809,21.18000031,5.289999962,7.369999886,68.22000122,294.0,32.75,32.04000092,86.73999786,28.25,128.9600067,104.0400009,41.65999985,6.80700016,13.15999985,12.28199959,23.98999977,29.29000092,9.590000153,40.1141243,83.01999664,335.76,9.93200016,82.19999695,4.296,17.88999939,83.19999695,13.5,45.18999863,12.60999966,605.5,36.25999832,28.22999954,244.3999939,53.95999908,50.02000046,183.6000061,29.29000092,71.87000275
636,9.199999809,21.18000031,5.289999962,7.369999886,68.22000122,294.0,32.75,32.04000092,86.73999786,28.25,128.9600067,104.0400009,41.65999985,6.80700016,13.15999985,12.28199959,23.98999977,29.29000092,9.590000153,40.1141243,83.01999664,335.76,9.93200016,82.19999695,4.296,17.88999939,83.19999695,13.5,45.18999863,12.60999966,605.5,36.25999832,28.22999954,244.3999939,53.95999908,50.02000046,183.6000061,29.29000092,71.87000275
637,9.300000191,21.55999947,5.320000172,7.460000038,67.37000275,294.0,32.75,32.04000092,86.73999786,28.25,128.9600067,104.0400009,41.65999985,6.862999916,13.21199989,12.25,23.98999977,29.29000092,9.590000153,40.1141243,83.01999664,327.81,10.04500008,82.5,4.2065,17.88999939,83.19999695,13.92500019,44.34999847,12.60999966,592.55,36.58000183,28.22999954,247.8500061,55.25999832,50.02000046,185.0500031,29.29000092,71.87000275
638,9.350000381,22.21999931,5.489999771,7.369999886,67.26000214,294.0,32.63999939,32.38000107,87.51000214,27.29000092,129.3800049,101.8700027,42.16999817,6.81099987,13.27000046,12.29599953,24.12999916,29.03000069,9.699999809,39.97146988,81.5,301.11,9.956000328,82.6333313,4.007,17.70000076,81.25,12.93000031,45.47999954,12.46000004,544.8,35.90000153,28.60000038,239.1000061,60.0,50.52000046,182.3000031,29.59000015,73.08000183
639,9.430000305,22.57999992,5.5,7.21999979,67.25,285.0,33.00999832,32.09999847,87.27999878,26.39999962,128.9100037,102.1699982,42.13000107,6.81099987,13.42000008,12.09399986,24.12000084,28.65999985,9.590000153,40.29243851,81.37000275,318.36,9.99600029,83.40000153,4.1515,17.43000031,82.58999634,12.76500034,43.63999939,12.60999966,566.9,35.77000046,28.37999916,248.5,60.0,50.90999985,182.6000061,29.03000069,73.11000061
640,9.31000042,22.0,5.400000095,7.409999847,65.79000092,291.0,32.93999863,31.36000061,85.62999725,26.44000053,128.4499969,102.3099976,41.77000046,7.002999783,13.28999996,12.23200035,24.04000092,28.64999962,9.529999733,40.64194107,81.48999786,310.42,10.22000027,83.66666412,4.129,17.43000031,83.51000214,13.44999981,43.93999863,12.64999962,561.7,36.54000092,28.20999908,248.6499939,59.61999893,51.0,193.6499939,28.77000046,73.26999664
641,9.279999733,21.40999985,5.170000076,7.329999924,67.06999969,297.0,32.27000046,30.70999908,82.72000122,25.18000031,126.9100037,102.9800034,40.81000137,6.90500021,13.10599995,12.06400013,23.79999924,27.92000008,9.170000076,40.49215317,76.81999969,311.6,10.14500046,81.1333313,4.0425,17.37000084,82.59999847,12.91499996,42.02000046,12.67000008,564.8,36.00999832,27.06999969,241.9499969,59.0,50.09000015,176.1499939,28.76000023,72.16999817
642,9.279999733,21.40999985,5.170000076,7.329999924,67.06999969,297.0,32.27000046,30.70999908,82.72000122,25.18000031,126.9100037,102.9800034,40.81000137,6.90500021,13.10599995,12.06400013,23.79999924,27.92000008,9.170000076,40.49215317,76.81999969,311.6,10.14500046,81.1333313,4.0425,17.37000084,82.59999847,12.91499996,42.02000046,12.67000008,564.8,36.00999832,27.06999969,241.9499969,59.0,50.09000015,176.1499939,28.76000023,72.16999817
643,9.350000381,21.53000069,5.300000191,7.539999962,70.43000031,301.0,32.65999985,29.97999954,83.01999664,25.61000061,127.1800003,102.5800018,40.22999954,6.664999962,12.68599987,11.92000008,23.64999962,28.19000053,9.180000305,40.01426315,77.93000031,294.59,9.970000267,80.23332977,3.85,17.31999969,81.91999817,12.11499977,39.27000046,12.64000034,546.9,35.11999893,26.23999977,229.5500031,53.61999893,49.36999893,174.0,28.27000046,72.79000092
644,9.239999771,20.31999969,5.139999866,7.179999828,69.16999817,304.0,31.67000008,31.39999962,87.11000061,25.31999969,132.5899963,102.3199997,41.02000046,6.665999889,13.09399986,11.94799995,24.19000053,28.96999931,9.289999962,39.55777359,75.94000244,302.96,9.909999847,80.96666718,3.897,17.5,75.09999847,10.91499996,38.22000122,13.15999985,548.4,34.65999985,27.61000061,238.8000031,56.84000015,50.22999954,166.0500031,28.96999931,74.93000031
645,9.409999847,21.25,5.28000021,7.199999809,72.44999695,307.0,32.43999863,31.5,87.05999756,25.94000053,132.6900024,101.9499969,41.25999832,6.715000153,13.48400021,11.99400043,24.45000076,28.45000076,9.68999958,39.72895813,76.37000275,299.6,10.0,80.96666718,3.8105,17.52000046,72.63999939,12.0,38.41999817,13.60999966,532.75,36.15000153,27.88999939,238.8000031,57.0,50.54999924,175.6999969,29.20999908,74.16999817
646,9.31000042,20.35000038,5.239999771,7.159999847,68.5,309.0,32.16999817,31.53000069,89.66000366,25.06999969,135.3699951,103.25,41.18999863,6.852000237,13.81200027,12.3380003,24.29999924,28.09000015,9.600000381,40.0356636,72.22000122,325.25,10.19499969,81.80000305,3.865,17.47999954,72.51000214,11.38500023,36.88999939,13.77999973,563.2,38.0,28.45000076,241.0500031,57.70000076,50.79000092,175.0,29.37000084,75.12000275
647,9.340000153,19.65999985,5.019999981,7.050000191,66.56999969,323.0,32.95000076,31.06999969,89.22000122,25.23999977,130.6100006,104.7300034,41.49000168,6.751999855,13.57400036,12.23799992,23.65999985,27.46999931,9.5,40.89158249,73.41999817,329.58,10.11999989,82.73332977,3.862,17.20000076,72.5,11.31499958,38.43999863,13.38000011,566.5,37.56000137,28.29999924,244.0500031,54.13999939,51.36999893,168.1000061,29.63999939,75.27999878
648,9.340000153,19.65999985,5.019999981,7.050000191,66.56999969,323.0,32.95000076,31.06999969,89.22000122,25.23999977,130.6100006,104.7300034,41.49000168,6.751999855,13.57400036,12.23799992,23.65999985,27.46999931,9.5,40.89158249,73.41999817,329.58,10.11999989,82.73332977,3.862,17.20000076,72.5,11.31499958,38.43999863,13.38000011,566.5,37.56000137,28.29999924,244.0500031,54.13999939,51.36999893,168.1000061,29.63999939,75.27999878
649,9.369999886,19.65999985,5.019999981,7.050000191,66.56999969,306.0,33.54999924,30.92000008,88.62000275,27.98999977,131.3300018,105.0599976,42.27000046,6.781000137,13.30799961,12.22000027,23.63999939,27.54999924,9.569999695,41.3338089,78.37999725,334.8,10.15999985,83.46666718,3.8975,17.36000061,78.12000275,11.89999962,39.77000046,13.35000038,576.95,37.31000137,28.56999969,246.0500031,49.77999878,51.65000153,176.9499969,29.94000053,75.95999908
650,9.369999886,19.65999985,5.019999981,7.050000191,66.56999969,330.0,33.34999847,31.76000023,91.54000092,27.79000092,134.7899933,103.4499969,42.54000092,6.854000092,13.45600033,12.34200001,23.79000092,28.20000076,9.800000191,41.24821854,77.69999695,330.95,10.21000004,81.16666412,3.836,17.40999985,77.23000336,12.09500027,40.18000031,13.85000038,574.15,37.09999847,29.89999962,249.8500061,50.97999954,50.72000122,170.0,30.52000046,80.83000183
651,9.369999886,19.65999985,5.019999981,7.050000191,66.56999969,335.0,33.09000015,31.95999908,92.20999908,26.54000092,135.4100037,105.0,43.09000015,6.848999977,13.35599995,12.38199997,23.94000053,28.52000046,9.960000038,42.86000061,76.37000275,331.7,10.14500046,82.96666718,3.809,17.40999985,77.73000336,12.60999966,39.95999908,13.52999973,575.7,37.22000122,30.39999962,250.6000061,50.24000168,51.36000061,174.1000061,30.68000031,80.62000275
652,9.369999886,19.65999985,5.019999981,7.050000191,66.56999969,355.0,31.93000031,32.15000153,90.87000275,25.77000046,134.1999969,105.4300003,42.93000031,6.778999805,13.28800011,12.28999996,23.88999939,28.68000031,10.23999977,43.79000092,71.27999878,323.75,9.902000427,83.09999847,3.753,17.27000046,75.76999664,11.82499981,38.38000107,13.34000015,569.0,36.77000046,29.21999931,252.8500061,49.59000015,50.75999832,168.75,30.30999947,79.68000031
653,9.5,19.65999985,5.019999981,7.050000191,66.56999969,354.0,32.79999924,32.88000107,91.87000275,26.65999985,135.8800049,104.25,42.86999893,6.638999939,13.47999954,12.15600014,24.0,29.29999924,10.23999977,43.52000046,71.0,324.6,9.699999809,82.7666626,3.825,17.35000038,76.01000214,12.55000019,38.81999969,13.56000042,572.0,36.86999893,28.71999931,254.3500061,53.34000015,50.56999969,166.3000031,30.57999992,81.41000366
654,9.5,19.65999985,5.019999981,7.050000191,66.56999969,354.0,32.79999924,32.88000107,91.87000275,26.65999985,135.8800049,104.25,42.86999893,6.638999939,13.47999954,12.15600014,24.0,29.29999924,10.23999977,43.52000046,71.0,324.6,9.699999809,82.7666626,3.825,17.35000038,76.01000214,12.55000019,38.81999969,13.56000042,572.0,36.86999893,28.71999931,254.3500061,53.34000015,50.56999969,166.3000031,30.57999992,81.41000366
655,9.899999619,19.46999931,5.480000019,7.28000021,67.25,357.0,33.40999985,33.34000015,92.94000244,26.70999908,138.5500031,104.3399963,43.38000107,6.431000233,13.18599987,12.22999954,24.15999985,29.76000023,9.930000305,43.63999939,69.73999786,321.25,9.498000145,81.93333435,3.802,17.45999908,75.68000031,12.98999977,39.40000153,13.56000042,569.8,36.75999832,28.98999977,251.8000031,52.54000092,51.29999924,166.0,30.70999908,82.38999939
656,9.789999962,19.13999939,5.53000021,7.570000172,60.02999878,360.0,33.50999832,32.81000137,91.33000183,27.34000015,136.4400024,104.4100037,42.74000168,6.330999851,13.03600025,12.27999973,24.10000038,29.03000069,9.970000267,43.02000046,70.38999939,331.7,9.394000053,80.90000153,3.8525,17.29000092,75.45999908,12.39999962,38.65999985,13.30000019,570.05,36.86000061,28.46999931,234.8500061,50.63999939,51.31000137,160.9499969,30.40999985,80.26000214
657,9.859999657,20.12000084,5.480000019,7.730000019,60.49000168,360.0,34.65999985,32.99000168,92.94999695,28.20000076,137.7899933,104.7099991,42.93999863,6.477000237,13.25199986,12.23400021,24.31999969,29.59000015,9.979999542,42.59999847,74.16999817,335.08,9.557999611,80.69999695,3.935,17.37000084,76.66000366,13.21500015,39.29000092,13.42000008,579.0,37.11999893,28.88999939,238.0,51.79999924,51.97999954,168.5,30.46999931,79.0
658,9.859999657,19.48999977,5.519999981,7.75,57.16999817,365.0,34.15999985,33.06000137,91.91000366,27.90999985,136.0399933,99.79000092,42.84999847,6.43200016,13.29800034,12.13199997,24.07999992,30.34000015,10.0,42.04000092,71.22000122,328.93,9.552000046,79.96666718,3.7925,17.20000076,75.44999695,12.78999996,38.43000031,13.59000015,569.4,37.25,28.85000038,241.3000031,51.79999924,51.52000046,164.25,30.13999939,78.23999786
659,9.949999809,18.56999969,5.800000191,7.690000057,56.5,365.0,33.95999908,33.22999954,93.51999664,27.60000038,138.8099976,99.75,43.59999847,6.394000053,13.52799988,12.18200016,24.68000031,31.93000031,10.30000019,42.13000107,69.30999756,318.1,9.444000244,81.3666687,3.635,17.54000092,74.95999908,12.68500042,37.97000122,14.18999958,547.4,37.63999939,30.11000061,232.3000031,52.90000153,52.47999954,166.8500061,30.70999908,80.20999908
660,9.949999809,18.56999969,5.800000191,7.690000057,56.5,365.0,33.95999908,33.22999954,93.51999664,27.60000038,138.8099976,99.75,43.59999847,6.394000053,13.52799988,12.18200016,24.68000031,31.93000031,10.30000019,42.13000107,69.30999756,318.1,9.444000244,81.3666687,3.635,17.54000092,74.95999908,12.68500042,37.97000122,14.18999958,547.4,37.63999939,30.11000061,232.3000031,52.90000153,52.47999954,166.8500061,30.70999908,80.20999908
661,9.960000038,18.55999947,5.820000172,7.420000076,57.77999878,366.0,33.95999908,32.45000076,91.55000305,27.36000061,136.6699982,99.94999695,41.45000076,6.320000172,13.32400036,11.93999958,24.14999962,30.86000061,10.10000038,42.20000076,68.23000336,321.85,9.144000053,77.69999695,3.6315,17.19000053,74.91999817,11.97000027,37.59000015,13.97999954,556.0,36.52000046,29.70999908,220.5,51.68000031,52.31999969,162.8000031,30.07999992,78.98000336
662,9.699999809,19.13999939,5.650000095,7.159999847,59.24000168,355.0,34.47000122,32.15999985,89.68000031,29.32999992,134.2599945,99.30000305,41.29999924,6.428999901,13.17199993,12.04800034,24.02000046,29.53000069,10.17000008,41.74000168,72.09999847,333.6,9.402000427,79.16666412,3.7905,17.01000023,75.08999634,12.72000027,37.95000076,13.77000046,565.95,37.11000061,29.26000023,230.3999939,49.15000153,52.72000122,175.0,29.86000061,77.98999786
663,9.819999695,18.59000015,5.639999866,7.179999828,59.40000153,363.0,34.15999985,32.47999954,90.20999908,29.54999924,134.3000031,99.51000214,41.63999939,6.510000229,13.30799961,12.01000023,23.98999977,29.45000076,10.13000011,42.0,71.66999817,336.5,9.413999557,81.0,3.83,17.12999916,75.23000336,12.44999981,38.43000031,14.21000004,571.55,36.88000107,29.62999916,231.3500061,52.24000168,52.49000168,172.3999939,30.01000023,78.34999847
664,9.829999924,18.79000092,5.699999809,7.090000153,61.75,364.0,34.25999832,32.29000092,91.16000366,29.0,133.6100006,98.73000336,41.50999832,6.481999874,13.33399963,12.14000034,23.76000023,30.04000092,10.22000027,41.75,69.94999695,323.51,9.407999992,80.93333435,3.6695,16.76000023,75.37999725,13.14000034,36.91999817,13.97000027,549.5,38.59999847,29.65999985,227.75,50.91999817,52.40999985,170.9499969,29.69000053,78.23000336
665,9.869999886,19.04000092,5.630000114,7.170000076,60.40999985,371.0,34.06999969,31.77000046,89.62999725,28.37999916,133.4199982,99.80999756,41.18000031,6.434999943,13.47000027,12.1260004,23.48999977,30.02000046,10.05000019,41.63000107,68.56999969,309.48,9.289999962,80.7666626,3.49,16.60000038,74.15000153,12.92500019,35.27000046,14.01000023,519.5,38.34000015,29.06999969,225.75,50.04000092,52.45000076,164.3500061,29.62000084,77.36000061
666,9.869999886,19.04000092,5.630000114,7.170000076,60.40999985,371.0,34.06999969,31.77000046,89.62999725,28.37999916,133.4199982,99.80999756,41.18000031,6.434999943,13.47000027,12.1260004,23.48999977,30.02000046,10.05000019,41.63000107,68.56999969,309.48,9.289999962,80.7666626,3.49,16.60000038,74.15000153,12.92500019,35.27000046,14.01000023,519.5,38.34000015,29.06999969,225.75,50.04000092,52.45000076,164.3500061,29.62000084,77.36000061
667,10.0,19.27000046,5.570000172,7.199999809,58.88000107,367.0,34.06999969,31.77000046,89.62999725,28.37999916,133.4199982,99.80999756,41.18000031,6.296000004,13.31400013,12.03600025,23.48999977,30.02000046,10.05000019,41.63000107,68.56999969,257.3,9.119999886,79.46666718,2.952,16.60000038,74.15000153,12.10000038,35.33000183,14.01000023,438.7,37.68999863,29.06999969,225.0,48.50999832,52.45000076,162.5500031,29.62000084,77.36000061
668,10.06000042,18.18000031,5.800000191,7.059999943,63.40000153,366.0,33.84999847,31.05999947,87.83000183,26.52000046,132.3999939,99.44999695,41.27000046,6.343999863,13.49199963,12.00399971,23.20000076,30.28000069,9.760000229,41.65000153,65.84999847,283.51,9.223999977,78.06666565,3.2735,16.54000092,73.77999878,11.86499977,34.5,14.31999969,431.3,37.79000092,29.04999924,222.6499939,50.11999893,51.88000107,162.6000061,29.51000023,76.45999908
669,10.02000046,18.75,5.670000076,7.019999981,65.5,366.0,33.40999985,31.12999916,88.23000336,26.62999916,135.5500031,97.66999817,41.54000092,6.31400013,13.42599964,11.95600033,23.40999985,31.23999977,9.779999733,40.97000122,64.90000153,283.51,9.343999863,78.09999847,3.2735,16.77000046,72.31999969,11.97999954,33.81000137,14.56000042,431.3,37.54000092,29.12000084,221.1999969,50.58000183,52.22999954,161.75,30.12000084,76.76999664
670,10.11999989,18.19000053,5.909999847,6.960000038,67.84999847,360.0,34.36000061,29.17000008,87.73000336,29.10000038,134.8500061,97.04000092,41.49000168,6.191999912,13.36200047,11.49199963,23.32999992,31.12000084,9.699999809,41.29999924,69.04000092,210.0,9.43200016,73.33333588,2.043,16.67000008,75.44000244,12.64999962,33.09999847,13.94999981,274.7,37.70999908,28.93000031,204.3000031,52.41999817,51.40999985,180.3000031,29.95999908,75.80000305
671,9.800000191,18.67000008,5.730000019,7.239999771,72.01999664,354.0,34.63000107,30.72999954,91.26999664,29.84000015,140.3800049,100.2200012,42.59999847,6.548999786,13.77999973,11.81799984,23.79999924,31.27000046,9.789999962,42.59999847,70.68000031,228.0,9.923999786,74.90000153,2.579,17.06999969,77.16000366,13.46500015,34.36000061,14.18999958,307.95,40.0,29.79999924,220.0,52.68000031,52.54000092,188.9499969,30.69000053,77.83999634
672,9.800000191,18.67000008,5.730000019,7.239999771,72.01999664,354.0,34.63000107,30.72999954,91.26999664,29.84000015,140.3800049,100.2200012,42.59999847,6.548999786,13.77999973,11.81799984,23.79999924,31.27000046,9.789999962,42.59999847,70.68000031,228.0,9.923999786,74.90000153,2.579,17.06999969,77.16000366,13.46500015,34.36000061,14.18999958,307.95,40.0,29.79999924,220.0,52.68000031,52.54000092,188.9499969,30.69000053,77.83999634
673,9.970000267,19.35000038,5.769999981,7.400000095,77.29000092,362.0,35.91999817,29.20999908,94.86000061,31.65999985,144.0,100.4100037,43.18000031,6.598999977,13.83199978,12.11800003,24.42000008,31.45999908,10.14000034,42.56000137,75.29000092,228.0,10.18000031,76.66666412,2.579,17.39999962,78.26999664,16.01499939,35.18000031,14.28999996,307.95,41.49000168,30.53000069,223.0500031,53.74000168,53.70999908,217.5,31.28000069,78.41999817
674,10.02000046,19.11000061,5.730000019,7.480000019,75.37999725,388.0,36.31000137,28.48999977,96.95999908,32.77000046,149.7200012,99.83000183,43.38000107,6.173999786,14.25199986,12.1239996,24.62999916,33.66999817,10.42000008,42.22999954,75.62000275,228.0,9.552000046,76.66666412,2.579,17.59000015,77.44000244,14.83500004,31.56999969,14.68000031,307.95,39.06999969,30.76000023,223.0500031,53.24000168,53.43000031,214.3999939,31.67000008,79.16999817
675,10.35999966,18.87999916,5.840000153,7.460000038,77.5,385.0,36.59000015,30.11000061,98.04000092,31.12999916,154.1399994,100.7900009,44.40000153,6.170000076,14.52999973,11.13599968,24.96999931,33.86999893,10.48999977,42.75999832,69.51000214,228.0,9.576000214,74.83333588,2.579,18.13999939,77.55000305,15.43000031,36.06999969,14.68000031,307.95,37.56999969,31.29000092,225.3999939,55.95999908,55.02999878,201.6999969,32.68999863,80.52999878
676,10.64000034,18.34000015,5.929999828,7.760000229,76.19999695,388.0,36.52000046,28.73999977,97.41000366,30.57999992,156.2200012,102.6399994,44.41999817,5.954999924,13.86600018,11.07600021,25.04000092,32.50999832,10.36999989,43.13000107,67.37000275,228.0,9.065999985,76.43333435,2.579,18.38999939,78.79000092,14.59000015,35.70000076,14.80000019,307.95,34.34000015,30.94000053,226.6000061,54.09999847,55.38999939,195.6000061,32.79999924,81.04000092
677,10.42000008,17.89999962,5.809999943,7.769999981,74.90000153,374.0,37.18999863,28.01000023,100.2699966,30.86000061,158.6499939,105.2600021,44.75,5.670000076,12.85400009,10.60599995,25.43000031,33.63999939,10.43000031,44.27999878,71.84999847,228.0,8.960000038,75.5,2.579,18.84000015,80.20999908,13.39999962,34.24000168,14.51000023,307.95,35.99000168,31.46999931,221.4499969,52.86000061,56.38999939,195.6499939,33.47000122,84.08999634
678,10.42000008,17.89999962,5.809999943,7.769999981,74.90000153,374.0,37.18999863,28.01000023,100.2699966,30.86000061,158.6499939,105.2600021,44.75,5.670000076,12.85400009,10.60599995,25.43000031,33.63999939,10.43000031,44.27999878,71.84999847,228.0,8.960000038,75.5,2.579,18.84000015,80.20999908,13.39999962,34.24000168,14.51000023,307.95,35.99000168,31.46999931,221.4499969,52.86000061,56.38999939,195.6499939,33.47000122,84.08999634
679,10.65999985,17.13999939,5.940000057,7.730000019,73.19000244,377.0,38.18999863,28.5,101.2699966,31.89999962,162.0399933,106.6999969,44.24000168,5.56099987,13.40600014,10.25,25.36000061,33.58000183,10.34000015,43.83000183,75.0,228.0,9.18999958,74.83333588,2.579,18.71999931,84.18000031,14.39999962,31.87000084,13.35999966,307.95,34.5,32.86000061,216.1999969,56.79999924,55.75,213.0,33.40000153,87.12000275
680,10.18000031,16.70000076,5.900000095,7.460000038,73.19000244,357.0,39.00999832,29.75,98.80000305,36.40000153,170.5299988,105.4700012,43.86000061,5.722000122,13.67000008,9.956999779,25.54000092,33.77000046,10.42000008,43.49000168,79.51999664,228.0,9.43999958,78.03333282,2.579,18.67000008,81.94999695,16.88999939,34.11000061,13.71000004,307.95,34.79000092,32.18999863,226.9499969,62.24000168,55.90000153,235.3999939,32.86000061,87.77999878
681,10.11999989,16.53000069,5.739999771,7.800000191,72.5,332.0,39.93999863,29.03000069,96.20999908,37.04000092,166.2700043,105.3300018,44.09999847,6.039000034,13.60200024,10.68000031,25.18000031,33.22000122,10.18000031,43.54999924,78.88999939,228.0,9.800000191,77.96666718,2.579,18.32999992,80.31999969,18.06500053,34.70000076,13.85999966,307.95,37.68000031,31.29000092,229.25,51.88000107,55.65999985,220.5,32.5,82.79000092
682,10.10000038,17.02000046,5.659999847,8.239999771,73.62000275,330.0,40.93000031,29.03000069,99.72000122,34.91999817,170.8200073,106.1900024,44.43999863,5.738999844,13.10400009,10.28999996,25.54000092,33.11999893,10.31000042,43.59999847,76.5,228.0,9.670000076,80.6333313,2.579,18.54999924,80.16000366,17.125,35.27000046,14.17000008,307.95,37.72999954,31.69000053,232.25,52.61999893,56.11999893,209.1999969,32.49000168,85.36000061
683,9.789999962,16.69000053,5.579999924,8.18999958,71.0,325.0,41.00999832,28.27000046,98.41000366,33.15999985,170.8999939,106.1399994,44.45999908,5.728000164,13.03600025,10.27600002,25.21999931,32.29000092,10.10000038,43.63000107,75.38999939,228.0,9.824000359,82.46666718,2.579,18.10000038,79.30000305,17.95000076,35.74000168,13.76000023,307.95,37.06999969,31.76000023,233.1499939,51.20000076,54.68000031,214.1999969,31.89999962,84.91999817
684,9.789999962,16.69000053,5.579999924,8.18999958,71.0,325.0,41.00999832,28.27000046,98.41000366,33.15999985,170.8999939,106.1399994,44.45999908,5.728000164,13.03600025,10.27600002,25.21999931,32.29000092,10.10000038,43.63000107,75.38999939,228.0,9.824000359,82.46666718,2.579,18.10000038,79.30000305,17.95000076,35.74000168,13.76000023,307.95,37.06999969,31.76000023,233.1499939,51.20000076,54.68000031,214.1999969,31.89999962,84.91999817
685,9.470000267,16.35000038,5.460000038,7.880000114,70.59999847,325.0,39.91999817,27.86000061,96.55000305,28.60000038,166.7200012,106.3000031,43.91999817,5.818999767,12.97799969,10.67000008,24.57999992,32.06000137,9.819999695,43.58000183,71.98999786,228.0,9.859999657,80.53333282,2.579,17.54000092,79.27999878,16.92000008,37.29999924,13.47999954,307.95,36.93999863,30.72999954,231.5500031,49.13999939,53.59000015,204.0,31.06999969,81.87999725
686,8.920000076,15.65999985,5.0,7.369999886,71.09999847,334.0,40.20000076,28.04999924,95.05000305,30.68000031,158.2799988,106.6900024,44.06000137,5.826000214,12.92399979,10.84599972,24.18000031,32.18999863,9.75,43.75999832,74.95999908,228.0,9.850000381,79.33333588,2.579,17.31999969,81.98000336,15.71500015,35.45999908,13.06999969,307.95,37.29000092,29.70999908,227.3999939,47.25999832,54.29999924,197.5500031,31.04000092,77.22000122
687,9.18999958,15.57999992,5.079999924,7.960000038,72.54000092,362.0,40.22000122,28.61000061,94.81999969,33.15999985,157.7100067,105.9700012,44.02000046,5.823999882,12.77000046,10.76399994,24.12000084,32.27000046,9.840000153,43.43999863,77.58999634,228.0,9.774000168,81.30000305,2.579,17.25,82.51000214,16.72500038,35.93000031,13.26000023,307.95,37.04999924,29.92000008,230.4499969,45.97999954,53.61999893,204.1000061,31.26000023,76.93000031
688,9.520000458,15.89000034,5.130000114,7.840000153,68.12000275,367.0,41.0,29.04000092,98.83000183,33.93999863,160.4400024,106.5,44.75,5.71999979,13.10999966,10.76399994,24.29000092,34.15000153,9.899999619,43.45000076,78.22000122,228.0,9.805999756,80.90000153,2.579,17.55999947,82.69000244,16.79999924,37.0,13.02000046,307.95,37.36000061,31.17000008,231.75,47.0,54.59999847,209.8000031,31.53000069,78.98000336
689,9.840000153,16.09000015,5.25,8.029999733,68.69000244,374.0,40.09000015,28.73999977,99.59999847,35.08000183,161.7299957,105.0500031,44.84000015,5.760000229,12.72799969,10.70800018,24.12999916,34.38000107,9.789999962,43.25,77.59999847,228.0,9.75,80.90000153,2.579,17.36000061,82.37000275,16.95499992,36.90000153,13.26000023,307.95,37.65999985,31.12000084,231.75,47.72999954,54.66999817,208.3999939,31.45999908,78.66999817
690,9.840000153,16.09000015,5.25,8.029999733,68.69000244,374.0,40.09000015,28.73999977,99.59999847,35.08000183,161.7299957,105.0500031,44.84000015,5.760000229,12.72799969,10.70800018,24.12999916,34.38000107,9.789999962,43.25,77.59999847,228.0,9.75,80.90000153,2.579,17.36000061,82.37000275,16.95499992,36.90000153,13.26000023,307.95,37.65999985,31.12000084,231.75,47.72999954,54.66999817,208.3999939,31.45999908,78.66999817
691,9.920000076,15.82999992,5.199999809,7.989999771,68.05000305,374.0,40.09999847,29.79999924,102.7600021,35.54999924,164.6399994,106.1600037,45.25,5.823999882,13.09399986,10.6960001,24.55999947,36.40999985,9.899999619,43.65999985,77.38999939,228.0,9.755999565,78.66666412,2.579,18.06999969,81.80000305,16.80999947,37.15000153,13.80000019,307.95,37.36000061,32.45999908,227.9499969,52.43999863,56.06000137,204.1000061,32.5,82.19999695
692,10.35999966,15.81000042,5.349999905,7.940000057,66.0,387.0,40.63999939,29.67000008,101.7699966,37.20999908,164.0899963,106.1900024,45.20999908,5.822999954,13.10400009,10.80599976,24.54999924,36.09000015,10.19999981,43.63000107,79.08000183,228.0,9.82199955,80.43333435,2.579,17.93000031,82.84999847,17.56500053,36.59999847,13.75,307.95,38.0,32.43000031,231.3999939,50.93999863,56.00999832,202.0,32.11999893,81.83999634
693,10.19999981,16.48999977,5.320000172,7.869999886,65.98999786,388.0,40.97999954,30.76000023,104.3700027,36.15000153,165.8600006,106.8300018,45.06000137,5.709000111,13.22200012,10.43000031,24.98999977,36.88999939,10.09000015,43.70000076,77.98999786,228.0,9.484000206,81.1333313,2.579,18.12000084,82.56999969,16.80999947,35.90000153,14.18999958,307.95,37.33000183,32.95000076,234.3000031,53.20000076,56.27000046,195.1499939,32.70999908,83.12999725
694,10.34000015,15.56999969,5.349999905,7.679999828,65.05000305,380.0,40.99000168,30.73999977,104.5400009,37.18999863,166.3000031,107.4700012,45.40999985,5.769999981,13.31400013,10.36600018,25.22999954,36.79000092,10.25,44.47000122,79.52999878,258.51,9.543999672,80.40000153,2.4,18.29999924,83.69999695,15.30500031,35.25999832,14.46000004,360.2,37.54999924,32.90000153,239.5,54.06000137,56.74000168,191.8999939,32.93000031,83.37999725
695,10.26000023,15.17000008,5.369999886,7.429999828,61.00999832,381.0,39.81000137,31.04999924,107.5,35.81000137,169.3099976,109.1299973,46.36000061,5.823999882,13.46399975,10.4659996,25.46999931,37.70999908,10.56999969,45.50999832,79.65000153,227.0,9.536000252,79.19999695,2.2325,19.06999969,83.94000244,14.44999981,36.20000076,14.68999958,365.1,37.45000076,34.04999924,241.3500061,53.43999863,58.08000183,190.5,33.88000107,85.19999695
696,10.26000023,15.17000008,5.369999886,7.429999828,61.00999832,381.0,39.81000137,31.04999924,107.5,35.81000137,169.3099976,109.1299973,46.36000061,5.823999882,13.46399975,10.4659996,25.46999931,37.70999908,10.56999969,45.50999832,79.65000153,227.0,9.536000252,79.19999695,2.2325,19.06999969,83.94000244,14.44999981,36.20000076,14.68999958,365.1,37.45000076,34.04999924,241.3500061,53.43999863,58.08000183,190.5,33.88000107,85.19999695
697,10.64000034,15.34000015,5.559999943,7.630000114,60.59999847,390.0,40.08000183,29.93000031,103.5,35.66999817,166.3500061,110.0400009,45.93999863,5.877999783,13.27200031,10.51799965,25.53000069,36.68999863,10.88000011,46.02000046,84.08999634,218.6,9.751999855,79.96666718,2.082,18.75,84.43000031,14.59500027,37.70000076,14.18000031,357.95,38.08000183,32.75,239.6000061,51.15999985,57.5,187.6000061,33.29999924,82.80999756
698,10.92000008,14.86999989,5.619999886,7.989999771,60.99000168,394.0,40.36000061,29.61000061,100.6900024,36.11999893,164.3200073,110.9700012,46.13000107,6.077000141,13.09599972,10.76799965,25.77000046,36.08000183,11.05000019,46.99000168,84.58999634,208.0,9.982000351,78.8666687,1.989,18.88999939,84.62000275,14.46000004,40.20000076,14.48999977,370.0,38.36000061,32.59000015,239.1000061,51.20000076,58.13000107,190.1000061,33.43999863,82.37000275
699,11.11999989,15.44999981,5.53000021,8.0,61.59999847,411.0,41.27999878,30.06999969,101.0999985,35.09999847,165.4799957,111.4800034,46.34999847,6.097000122,13.38199997,10.68000031,26.06999969,38.20999908,11.52999973,47.22999954,81.94000244,216.0,9.937999725,78.1333313,2.497,19.09000015,85.5,14.98999977,40.13999939,14.67000008,387.0,38.65000153,33.09999847,241.6999969,53.36000061,57.20000076,200.8999939,33.65000153,83.77999878
700,10.73999977,14.94999981,5.519999981,8.109999657,58.90000153,403.0,41.06999969,29.39999962,100.0,35.36000061,162.8300018,111.6600037,46.09000015,6.06799984,13.29399967,10.54199982,25.80999947,37.50999832,11.18999958,47.63000107,83.73999786,242.48,9.920000076,79.30000305,2.7255,18.90999985,84.70999908,14.94999981,41.47999954,14.80000019,437.5,39.52999878,32.59000015,238.6499939,53.74000168,56.41999817,199.75,33.40999985,82.58999634
701,10.93999958,14.86999989,5.46999979,7.989999771,59.90000153,401.0,40.97000122,29.84000015,100.5800018,35.81999969,164.2200012,112.8199997,46.40000153,6.104000092,13.41399956,10.40999985,25.86000061,37.65999985,11.52000046,47.65999985,84.01000214,251.4,9.913999557,81.40000153,2.88,19.21999931,85.70999908,14.92500019,42.47000122,15.10000038,450.0,39.22000122,32.77000046,245.4499969,54.84999847,57.11000061,210.0500031,33.83000183,83.12000275
702,10.93999958,14.86999989,5.46999979,7.989999771,59.90000153,401.0,40.97000122,29.84000015,100.5800018,35.81999969,164.2200012,112.8199997,46.40000153,6.104000092,13.41399956,10.40999985,25.86000061,37.65999985,11.52000046,47.65999985,84.01000214,251.4,9.913999557,81.40000153,2.88,19.21999931,85.70999908,14.92500019,42.47000122,15.10000038,450.0,39.22000122,32.77000046,245.4499969,54.84999847,57.11000061,210.0500031,33.83000183,83.12000275
703,11.11999989,14.86999989,5.46999979,7.989999771,59.90000153,396.0,40.15000153,29.79000092,100.5500031,37.95000076,164.3699951,111.7900009,46.63000107,6.110000134,13.44200039,10.41499996,26.04000092,37.68000031,11.44999981,47.34000015,83.95999908,252.9,10.02999973,81.53333282,2.8625,19.29999924,85.62000275,15.30000019,41.41999817,15.14999962,443.9,39.54999924,33.43000031,251.9499969,55.59999847,57.56999969,200.3000031,33.72999954,83.16000366
704,11.11999989,14.86999989,5.46999979,7.989999771,59.90000153,388.0,39.25,29.70000076,98.05000305,35.54000092,163.3600006,112.5199966,46.50999832,6.231999874,13.50800037,10.32499981,26.02000046,36.99000168,11.18999958,47.79999924,80.33000183,243.5,10.48499966,81.7666626,2.705,18.92000008,86.33000183,15.84000015,42.04999924,14.90999985,419.0,40.61999893,32.99000168,273.6000061,57.75,57.84999847,217.5,32.97999954,82.73000336
705,11.69999981,14.72000027,5.610000134,8.100000381,55.90999985,380.0,39.52999878,29.59000015,97.54000092,34.66999817,164.8099976,115.1500015,46.54000092,6.208000183,13.38799953,10.23999977,26.04999924,37.40999985,11.09000015,49.70999908,78.12999725,239.7,10.74499989,84.03333282,2.6385,19.01000023,86.48999786,15.19499969,41.84999847,14.77999973,405.0,41.08000183,32.38999939,289.7999878,57.70000076,58.77000046,210.5500031,33.40000153,83.65000153
706,11.35999966,14.23999977,5.559999943,8.119999886,52.29999924,376.0,39.93999863,29.86000061,99.95999908,34.5,167.1000061,114.8600006,46.13999939,6.168000221,13.26200008,10.13000011,26.21999931,37.63000107,11.03999996,50.02000046,78.54000092,245.0,10.49499989,82.3666687,2.675,19.27000046,87.08000183,15.14500046,40.52999878,15.43000031,408.5,40.61999893,32.65000153,277.7999878,58.09999847,58.56999969,208.75,33.65000153,85.05000305
707,11.65999985,14.10999966,5.579999924,8.090000153,51.43999863,382.0,40.06000137,30.46999931,103.0500031,33.70000076,169.9299927,115.3499985,46.70999908,6.309999943,13.81799984,10.43500042,26.39999962,39.0,11.22999954,50.13000107,77.61000061,241.07,10.81499958,84.6333313,2.6955,19.47999954,86.08999634,15.03999996,42.33000183,15.68999958,403.05,41.63999939,32.81999969,278.1000061,58.5,58.72999954,213.8500061,34.41999817,86.83999634
708,11.65999985,14.10999966,5.579999924,8.090000153,51.43999863,382.0,40.06000137,30.46999931,103.0500031,33.70000076,169.9299927,115.3499985,46.70999908,6.309999943,13.81799984,10.43500042,26.39999962,39.0,11.22999954,50.13000107,77.61000061,241.07,10.81499958,84.6333313,2.6955,19.47999954,86.08999634,15.03999996,42.33000183,15.68999958,403.05,41.63999939,32.81999969,278.1000061,58.5,58.72999954,213.8500061,34.41999817,86.83999634
709,11.15999985,13.52000046,5.5,7.96999979,50.0,444.0,39.0,29.96999931,97.98000336,34.02000046,165.5599976,114.2300034,46.09999847,6.287000179,13.79599953,10.38000011,26.20000076,37.40000153,11.05000019,48.24000168,78.86000061,234.55,10.56999969,85.90000153,2.68,19.26000023,84.58000183,15.5,41.61999893,15.55000019,414.0,41.25,32.02999878,282.8999939,56.84999847,57.29000092,210.3999939,34.40000153,83.84999847
710,11.06000042,13.78999996,5.460000038,7.989999771,49.90000153,427.0,38.59000015,30.54000092,100.0,33.90999985,169.0099945,115.4199982,46.13000107,6.248000145,13.86600018,10.19499969,26.44000053,37.72000122,11.35999966,48.04999924,79.09999847,236.3,10.47999954,84.03333282,2.687,19.13999939,83.88999939,15.06499958,44.36000061,15.65999985,412.1,40.47999954,32.72000122,275.1499939,61.0,57.09999847,202.3999939,34.79000092,85.59999847
711,11.46000004,13.34000015,5.519999981,7.860000134,48.74000168,435.0,38.59999847,31.20999908,100.2300034,34.36000061,171.6699982,115.1100006,46.38000107,6.197999954,14.17399979,10.06000042,26.71999931,38.49000168,11.56000042,48.63999939,79.69999695,234.87,10.39000034,85.2666626,2.6725,19.29000092,83.55000305,15.38500023,44.04999924,15.96000004,406.05,40.43999863,33.47999954,273.1000061,60.70000076,57.58000183,200.3500061,35.04999924,86.80999756
712,11.56000042,13.46000004,5.599999905,7.679999828,48.36999893,477.0,37.91999817,31.29000092,101.3700027,33.50999832,171.5899963,114.8499985,46.22000122,6.202000141,14.19999981,10.14000034,26.73999977,38.31000137,11.52999973,49.02999878,78.12000275,222.11,10.50500011,85.2666626,2.4955,19.37000084,82.80999756,15.38500023,44.04999924,14.71000004,391.0,39.90000153,33.75999832,273.1000061,58.70000076,57.45999908,200.3500061,35.52000046,87.83000183
713,11.56000042,13.30000019,5.539999962,7.619999886,48.20000076,483.0,37.91999817,31.29000092,101.3700027,33.50999832,171.5899963,114.8499985,46.22000122,6.202000141,14.19999981,10.14000034,26.73999977,38.31000137,11.52999973,49.02999878,78.12000275,224.0,10.50500011,85.2666626,2.55,19.37000084,82.80999756,15.38500023,44.04999924,14.71000004,390.5,39.90000153,33.75999832,273.1000061,58.70000076,57.45999908,200.3500061,35.52000046,87.83000183
714,11.56000042,13.30000019,5.539999962,7.619999886,48.20000076,483.0,37.91999817,31.29000092,101.3700027,33.50999832,171.5899963,114.8499985,46.22000122,6.202000141,14.19999981,10.14000034,26.73999977,38.31000137,11.52999973,49.02999878,78.12000275,224.0,10.50500011,85.2666626,2.55,19.37000084,82.80999756,15.38500023,44.04999924,14.71000004,390.5,39.90000153,33.75999832,273.1000061,58.70000076,57.45999908,200.3500061,35.52000046,87.83000183
715,11.56000042,13.47999954,5.400000095,7.639999866,53.90000153,472.0,37.38999939,31.25,103.4700012,33.56999969,173.8899994,114.2399979,46.18999863,6.202000141,14.19999981,10.14000034,26.72999954,38.84000015,11.61999989,49.22999954,78.66000366,216.99,10.50500011,85.40000153,2.45,19.54999924,81.70999908,15.38500023,44.04999924,14.65999985,384.85,39.90000153,34.25999832,257.8999939,58.70000076,57.27000046,200.3500061,35.31000137,88.55000305
716,11.64000034,13.34000015,5.599999905,7.989999771,53.02999878,487.0,37.68000031,31.40999985,101.5599976,34.33000183,171.8300018,114.4700012,46.41999817,6.181000233,14.14999962,10.10000038,27.03000069,38.18000031,11.72000027,49.5,78.73000336,220.72,10.46500015,86.8666687,2.4145,19.60000038,81.83000183,15.30000019,43.63000107,14.89999962,385.0,40.20000076,34.06000137,246.4499969,58.25,57.38999939,203.3000031,35.40999985,87.76000214
717,11.15999985,13.15999985,5.409999847,7.880000114,51.38999939,489.0,37.52999878,31.39999962,102.6699982,32.43999863,172.5299988,115.4300003,46.83000183,6.164999962,14.22799969,10.15499973,27.20000076,38.47000122,11.89000034,50.25,76.93000031,218.92,10.61999989,88.93333435,2.48,19.77000046,81.51000214,16.13500023,44.29000092,15.15999985,391.0,40.95999908,34.52000046,249.6499939,57.54999924,57.81000137,208.5500031,35.91999817,87.95999908
718,10.88000011,12.47000027,5.159999847,7.389999866,48.38000107,468.0,36.61999893,30.80999947,98.66999817,30.25,164.5800018,115.2799988,46.31000137,6.110000134,14.0,10.15499973,27.13999939,36.86999893,11.64999962,49.74000168,74.43000031,210.29,10.52000046,90.03333282,2.4345,19.79000092,76.18000031,15.69999981,44.50999832,14.57999992,388.0,40.95999908,33.29999924,258.8500061,58.09999847,58.15000153,201.3999939,35.68000031,87.02999878
719,11.0,12.40999985,5.28000021,7.570000172,46.40000153,464.0,36.31999969,29.87999916,96.01000214,29.53000069,160.9499969,114.2799988,44.86000061,6.013000011,13.57999992,10.14500046,26.67000008,35.90999985,11.27999973,48.65000153,72.37000275,208.0,10.43500042,89.56666565,2.43,19.14999962,73.94999695,15.22999954,43.88000107,13.88000011,397.35,40.95999908,32.29999924,253.1000061,56.20000076,56.90000153,193.8800049,35.09999847,85.12999725
720,11.0,12.40999985,5.28000021,7.570000172,46.40000153,464.0,36.31999969,29.87999916,96.01000214,29.53000069,160.9499969,114.2799988,44.86000061,6.013000011,13.57999992,10.14500046,26.67000008,35.90999985,11.27999973,48.65000153,72.37000275,208.0,10.43500042,89.56666565,2.43,19.14999962,73.94999695,15.22999954,43.88000107,13.88000011,397.35,40.95999908,32.29999924,253.1000061,56.20000076,56.90000153,193.8800049,35.09999847,85.12999725
721,10.19999981,11.61999989,5.050000191,7.300000191,43.79000092,450.0,36.36000061,28.72999954,91.66000366,28.76000023,157.4900055,113.7699966,44.15000153,6.103000164,12.93000031,10.26000023,25.89999962,34.54999924,11.10999966,48.77000046,72.44999695,206.35,10.58500004,85.16666412,2.375,18.61000061,74.04000092,14.47999954,42.63000107,13.63000011,388.5,40.08000183,31.26000023,247.3500061,52.54999924,55.93999863,189.6799927,33.90000153,82.26000214
722,9.800000191,10.73999977,4.989999771,6.929999828,44.0,454.0,35.88999939,28.35000038,91.31999969,27.51000023,156.5299988,113.5,43.75999832,6.092999935,12.95800018,10.03999996,26.04000092,36.18999863,11.27000046,48.41999817,71.44000244,225.85,10.54500008,86.03333282,2.46,18.44000053,73.56999969,14.05000019,42.61000061,13.26000023,391.0,39.65999985,31.68000031,248.8500061,53.70000076,55.04000092,177.8800049,34.31000137,82.29000092
723,10.46000004,11.81000042,5.079999924,7.150000095,47.50999832,448.0,35.72000122,28.60000038,93.05999756,27.78000069,156.2400055,113.0899963,43.81999969,6.072999954,12.93000031,10.03999996,26.18000031,35.38999939,11.25,47.79000092,72.13999939,237.15,10.75500011,84.90000153,2.51,18.39999962,73.26999664,13.89999962,43.90000153,13.31000042,397.95,39.65999985,32.88000107,247.3500061,55.15000153,55.04999924,179.5599976,34.31999969,84.63999939
724,10.84000015,11.81999969,5.179999828,7.170000076,48.59999847,448.0,35.72999954,29.35000038,97.55000305,28.05999947,161.7899933,113.8000031,44.61000061,6.21999979,13.15799999,10.09000015,26.35000038,34.88000107,11.39999962,48.34000015,72.26000214,237.53,11.09500027,86.6333313,2.612,18.80999947,73.48999786,13.07499981,45.79999924,13.51000023,400.0,40.43000031,36.88999939,248.25,55.5,56.04999924,177.1999969,34.83000183,87.19999695
725,11.22000027,12.35000038,5.380000114,7.130000114,50.79999924,448.0,35.20000076,28.71999931,95.51999664,27.52000046,156.6699982,110.1600037,43.63999939,6.217999935,13.39000034,9.930000305,25.90999985,34.08000183,11.07999992,46.77999878,73.02999878,240.4,11.01000023,84.0,2.6995,18.14999962,71.01999664,13.60999966,41.20000076,13.56999969,409.0,39.59000015,35.93999863,242.3500061,56.29999924,52.90000153,182.8200073,34.29000092,85.25
726,11.22000027,12.35000038,5.380000114,7.130000114,50.79999924,456.0,34.93000031,28.86000061,95.91999817,27.80999947,159.75,108.6999969,43.43000031,6.172999859,13.19999981,9.873999596,25.61000061,33.84000015,11.27999973,46.65000153,73.63999939,240.4,10.92000008,84.43333435,2.6995,18.18000031,69.87000275,13.15999985,40.47000122,13.01000023,409.0,38.84999847,36.04999924,248.5,56.29999924,52.97999954,168.4600067,34.40000153,86.41000366
727,11.10000038,12.35000038,5.380000114,7.130000114,50.79999924,456.0,34.52999878,31.18000031,98.93000031,28.90999985,162.4900055,108.3600006,43.86000061,6.249000072,13.52799988,9.824000359,26.13999939,34.70000076,11.73999977,46.68999863,75.11000061,240.4,11.03499985,84.43333435,2.6995,18.68000031,70.76000214,13.5,42.65000153,13.31000042,409.0,39.08000183,37.06999969,248.5,55.34999847,54.08000183,174.3399963,35.31000137,88.19000244
728,10.93999958,12.35000038,5.380000114,7.130000114,50.79999924,456.0,36.25,31.85000038,103.8600006,30.51000023,167.5899963,110.5100021,45.18999863,6.193999767,13.60000038,9.784000397,26.96999931,35.97999954,12.07999992,47.91999817,78.69999695,234.16,11.00500011,83.90000153,2.7005,19.28000069,73.05999756,13.55000019,43.43000031,14.01000023,396.2,40.56999969,37.38999939,244.9499969,54.75,56.0,173.9199982,36.88999939,91.69999695
729,11.02000046,12.65999985,5.449999809,7.199999809,52.08000183,456.0,35.04000092,31.21999931,102.8600006,29.26000023,166.2599945,110.0500031,44.58000183,6.054999828,13.51000023,9.751999855,26.61000061,34.81999969,11.88000011,46.90000153,76.41000366,238.6,10.81499958,83.80000305,2.79,18.85000038,71.83999634,13.31000042,42.54999924,13.64999962,397.0,40.29999924,36.90999985,247.5,56.84999847,54.88999939,173.1799927,35.90999985,90.30999756
730,10.89999962,12.55000019,5.289999962,7.019999981,50.68000031,530.0,35.04000092,31.86000061,107.6900024,28.12000084,170.6900024,111.3199997,45.43000031,6.007999897,13.60400009,9.751999855,26.95000076,35.70999908,11.63000011,47.06000137,72.13999939,240.1,10.66499996,84.16666412,2.754,19.29999924,72.47000122,12.96500015,43.18999863,14.07999992,392.3,40.29999924,37.04999924,245.1999969,57.65000153,55.45999908,164.6199951,36.66999817,91.69000244
731,10.89999962,12.55000019,5.289999962,7.019999981,50.68000031,530.0,35.04000092,31.86000061,107.6900024,28.12000084,170.6900024,111.3199997,45.43000031,6.007999897,13.60400009,9.751999855,26.95000076,35.70999908,11.63000011,47.06000137,72.13999939,240.1,10.66499996,84.16666412,2.754,19.29999924,72.47000122,12.96500015,43.18999863,14.07999992,392.3,40.29999924,37.04999924,245.1999969,57.65000153,55.45999908,164.6199951,36.66999817,91.69000244
732,10.89999962,12.64000034,5.340000153,6.96999979,52.99000168,525.0,34.06999969,29.68000031,97.19999695,25.69000053,159.25,110.8000031,43.38000107,5.873000145,13.07800007,9.762000084,26.07999992,32.47000122,10.82999992,46.72999954,68.25,240.1,10.60999966,82.66666412,2.754,18.60000038,70.70999908,12.35499954,38.93000031,13.23999977,392.3,40.02999878,34.81000137,230.0,50.95000076,53.54999924,153.6799927,34.74000168,84.45999908
733,10.52000046,12.81999969,5.179999828,7.03000021,54.29999924,519.0,34.11000061,29.88999939,98.0,25.78000069,160.7799988,108.9100037,42.93999863,5.842000008,13.25800037,9.854000092,25.95999908,33.11999893,10.68999958,46.75999832,67.58000183,240.1,10.55500031,81.33333588,2.754,18.52000046,69.98999786,11.89000034,39.0,13.46000004,392.3,39.49000168,34.34000015,222.1499939,50.45000076,53.66999817,151.6999969,34.18000031,85.01999664
734,10.52000046,12.93999958,5.190000057,7.019999981,55.88999939,505.0,34.29999924,30.21999931,99.04000092,23.29999924,163.1600037,109.9100037,43.13000107,5.980000019,13.61999989,10.22999954,25.88999939,33.54000092,10.72999954,47.61999893,61.72000122,241.99,10.875,80.30000305,2.778,18.52000046,70.19999695,12.43000031,39.40000153,14.07999992,391.55,40.40000153,35.59999847,226.5,53.59999847,53.68000031,154.9600067,34.45999908,86.79000092
735,10.52000046,12.93999958,5.130000114,7.050000191,55.61999893,507.0,33.86999893,29.61000061,99.59999847,22.54000092,164.7100067,108.8499985,42.68000031,5.837999821,13.35599995,9.946000099,25.78000069,33.75,10.65999985,45.84999847,61.40000153,230.56,10.63000011,81.40000153,2.723,18.43000031,68.51000214,11.75,39.63999939,14.11999989,375.0,38.84999847,35.27999878,219.0500031,51.09999847,54.41999817,148.1399994,34.61999893,86.30000305
736,10.65999985,13.11999989,5.159999847,7.170000076,55.86000061,505.0,34.15000153,30.48999977,102.9100037,24.34000015,167.8699951,109.3000031,43.79000092,5.936999798,13.64000034,9.946000099,26.07999992,33.88999939,11.05000019,46.72999954,64.25,235.52,10.68000031,80.8666687,2.7595,18.73999977,69.80000305,13.11999989,40.77999878,14.51000023,374.95,38.84999847,36.34000015,222.8000031,53.20000076,55.41999817,148.1399994,34.79000092,88.86000061
737,10.65999985,13.11999989,5.159999847,7.170000076,55.86000061,505.0,34.15000153,30.48999977,102.9100037,24.34000015,167.8699951,109.3000031,43.79000092,5.936999798,13.64000034,9.946000099,26.07999992,33.88999939,11.05000019,46.72999954,64.25,235.52,10.68000031,80.8666687,2.7595,18.73999977,69.80000305,13.11999989,40.77999878,14.51000023,374.95,38.84999847,36.34000015,222.8000031,53.20000076,55.41999817,148.1399994,34.79000092,88.86000061
738,10.68000031,12.89000034,5.170000076,7.0,53.15000153,500.0,33.56999969,31.02000046,105.5,24.22999954,173.0099945,110.0299988,44.58000183,5.986999989,13.82600021,9.930000305,26.45999908,33.70000076,11.34000015,46.86999893,62.77000046,244.2,10.78499985,81.40000153,2.769,19.38999939,70.12000275,13.03499985,40.45000076,14.85000038,378.8,41.20000076,37.50999832,226.6000061,53.70000076,56.38999939,149.5800018,35.43999863,90.94999695
739,10.97999954,12.93000031,5.230000019,6.989999771,56.65000153,487.0,34.65999985,31.47999954,107.0199966,26.70000076,174.0299988,109.3499985,44.88999939,6.010000229,13.93200016,9.913999557,26.79999924,34.34000015,11.72999954,47.54000092,65.40000153,258.8,10.78999996,82.93333435,2.785,19.73999977,72.01999664,13.03499985,41.36000061,15.15999985,394.7,41.25,38.34999847,241.1499939,55.5,57.16999817,152.6600037,35.90000153,92.11000061
740,11.07999992,13.22999954,5.179999828,7.019999981,60.65000153,506.0,34.61000061,31.11000061,104.4800034,27.26000023,168.0599976,108.9000015,44.24000168,5.938000202,13.83199978,10.07499981,26.61000061,33.97999954,11.22999954,47.13000107,65.36000061,264.84,10.88500023,78.69999695,2.77,19.29999924,71.0,13.89500046,40.52999878,14.75,404.0,42.54999924,37.74000168,237.6999969,55.15000153,56.99000168,156.7799988,35.22999954,90.65000153
741,10.81999969,13.19999981,5.139999866,6.940000057,63.58000183,506.0,35.41999817,31.03000069,104.6100006,28.76000023,166.8600006,108.9499969,44.43999863,5.93599987,13.78600025,9.956000328,26.60000038,34.31999969,11.06000042,47.34999847,66.47000122,266.68,10.76500034,78.16666412,2.845,19.02000046,70.45999908,13.98499966,40.61999893,15.06999969,399.6,42.54999924,37.93999863,228.4499969,54.75,57.09999847,157.3600006,35.02000046,91.13999939
742,11.14000034,13.73999977,5.21999979,7.190000057,63.20000076,493.0,35.45999908,31.28000069,105.0199966,29.38999939,167.8200073,109.8300018,44.54000092,6.123000145,13.89000034,10.04500008,26.76000023,33.97999954,11.10999966,47.15000153,65.76999664,263.0,11.10000038,77.96666718,2.881,19.03000069,71.22000122,13.43500042,40.56999969,15.42000008,384.25,43.11999893,38.08000183,233.25,53.54999924,57.25,156.6799927,35.38000107,91.86000061
743,11.14000034,13.73999977,5.21999979,7.190000057,63.20000076,493.0,35.45999908,31.28000069,105.0199966,29.38999939,167.8200073,109.8300018,44.54000092,6.123000145,13.89000034,10.04500008,26.76000023,33.97999954,11.10999966,47.15000153,65.76999664,263.0,11.10000038,77.96666718,2.881,19.03000069,71.22000122,13.43500042,40.56999969,15.42000008,384.25,43.11999893,38.08000183,233.25,53.54999924,57.25,156.6799927,35.38000107,91.86000061
744,11.30000019,13.32999992,5.21999979,7.179999828,63.58000183,501.0,36.13000107,32.11000061,109.0199966,29.13999939,171.7200012,110.8099976,44.90999985,6.132999897,13.71399975,10.10499954,26.79000092,35.20999908,11.27000046,47.88999939,66.05999756,263.0,11.14500046,78.46666718,2.825,19.15999985,72.55000305,14.01500034,41.41999817,16.26000023,367.05,43.31999969,39.41999817,229.8000031,54.34999847,57.77999878,164.0800018,36.02000046,93.88999939
745,11.22000027,12.78999996,5.179999828,7.010000229,62.5,501.0,36.34999847,32.08000183,109.4800034,30.62000084,172.6399994,112.9800034,44.97999954,6.039000034,13.60999966,9.779999733,26.79999924,35.59000015,11.17000008,48.83000183,64.58999634,265.8,11.13000011,79.1333313,2.8585,19.13999939,74.66999817,13.61499977,41.38999939,14.22999954,359.2,41.41999817,38.75999832,227.0,54.25,57.75999832,170.1600037,36.20999908,94.40000153
746,11.42000008,13.39000034,5.320000172,7.150000095,65.23999786,508.0,36.61999893,32.36999893,111.1999969,29.19000053,175.4100037,112.3899994,45.09999847,6.131999969,14.11999989,9.779999733,27.34000015,36.95999908,11.43999958,49.02000046,66.04000092,271.4,11.41499996,76.53333282,2.867,19.38999939,74.79000092,13.22999954,42.68999863,14.55000019,378.0,41.41999817,39.40000153,220.8999939,54.65000153,56.84000015,168.0599976,36.68999863,96.30000305
747,11.60000038,13.40999985,5.360000134,7.360000134,63.90000153,502.0,37.09000015,32.66999817,113.1500015,30.30999947,176.5899963,113.2300034,45.84999847,6.184000015,14.24600029,9.880000114,27.37999916,37.38000107,11.56999969,49.15999985,68.08000183,295.89,11.28499985,76.1333313,2.9435,19.62000084,75.04000092,13.22999954,42.68999863,14.80000019,391.7,41.70000076,39.58000183,221.4499969,57.15000153,57.08000183,168.0599976,36.91999817,96.63999939
748,12.0,13.28999996,5.550000191,7.28000021,63.02999878,500.0,36.72999954,32.56000137,114.5999985,31.29999924,178.2799988,114.4000015,46.20000076,6.18599987,14.19200039,9.880000114,27.60000038,37.65999985,11.64999962,49.84999847,72.01000214,294.5,11.30500031,76.09999847,3.16,19.94000053,77.43000031,14.60000038,43.52999878,14.26000023,401.5,41.70000076,40.61000061,224.6499939,55.45000076,57.5,168.0599976,37.45999908,97.58999634
749,12.0,13.28999996,5.550000191,7.28000021,63.02999878,500.0,36.72999954,32.56000137,114.5999985,31.29999924,178.2799988,114.4000015,46.20000076,6.18599987,14.19200039,9.880000114,27.60000038,37.65999985,11.64999962,49.84999847,72.01000214,294.5,11.30500031,76.09999847,3.16,19.94000053,77.43000031,14.60000038,43.52999878,14.26000023,401.5,41.70000076,40.61000061,224.6499939,55.45000076,57.5,168.0599976,37.45999908,97.58999634
750,12.15999985,13.5,5.53000021,7.25,62.0,486.0,36.72999954,32.56000137,114.5999985,31.29999924,178.2799988,114.4000015,46.20000076,6.162000179,14.19999981,9.880000114,27.60000038,37.65999985,11.64999962,49.84999847,72.01000214,300.8,11.10999966,77.40000153,3.2565,19.94000053,77.43000031,14.74499989,43.43000031,14.26000023,385.1,41.70000076,40.61000061,233.25,55.59999847,57.5,179.6399994,37.45999908,97.58999634
751,12.42000008,14.5,5.659999847,7.260000229,64.19999695,481.0,35.58000183,32.36999893,112.3600006,32.06000137,174.6600037,112.5199966,46.15000153,6.044000149,14.19799995,9.484000206,27.42000008,37.65999985,11.65999985,49.15000153,70.61000061,293.75,11.03499985,77.33333588,3.16,19.69000053,75.69000244,14.625,42.70999908,13.88000011,377.0,41.0,40.38000107,235.1499939,54.59999847,57.84000015,177.0599976,37.06000137,96.0
752,12.19999981,14.14000034,5.550000191,7.150000095,60.72999954,490.0,34.68999863,32.68999863,115.75,32.25,176.3200073,111.6699982,45.95000076,5.923999786,14.09799957,9.510000229,27.95000076,36.91999817,11.93999958,49.18999863,70.87000275,297.69,10.84500027,78.80000305,3.17,20.02000046,76.16999817,14.29500008,42.88999939,13.82999992,375.95,40.79999924,40.93999863,232.75,53.5,58.09000015,176.1799927,37.43000031,97.83999634
753,12.03999996,14.60000038,5.46999979,7.050000191,61.93000031,494.0,35.84999847,32.81999969,114.9599991,33.43000031,176.0,111.7900009,46.93000031,5.953999996,14.07199955,9.510000229,28.13999939,36.75,12.01000023,48.99000168,74.23999786,296.0,10.78999996,78.43333435,3.3,19.95999908,78.51999664,14.11999989,43.34999847,13.75,368.75,40.79999924,40.41999817,234.1999969,53.5,58.90999985,175.3800049,37.74000168,97.66999817
754,12.03999996,14.60000038,5.46999979,7.050000191,61.93000031,507.0,35.79999924,32.97999954,118.1200027,33.09999847,177.6000061,111.1600037,46.81000137,5.90500021,14.25800037,9.510000229,28.10000038,37.11000061,11.85000038,48.72999954,74.93000031,297.0,10.81000042,78.8666687,3.2525,19.93000031,78.69000244,14.03999996,44.18999863,14.18000031,365.45,40.79999924,40.86999893,231.0500031,53.5,58.66999817,174.5,37.50999832,99.08999634
755,12.03999996,14.60000038,5.46999979,7.050000191,61.93000031,507.0,35.79999924,32.97999954,118.1200027,33.09999847,177.6000061,111.1600037,46.81000137,5.90500021,14.25800037,9.510000229,28.10000038,37.11000061,11.85000038,48.72999954,74.93000031,297.0,10.81000042,78.8666687,3.2525,19.93000031,78.69000244,14.03999996,44.18999863,14.18000031,365.45,40.79999924,40.86999893,231.0500031,53.5,58.66999817,174.5,37.50999832,99.08999634
756,12.19999981,14.63000011,5.5,6.96999979,65.84999847,492.0,36.68000031,33.09999847,117.3799973,35.61000061,176.8300018,111.1100006,47.11000061,6.028999805,14.43200016,9.645999908,28.15999985,37.06999969,11.85999966,48.54999924,71.98999786,296.5,10.89999962,78.3666687,3.26,19.79000092,80.19000244,14.03999996,44.47000122,14.02000046,368.8,41.0,41.31000137,232.25,54.75,58.38999939,174.5,37.40999985,98.83999634
757,12.10000038,14.23999977,5.5,6.989999771,65.25,502.0,36.27999878,34.18999863,122.7099991,35.09000015,180.1999969,112.3399963,47.52999878,5.987999916,14.42800045,9.668000221,28.46999931,37.88000107,12.31000042,49.04999924,72.0,297.99,10.83500004,78.80000305,3.25,20.13999939,79.77999878,13.96500015,44.47999954,13.89999962,366.55,41.75999832,41.97000122,234.75,53.70000076,59.04999924,181.7400055,37.81999969,103.3700027
758,12.35999966,14.02999973,5.639999866,6.920000076,63.49000168,528.0,36.54999924,34.11999893,121.8600006,34.68999863,181.1300049,110.4899979,47.18000031,5.846000195,14.3920002,9.644000053,28.37000084,37.75,12.26000023,48.16999817,71.69000244,308.0,10.73999977,78.66666412,3.2385,19.86000061,78.48999786,14.24499989,45.95999908,13.78999996,372.85,41.36000061,42.49000168,233.0,56.40000153,58.77999878,182.6399994,37.49000168,104.5899963
759,11.42000008,13.77000046,5.800000191,6.989999771,62.79000092,523.0,36.56000137,33.52000046,118.5599976,34.02000046,177.5200043,107.7300034,46.16999817,5.729000092,14.02600002,9.574000359,28.12000084,36.88000107,12.03999996,46.65999985,69.83000183,306.5,10.59000015,78.8666687,3.005,19.29000092,77.33999634,13.02499962,45.11000061,13.51000023,373.25,41.04999924,41.77999878,233.0500031,55.15000153,57.24000168,179.7599945,35.59000015,102.3300018
760,11.38000011,13.85000038,5.889999866,6.980000019,62.70000076,508.0,36.15999985,32.45999908,116.8300018,32.34000015,175.3999939,107.7699966,45.54999924,5.480999947,13.23999977,9.522000313,27.62000084,35.88999939,11.64000034,46.00999832,68.0,309.2,10.31000042,78.16666412,3.14,19.03000069,75.91000366,12.60000038,43.0,13.21000004,369.5,40.70000076,41.31000137,230.25,55.04999924,56.83000183,175.5,34.88999939,100.4599991
761,11.38000011,13.85000038,5.889999866,6.980000019,62.70000076,508.0,36.15999985,32.45999908,116.8300018,32.34000015,175.3999939,107.7699966,45.54999924,5.480999947,13.23999977,9.522000313,27.62000084,35.88999939,11.64000034,46.00999832,68.0,309.2,10.31000042,78.16666412,3.14,19.03000069,75.91000366,12.60000038,43.0,13.21000004,369.5,40.70000076,41.31000137,230.25,55.04999924,56.83000183,175.5,34.88999939,100.4599991
762,11.27999973,13.56000042,5.889999866,6.769999981,60.20000076,509.0,34.63999939,31.21999931,111.7600021,30.15999985,167.3300018,103.4300003,44.0,5.388000011,12.97799969,9.326000214,26.68000031,34.02000046,11.06000042,43.68000031,63.13000107,309.2,10.10000038,75.73332977,3.14,18.12999916,72.41000366,12.11499977,41.5,12.59000015,369.5,38.97999954,39.56999969,219.5,53.15000153,54.95999908,163.2400055,33.11999893,95.84999847
763,11.18000031,13.42000008,6.210000038,6.829999924,57.24000168,498.0,34.27000046,30.86000061,111.4899979,29.37000084,167.5500031,100.9400024,42.93999863,5.333000183,13.17000008,9.090000153,25.95999908,34.83000183,10.81999969,42.31000137,61.95000076,317.69,9.871999741,73.5,3.22,17.88999939,71.48000336,11.76000023,41.93000031,12.71000004,371.6,38.16999817,39.36999893,220.3999939,54.79999924,54.16999817,160.2799988,32.34000015,96.09999847
764,11.02000046,13.5,6.130000114,6.920000076,55.25,492.0,34.81999969,31.02000046,109.3300018,29.78000069,164.2599945,100.1800003,42.68000031,5.556000233,13.25399971,9.100000381,25.45999908,35.86000061,10.72000027,42.25999832,64.02999878,316.2,9.984000206,72.80000305,3.22,17.60000038,74.19000244,12.42500019,42.02999878,12.76000023,375.65,38.56999969,38.79999924,218.9499969,55.40000153,53.47000122,162.1199951,31.75,94.88999939
765,10.60000038,13.85999966,5.920000076,6.849999905,59.56000137,485.0,33.40000153,29.57999992,102.4199982,28.22999954,155.4799957,99.54000092,40.97000122,5.400000095,12.60599995,8.49600029,24.14999962,34.41999817,10.13000011,41.22000122,62.00999832,316.99,9.878000259,72.09999847,3.293,16.70000076,70.87000275,12.11499977,40.84999847,12.07999992,383.0,37.09999847,36.86000061,209.8000031,51.40000153,51.34999847,161.5200043,30.45000076,91.38999939
766,10.52000046,13.93000031,5.829999924,6.809999943,60.11999893,475.0,33.40999985,27.76000023,93.73999786,30.62999916,148.3800049,97.81999969,40.49000168,5.441999912,12.01000023,8.720000267,23.45000076,34.04000092,9.829999924,40.90999985,66.70999908,315.5,9.859999657,69.46666718,3.445,16.04999924,70.80999756,12.55000019,41.72999954,11.60999966,384.45,37.38999939,34.31999969,210.3000031,49.97999954,50.11000061,162.3200073,29.73999977,86.12000275
767,10.52000046,13.93000031,5.829999924,6.809999943,60.11999893,475.0,33.40999985,27.76000023,93.73999786,30.62999916,148.3800049,97.81999969,40.49000168,5.441999912,12.01000023,8.720000267,23.45000076,34.04000092,9.829999924,40.90999985,66.70999908,315.5,9.859999657,69.46666718,3.445,16.04999924,70.80999756,12.55000019,41.72999954,11.60999966,384.45,37.38999939,34.31999969,210.3000031,49.97999954,50.11000061,162.3200073,29.73999977,86.12000275
768,10.14000034,14.15999985,5.449999809,6.78000021,63.52000046,457.0,33.40999985,27.76000023,93.73999786,30.62999916,148.3800049,97.81999969,40.49000168,5.488999844,12.04399967,8.770000458,23.45000076,34.04000092,9.829999924,40.90999985,66.70999908,311.98,10.01000023,68.69999695,3.638,16.04999924,70.80999756,13.35000038,43.06000137,11.60999966,389.8,38.79000092,34.31999969,194.8999939,50.90000153,50.11000061,171.6000061,29.73999977,86.12000275
769,10.22000027,14.03999996,5.440000057,6.889999866,64.33999634,467.0,33.59999847,29.12000084,99.27999878,31.21999931,154.5899963,99.20999908,41.49000168,5.465000153,12.07999992,8.727999687,24.45000076,34.90000153,10.38000011,41.59999847,68.19999695,301.58,9.737999916,70.5,3.5555,16.64999962,72.73000336,13.53999996,45.20000076,11.55000019,381.3,39.00999832,37.25,204.5500031,50.5,51.84000015,174.2400055,30.93000031,91.48000336
770,9.829999924,13.68999958,5.320000172,6.739999771,65.29000092,471.0,33.38999939,28.09000015,93.05999756,31.26000023,147.8699951,100.1600037,41.25,5.350999832,11.65999985,8.850000381,24.09000015,33.0,10.0,41.68999863,67.59999847,295.8,9.456000328,70.3666687,3.617,16.34000015,74.69000244,13.64999962,44.75999832,11.44999981,377.6,38.38999939,35.22000122,201.3000031,49.79999924,51.40000153,174.6000061,30.56999969,87.86000061
771,10.0,13.96000004,5.400000095,6.730000019,65.05000305,473.0,34.06000137,27.36000061,87.88999939,32.38000107,142.4299927,103.4100037,40.79999924,5.421999931,11.43000031,8.74600029,23.60000038,32.31000137,9.789999962,42.22999954,69.59999847,303.5,9.81799984,71.53333282,3.596,16.23999977,77.19999695,12.59000015,41.52999878,11.10000038,378.4,38.61999893,32.90999985,202.9499969,47.52000046,51.15000153,168.1399994,30.40999985,85.20999908
772,9.859999657,14.01000023,5.340000153,6.699999809,67.91999817,477.0,35.06000137,28.22999954,90.91000366,32.38000107,144.7700043,104.5299988,41.77999878,5.513000011,11.66600037,8.602000237,23.98999977,32.54000092,10.10000038,43.29000092,70.06999969,296.0,10.05500031,72.33333588,3.63,16.47999954,78.01999664,13.22000027,41.52999878,10.94999981,377.0,37.41999817,34.54000092,207.8999939,47.74000168,51.79000092,164.5,30.04999924,86.90000153
773,9.859999657,14.01000023,5.340000153,6.699999809,67.91999817,477.0,35.06000137,28.22999954,90.91000366,32.38000107,144.7700043,104.5299988,41.77999878,5.513000011,11.66600037,8.602000237,23.98999977,32.54000092,10.10000038,43.29000092,70.06999969,296.0,10.05500031,72.33333588,3.63,16.47999954,78.01999664,13.22000027,41.52999878,10.94999981,377.0,37.41999817,34.54000092,207.8999939,47.74000168,51.79000092,164.5,30.04999924,86.90000153
774,10.11999989,13.94999981,5.389999866,6.710000038,67.48999786,513.0,35.33000183,28.70000076,92.23000336,33.95000076,147.5700073,105.1999969,42.18000031,5.40899992,11.43000031,8.513999939,24.13999939,34.15999985,10.14000034,43.88999939,70.62000275,296.2,9.921999931,73.03333282,3.8,16.82999992,77.88999939,13.32999992,44.70999908,11.77999973,376.65,36.81000137,35.65999985,208.1499939,49.06000137,53.02999878,168.0800018,30.59000015,89.02999878
775,10.47999954,14.11999989,5.360000134,6.880000114,68.90000153,550.0,34.56000137,29.06999969,95.22000122,31.84000015,149.9400024,105.6999969,42.54000092,5.475999832,11.5,8.609999657,24.77000046,35.38000107,10.34000015,43.88000107,67.75,297.2,10.17500019,72.19999695,3.7065,17.20000076,76.44000244,13.39000034,45.06999969,11.89000034,381.85,37.52999878,36.59999847,208.6499939,49.79999924,53.56999969,167.3800049,31.73999977,91.5
776,10.43999958,13.52999973,5.309999943,6.809999943,66.55000305,579.0,34.79000092,28.77000046,91.45999908,30.09000015,146.9799957,106.0100021,42.43999863,5.40199995,11.60200024,8.368000031,24.55999947,34.88000107,10.18000031,44.34000015,66.83999634,297.65,10.07499981,73.19999695,3.5265,16.92000008,76.0,12.39500046,43.97000122,11.82999992,384.2,37.02999878,35.31000137,207.3000031,48.5,52.18999863,158.6399994,31.51000023,88.12000275
777,10.35999966,13.44999981,5.300000191,6.860000134,65.25,567.0,34.79999924,28.35000038,89.80999756,31.13999939,144.7799988,107.2099991,42.25999832,5.21999979,11.32800007,8.008000374,24.37000084,34.75999832,9.979999542,45.31999969,68.12999725,207.0,9.895999908,74.25,3.33,16.76000023,77.45999908,11.96500015,42.24000168,11.68000031,362.25,35.08000183,35.06999969,202.1999969,46.86000061,51.81000137,149.8999939,31.20999908,85.63999939
778,10.35999966,13.39999962,5.269999981,6.96999979,59.70000076,579.0,35.20000076,28.28000069,90.98000336,31.12000084,146.5099945,109.6200027,42.65999985,5.313000202,11.22799969,8.201999664,24.62999916,33.83000183,10.02000046,46.06999969,68.15000153,192.5,10.34000015,74.55000305,3.4375,16.97999954,80.55999756,12.61999989,42.72000122,11.76000023,375.15,36.91999817,35.56999969,207.0,43.52000046,52.61000061,153.9799957,31.29000092,87.55000305
779,10.35999966,13.39999962,5.269999981,6.96999979,59.70000076,579.0,35.20000076,28.28000069,90.98000336,31.12000084,146.5099945,109.6200027,42.65999985,5.313000202,11.22799969,8.201999664,24.62999916,33.83000183,10.02000046,46.06999969,68.15000153,192.5,10.34000015,74.55000305,3.4375,16.97999954,80.55999756,12.61999989,42.72000122,11.76000023,375.15,36.91999817,35.56999969,207.0,43.52000046,52.61000061,153.9799957,31.29000092,87.55000305
780,10.27999973,14.51000023,5.309999943,7.130000114,60.34000015,654.0,35.20000076,28.28000069,90.98000336,31.12000084,146.5099945,109.6200027,42.65999985,5.281000137,11.49800014,8.170000076,24.62999916,33.83000183,10.02000046,46.06999969,68.15000153,186.25,10.27000046,74.34999847,3.46,16.97999954,80.55999756,12.60499954,43.63999939,11.76000023,371.6,36.61000061,35.56999969,211.4499969,45.41999817,52.61000061,154.8800049,31.29000092,87.55000305
781,10.39999962,14.14000034,5.400000095,7.150000095,61.04000092,653.0,34.75999832,27.14999962,84.63999939,30.17000008,142.6600037,106.3399963,41.43999863,5.077000141,10.83199978,7.915999889,24.0,33.54000092,9.880000114,43.61999893,66.23000336,197.3,10.125,73.59999847,3.42,16.57999992,79.11000061,12.69999981,43.40000153,11.34000015,371.5,35.49000168,33.22999954,212.8000031,42.27999878,51.29999924,156.9799957,30.15999985,84.80999756
782,9.899999619,13.85999966,5.21999979,6.920000076,64.30000305,612.0,34.65000153,26.71999931,83.33999634,29.28000069,140.7799988,107.5800018,41.27999878,5.176000118,10.75599957,7.857999802,23.61000061,32.88999939,9.539999962,44.25999832,66.16000366,195.42,10.26500034,72.59999847,3.422,16.36000061,79.56999969,12.80000019,43.16999817,11.10000038,369.65,35.54999924,32.54000092,214.0,39.65999985,50.88000107,159.8399963,29.71999931,83.27999878
783,9.840000153,14.31999969,5.159999847,6.929999828,69.73000336,610.0,35.09000015,27.78000069,86.34999847,32.13000107,143.5200043,106.8300018,42.0,5.263000011,11.04599953,8.031999588,24.56999969,34.15999985,9.869999886,44.38999939,70.63999939,197.92,10.34500027,72.69999695,3.4195,16.88999939,80.37999725,13.30500031,44.22999954,11.56000042,364.95,35.70999908,33.34999847,214.5500031,42.0,51.54000092,166.7200012,31.18000031,85.94000244
784,9.890000343,14.78999996,5.190000057,6.829999924,67.90000153,619.0,35.22999954,27.84000015,86.45999908,32.97999954,142.7700043,105.9100037,42.18999863,5.251999855,11.22599983,8.184000015,24.97999954,33.5,9.949999809,44.29000092,72.51000214,198.0,9.911999702,72.69999695,3.399,16.96999931,80.25,13.57499981,44.20000076,11.78999996,351.2,35.81999969,32.74000168,220.0500031,43.90000153,51.74000168,170.8600006,31.31999969,86.08000183
785,9.840000153,14.93000031,5.130000114,6.900000095,66.65000153,619.0,34.65999985,27.45999908,85.55000305,29.57999992,141.5099945,107.9599991,42.09999847,5.242000103,11.19999981,8.112000465,25.04000092,33.41999817,9.729999542,44.43000031,69.29000092,188.9,10.14999962,72.55000305,3.4005,16.86000061,80.68000031,13.89999962,43.91999817,11.55000019,343.8,36.49000168,31.94000053,220.75,43.65999985,51.61999893,171.8999939,31.76000023,85.63999939
786,9.800000191,15.90999985,5.119999886,6.960000038,66.12999725,608.0,34.54000092,26.87999916,83.44999695,29.29999924,138.9199982,107.6699982,41.74000168,5.177999973,11.13799953,8.112000465,24.68000031,32.95000076,9.680000305,44.22999954,68.41999817,191.4,10.125,70.65000153,3.275,16.64999962,79.94999695,13.70499992,43.68000031,11.22999954,333.5,36.49000168,30.51000023,221.5,43.86000061,50.15999985,175.6199951,30.95000076,84.5
787,9.579999924,17.5,5.090000153,6.940000057,69.69999695,640.0,34.61999893,27.01000023,83.11000061,29.30999947,137.9900055,107.2399979,41.63999939,5.126999855,11.11600018,8.052000046,24.62999916,33.59000015,9.859999657,43.59999847,69.16000366,186.0,9.890000343,70.40000153,3.2005,16.60000038,80.26000214,13.35499954,43.25,11.34000015,321.0,36.15999985,30.57999992,220.75,42.61999893,50.90999985,172.0,31.13999939,84.83999634
788,9.470000267,16.75,5.070000172,6.690000057,75.08999634,591.0,34.54999924,26.02000046,81.61000061,29.40999985,135.9400024,106.9499969,41.09999847,4.835000038,10.64400005,7.941999912,24.46999931,31.64999962,9.659999847,44.15000153,71.04000092,184.55,9.715999603,70.75,3.29,16.57999992,80.12999725,13.39000034,42.34999847,10.89999962,315.45,35.56000137,29.53000069,221.3500061,42.04000092,50.56000137,167.1999969,31.14999962,83.13999939
789,9.319999695,16.80999947,5.010000229,6.400000095,74.0,589.0,35.0,26.65999985,82.88999939,29.14999962,137.6499939,107.4300003,41.59000015,5.0,10.8380003,8.048000336,24.52000046,32.36000061,9.819999695,44.22999954,65.26999664,187.61,9.807999611,70.34999847,3.404,16.76000023,78.70999908,13.23499966,44.25999832,11.22999954,330.5,36.81999969,30.19000053,225.0,42.47999954,50.97000122,161.7599945,31.37999916,84.54000092
790,9.319999695,16.80999947,5.010000229,6.400000095,74.0,589.0,35.0,26.65999985,82.88999939,29.14999962,137.6499939,107.4300003,41.59000015,5.0,10.8380003,8.048000336,24.52000046,32.36000061,9.819999695,44.22999954,65.26999664,187.61,9.807999611,70.34999847,3.404,16.76000023,78.70999908,13.23499966,44.25999832,11.22999954,330.5,36.81999969,30.19000053,225.0,42.47999954,50.97000122,161.7599945,31.37999916,84.54000092
791,9.850000381,16.69000053,5.150000095,6.480000019,75.29000092,589.0,35.79999924,27.32999992,85.06999969,30.15999985,139.5800018,105.4300003,42.45999908,4.90899992,11.01399994,8.050000191,24.95999908,33.88999939,10.09000015,43.75999832,67.01000214,186.7,9.788000107,71.15000153,3.255,16.93000031,77.51000214,15.76000023,44.97999954,11.47000027,326.0,37.11000061,30.62000084,227.8000031,44.75999832,52.20000076,166.6199951,31.90999985,86.09999847
792,9.960000038,16.31999969,5.199999809,6.449999809,69.95999908,575.0,36.06999969,28.05999947,88.48000336,30.76000023,144.6100006,105.5400009,43.15000153,4.973499775,11.3039999,8.394000053,25.28000069,34.47000122,10.43000031,43.70000076,70.65000153,189.51,9.840000153,72.0,3.258,17.30999947,78.93000031,16.56500053,45.77000046,11.65999985,320.75,38.59000015,31.87000084,228.0,44.72000122,52.95999908,166.0399933,32.34999847,88.26999664
793,10.0,16.42000008,5.239999771,6.449999809,71.55000305,576.0,36.97999954,28.13999939,90.70999908,31.94000053,146.5200043,102.9899979,43.08000183,4.81799984,11.17399979,8.42800045,25.57999992,35.09999847,10.47000027,43.09999847,72.98000336,193.3,9.777999878,72.34999847,3.3165,17.31999969,78.31999969,15.96500015,45.68999863,11.63000011,330.0,38.25999832,31.88999939,227.6000061,44.56000137,52.75999832,170.6000061,32.5,89.23999786
794,9.789999962,16.03000069,5.190000057,6.300000191,70.01000214,566.0,36.86000061,27.78000069,88.93000031,31.47999954,145.3999939,103.5400009,42.95999908,4.748000145,11.0,8.116000175,25.70999908,34.25,10.35999966,43.25999832,73.26000214,189.59,9.795999527,72.55000305,3.2755,17.65999985,78.87000275,16.07999992,45.70000076,11.47000027,328.2,37.25,31.37000084,230.1000061,44.20000076,52.81999969,167.7599945,32.40999985,87.75
795,9.850000381,16.27000046,5.199999809,6.230000019,73.34999847,519.0,36.77000046,27.54999924,88.12999725,32.20000076,144.1900024,104.9800034,42.90999985,4.723999977,10.97000027,8.456000328,25.56999969,34.20000076,10.25,44.02000046,72.58999634,192.25,9.991999626,72.15000153,3.283,17.64999962,80.25,16.08499908,45.75,11.64000034,340.0,37.52000046,30.81999969,230.8500061,44.93999863,53.15999985,174.9600067,32.34000015,87.08000183
796,9.850000381,16.27000046,5.199999809,6.230000019,73.34999847,519.0,36.77000046,27.54999924,88.12999725,32.20000076,144.1900024,104.9800034,42.90999985,4.723999977,10.97000027,8.456000328,25.56999969,34.20000076,10.25,44.02000046,72.58999634,192.25,9.991999626,72.15000153,3.283,17.64999962,80.25,16.08499908,45.75,11.64000034,340.0,37.52000046,30.81999969,230.8500061,44.93999863,53.15999985,174.9600067,32.34000015,87.08000183
797,9.770000458,15.68999958,5.190000057,6.210000038,71.48999786,512.0,36.86000061,28.12000084,92.05000305,33.54999924,148.4799957,105.9800034,44.00999832,4.75,11.06200027,8.430000305,26.06999969,35.54000092,10.60000038,44.41999817,74.15000153,192.0,9.977999687,72.09999847,3.2665,18.02000046,80.98000336,15.36999989,46.11999893,12.39000034,336.6,37.84000015,31.86000061,232.5,46.72000122,54.84000015,170.3999939,33.45000076,89.98000336
798,10.0,15.75,5.25,6.179999828,76.36000061,503.0,36.40999985,28.06999969,91.08999634,32.25,147.3200073,107.0199966,43.81999969,4.735499859,11.02000046,8.397999763,26.09000015,36.27000046,10.64999962,44.70000076,73.56999969,193.95,10.07499981,71.65000153,3.304,18.0,79.91000366,15.08500004,45.36000061,12.60999966,347.0,38.15000153,31.42000008,226.1499939,47.77999878,54.88999939,161.3000031,33.54000092,89.62999725
799,9.93999958,15.90999985,5.210000038,6.21999979,80.40000153,498.0,36.43000031,28.76000023,93.26999664,34.06000137,149.2599945,106.5199966,44.59999847,4.730999947,11.19999981,8.498000145,26.51000023,36.91999817,10.94999981,44.45999908,76.76000214,196.49,10.26000023,72.09999847,3.2585,18.05999947,80.37999725,15.41499996,44.75,12.94999981,348.7,39.15999985,32.34999847,218.0,48.54000092,55.06999969,161.0399933,33.79000092,91.56999969
800,10.10000038,16.22999954,5.25,6.199999809,83.98999786,519.0,37.77999878,28.46999931,94.05999756,36.0,150.3899994,108.9499969,44.70999908,4.793499947,11.09200001,8.534000397,26.40999985,37.16999817,11.18000031,46.27000046,88.5,196.25,10.34500027,72.05000305,3.2345,18.04000092,84.54000092,17.01499939,48.68000031,13.39000034,344.3,39.81999969,32.68999863,218.1499939,48.86000061,54.13999939,186.5599976,33.77999878,92.63999939
801,10.0,16.78000069,5.199999809,6.170000076,82.98999786,523.0,37.75,29.37999916,97.43000031,36.88999939,163.7799988,109.9300003,44.93000031,4.90899992,11.7159996,8.770000458,26.72999954,38.40999985,11.31000042,46.49000168,99.16999817,195.26,10.43000031,72.94999695,3.233,17.98999977,84.48999786,16.53000069,50.08000183,14.27999973,353.0,40.18000031,33.93999863,221.8999939,51.40000153,53.31999969,189.5399933,34.09000015,96.93000031
802,10.0,16.78000069,5.199999809,6.170000076,82.98999786,523.0,37.75,29.37999916,97.43000031,36.88999939,163.7799988,109.9300003,44.93000031,4.90899992,11.7159996,8.770000458,26.72999954,38.40999985,11.31000042,46.49000168,99.16999817,195.26,10.43000031,72.94999695,3.233,17.98999977,84.48999786,16.53000069,50.08000183,14.27999973,353.0,40.18000031,33.93999863,221.8999939,51.40000153,53.31999969,189.5399933,34.09000015,96.93000031
803,10.03999996,16.11000061,5.21999979,6.039999962,81.80000305,510.0,37.54999924,29.04999924,95.09999847,35.81000137,160.5099945,109.8499985,44.52999878,4.953000069,11.70199966,8.74600029,26.62000084,37.75999832,11.31999969,46.11000061,99.48999786,192.0,10.42000008,71.09999847,3.25,17.89999962,85.30999756,15.61999989,50.06000137,14.10000038,348.0,40.31000137,33.38999939,230.3500061,50.0,52.75,185.9600067,34.0,94.48000336
804,9.75,14.98999977,5.119999886,5.869999886,83.83999634,508.0,37.84999847,29.36000061,94.70999908,36.61999893,159.1399994,109.6200027,43.99000168,4.863999844,11.44400024,8.907999992,26.34000015,37.79999924,11.27000046,45.83000183,99.72000122,187.16,10.44999981,71.94999695,3.245,17.82999992,85.66999817,16.04500008,49.0,13.84000015,335.8,40.15999985,33.34000015,232.6499939,50.04999924,51.25,188.0200043,32.86000061,94.06999969
805,9.670000076,14.60999966,5.079999924,5.829999924,78.68000031,493.0,38.13999939,29.69000053,91.31999969,36.27000046,155.3600006,110.8199997,44.15999985,4.875,11.39999962,8.770000458,26.15999985,37.09000015,11.25,44.31000137,97.88999939,187.04,10.40499973,71.0,3.2205,17.80999947,86.45999908,15.93999958,48.95000076,13.76000023,330.25,40.02999878,32.16999817,232.5,50.20000076,51.72000122,184.4400024,32.63000107,91.01999664
806,9.630000114,15.03999996,5.070000172,6.039999962,80.37000275,476.0,38.81999969,29.35000038,89.87999725,37.31999969,151.1399994,109.7300034,43.25,4.913000107,11.39000034,8.791999817,25.71999931,35.75,11.10999966,45.06000137,99.16999817,184.9,10.48999977,71.19999695,3.09,17.29999924,87.98000336,16.20499992,48.84000015,14.14999962,324.6,40.36000061,30.72999954,227.6499939,50.40000153,51.02000046,189.5200043,31.90999985,87.19000244
807,9.510000229,15.06999969,5.050000191,6.090000153,78.86000061,472.0,39.25,29.65999985,92.84999847,38.66999817,153.6399994,109.1600037,42.77000046,4.951000214,11.45600033,8.795999527,25.70000076,36.40999985,10.81999969,44.77000046,101.9000015,176.58,10.47999954,73.09999847,3.042,17.46999931,87.98000336,16.61499977,48.36999893,14.44999981,322.7,41.09999847,30.28000069,232.1000061,52.09999847,49.09000015,194.3600006,32.22000122,88.44999695
808,9.510000229,15.06999969,5.050000191,6.090000153,78.86000061,472.0,39.25,29.65999985,92.84999847,38.66999817,153.6399994,109.1600037,42.77000046,4.951000214,11.45600033,8.795999527,25.70000076,36.40999985,10.81999969,44.77000046,101.9000015,176.58,10.47999954,73.09999847,3.042,17.46999931,87.98000336,16.61499977,48.36999893,14.44999981,322.7,41.09999847,30.28000069,232.1000061,52.09999847,49.09000015,194.3600006,32.22000122,88.44999695
809,9.630000114,15.19999981,5.059999943,6.110000134,79.0,493.0,40.33000183,30.15999985,93.62999725,39.11999893,153.4100037,109.0400009,43.40999985,5.032000065,11.4460001,9.034000397,25.95000076,36.47000122,10.89000034,44.97999954,106.7399979,177.86,10.63000011,73.34999847,3.115,17.68000031,87.51999664,16.79999924,48.31000137,15.34000015,327.35,41.97000122,30.38999939,228.25,51.79999924,49.18999863,186.0399933,32.45000076,88.94999695
810,9.659999847,14.93000031,5.099999905,6.150000095,82.81999969,489.0,40.18000031,30.56999969,95.51000214,39.84999847,155.4100037,109.8099976,43.41999817,5.007999897,11.49199963,9.163999557,26.12000084,37.16999817,10.97000027,45.40000153,109.0100021,181.04,10.73499966,73.34999847,3.055,18.04000092,88.91999817,16.39500046,48.22000122,15.43999958,339.65,42.31999969,30.43000031,228.25,52.54999924,48.68000031,182.0,32.83000183,90.58999634
811,9.569999695,14.98999977,5.130000114,6.110000134,83.41000366,500.0,40.31000137,30.79999924,95.98000336,41.91999817,155.8200073,110.0599976,43.88000107,4.987500191,11.42399979,8.949999809,26.40999985,37.43000031,11.27000046,45.52999878,114.5100021,178.81,10.72999954,72.5,3.049,18.13999939,89.77999878,16.20000076,48.40000153,15.53999996,339.5,42.49000168,30.85000038,228.5,50.90000153,49.54000092,198.0,33.02000046,91.44999695
812,9.760000229,15.36999989,5.190000057,6.25,83.40000153,500.0,39.81999969,31.42000008,100.3600006,40.95000076,159.6199951,108.5100021,44.27999878,5.0,11.59000015,9.220000267,26.84000015,38.34999847,11.48999977,45.70000076,114.5800018,174.1,10.75500011,70.94999695,3.001,18.59000015,89.43000031,16.46500015,49.40999985,15.09000015,333.0,42.25,31.85000038,229.3999939,52.0,50.68999863,200.1000061,33.93999863,93.19000244
813,10.0,15.14999962,5.239999771,6.300000191,83.08000183,499.0,39.65999985,31.67000008,102.75,41.90000153,159.8500061,110.25,43.50999832,5.034999847,11.63000011,9.407999992,27.14999962,37.95999908,11.67000008,46.16999817,117.9700012,174.36,10.73499966,71.55000305,2.9655,18.69000053,90.47000122,15.22500038,49.52999878,13.61999989,336.2,42.52000046,32.75,232.3999939,52.0,51.15000153,192.8399963,34.15999985,94.0
814,10.0,15.14999962,5.239999771,6.300000191,83.08000183,499.0,39.65999985,31.67000008,102.75,41.90000153,159.8500061,110.25,43.50999832,5.034999847,11.63000011,9.407999992,27.14999962,37.95999908,11.67000008,46.16999817,117.9700012,174.36,10.73499966,71.55000305,2.9655,18.69000053,90.47000122,15.22500038,49.52999878,13.61999989,336.2,42.52000046,32.75,232.3999939,52.0,51.15000153,192.8399963,34.15999985,94.0
815,9.850000381,15.34000015,5.190000057,6.409999847,84.48000336,490.0,39.16999817,30.95999908,100.7699966,41.40000153,156.8099976,110.9800034,42.72000122,5.034999847,11.63000011,9.366000175,27.12999916,37.13000107,11.57999992,46.70000076,118.2200012,174.8,10.84500027,71.55000305,3.055,18.56999969,91.0,15.72999954,49.52000046,13.68000031,335.9,42.38000107,31.98999977,232.3999939,50.34999847,50.27000046,190.6600037,33.63000107,92.31999969
816,9.579999924,15.52000046,5.139999866,6.409999847,86.87999725,492.0,39.11999893,30.93000031,100.0999985,39.93000031,156.4100037,112.1100006,43.18999863,5.102000237,11.57800007,9.508000374,27.29999924,37.27000046,11.80000019,46.68999863,116.9899979,181.3,10.94499969,73.15000153,2.9995,18.64999962,90.52999878,15.85000038,50.93999863,13.72999954,348.0,43.52000046,31.81999969,236.0,50.65000153,50.56999969,189.5800018,34.31999969,91.45999908
817,9.649999619,15.98999977,5.159999847,6.489999771,82.83999634,510.0,38.90000153,31.29000092,101.3600006,39.22999954,157.6999969,112.0299988,42.79999924,5.097000122,11.69200039,9.232000351,26.95999908,37.70000076,11.61999989,46.25,116.3000031,176.5,10.94999981,73.34999847,2.997,18.56999969,90.19999695,15.68999958,49.79999924,14.05000019,344.1,43.06999969,32.34000015,237.3000031,49.75999832,49.58000183,194.8800049,34.29999924,92.19999695
818,9.590000153,15.80000019,5.110000134,6.420000076,85.0,505.0,39.36999893,31.92000008,104.8799973,45.18999863,159.0200043,112.5800018,43.33000183,5.092000008,11.93400002,9.161999702,27.30999947,38.02999878,11.93000031,46.31000137,117.8199997,178.87,10.90999985,72.65000153,3.0025,18.93000031,90.23999786,15.22999954,50.34000015,14.21000004,346.4,42.90999985,33.02999878,237.9499969,49.65999985,49.86000061,190.9799957,35.24000168,94.37999725
819,9.680000305,15.07999992,5.179999828,6.630000114,72.19000244,506.0,38.74000168,31.51000023,105.1399994,42.00999832,157.6900024,113.2399979,43.27999878,5.002999783,11.77000046,9.194000244,26.97999954,38.43999863,11.81000042,46.13999939,115.4100037,177.6,10.93999958,72.15000153,3.0,18.71999931,89.70999908,15.10000038,49.77999878,13.65999985,344.8,43.08000183,32.61999893,232.6499939,49.65999985,49.45999908,191.5599976,34.93000031,94.08000183
820,9.680000305,15.07999992,5.179999828,6.630000114,72.19000244,506.0,38.74000168,31.51000023,105.1399994,42.00999832,157.6900024,113.2399979,43.27999878,5.002999783,11.77000046,9.194000244,26.97999954,38.43999863,11.81000042,46.13999939,115.4100037,177.6,10.93999958,72.15000153,3.0,18.71999931,89.70999908,15.10000038,49.77999878,13.65999985,344.8,43.08000183,32.61999893,232.6499939,49.65999985,49.45999908,191.5599976,34.93000031,94.08000183
821,9.829999924,15.10000038,5.230000019,6.690000057,71.33999634,508.0,38.65000153,31.70999908,105.2399979,44.15999985,156.8999939,112.0500031,42.97000122,4.934999943,11.96000004,8.920000076,26.69000053,39.79999924,11.81999969,45.34999847,114.4800034,181.7,10.97999954,71.30000305,3.039,18.55999947,88.54000092,14.50500011,49.84999847,13.93000031,349.6,42.70000076,32.84999847,224.1499939,48.63999939,49.86999893,187.8600006,34.68999863,94.01000214
822,10.15999985,15.17000008,5.300000191,6.690000057,72.90000153,502.0,38.93999863,32.54999924,108.4499969,44.04000092,161.9900055,111.0299988,43.72000122,4.940000057,12.40799999,8.949999809,26.95000076,40.91999817,12.18000031,45.06999969,114.4199982,184.3,10.86499977,71.05000305,3.064,18.88999939,87.98000336,15.08500004,51.15999985,14.61999989,356.0,43.06999969,34.31999969,231.4499969,51.54999924,50.81000137,186.6000061,35.11999893,98.0
823,10.31999969,14.35000038,5.329999924,6.610000134,71.0,552.0,38.93000031,32.29000092,110.5199966,44.93999863,163.1900024,110.9300003,44.11000061,4.945000172,12.25399971,8.710000038,27.06999969,41.93999863,12.28999996,45.49000168,118.4400024,182.83,10.91499996,70.55000305,3.03,19.20000076,88.70999908,15.15499973,51.13999939,14.68999958,358.2,43.58000183,34.61000061,229.6000061,50.75,51.22000122,188.8600006,35.58000183,98.58000183
824,10.81999969,14.15999985,5.489999771,6.679999828,69.84999847,550.0,38.63999939,32.66999817,112.0800018,44.77000046,164.6199951,110.6999969,44.38000107,4.946000099,12.50599957,8.673999786,27.22999954,41.79999924,12.35999966,45.81999969,121.6900024,181.9,11.00500011,71.44999695,3.14,19.26000023,89.38999939,15.81999969,51.86000061,14.57999992,355.6,43.72000122,34.90999985,229.3000031,50.45000076,51.0,192.9400024,35.59999847,99.08999634
825,10.69999981,14.56999969,5.440000057,6.559999943,70.55000305,556.0,37.47999954,32.33000183,112.1200027,44.54999924,163.4100037,108.7300034,43.56999969,4.832499981,12.31599998,8.512000084,26.87999916,41.54999924,12.14000034,44.70999908,121.75,183.62,10.92500019,71.90000153,3.186,18.98999977,88.05999756,15.49499989,51.18000031,14.73999977,361.5,40.99000168,34.31000137,235.1000061,52.29999924,50.41999817,190.2400055,35.02999878,97.87000275
826,10.69999981,14.56999969,5.440000057,6.559999943,70.55000305,556.0,37.47999954,32.33000183,112.1200027,44.54999924,163.4100037,108.7300034,43.56999969,4.832499981,12.31599998,8.512000084,26.87999916,41.54999924,12.14000034,44.70999908,121.75,183.62,10.92500019,71.90000153,3.186,18.98999977,88.05999756,15.49499989,51.18000031,14.73999977,361.5,40.99000168,34.31000137,235.1000061,52.29999924,50.41999817,190.2400055,35.02999878,97.87000275
827,10.85999966,14.85000038,5.480000019,6.630000114,73.59999847,527.0,37.97999954,32.47000122,113.4199982,44.63000107,164.6300049,109.1999969,43.93000031,4.803500175,12.5,8.579999924,26.90999985,40.97999954,12.30000019,45.0,121.6900024,190.0,10.77499962,71.05000305,3.1685,18.94000053,87.01999664,14.58500004,51.63999939,15.13000011,367.3,40.99000168,34.83000183,232.6499939,52.29999924,51.00999832,183.3999939,35.24000168,100.1200027
828,10.88000011,14.40999985,5.46999979,6.480000019,73.44000244,545.0,37.18000031,31.42000008,110.5,43.5,160.6199951,107.6800003,42.63999939,4.813499928,12.23600006,8.61400032,26.14999962,39.36999893,11.81000042,44.06000137,122.3099976,204.0,10.64500046,71.5,3.1675,18.47999954,85.69999695,14.89000034,51.31999969,14.22999954,361.3,38.95999908,32.95000076,236.9499969,51.79999924,49.56999969,187.0,34.31999969,96.30999756
829,10.64000034,13.80000019,5.340000153,6.369999886,71.48999786,544.0,37.20999908,30.84000015,109.4499969,45.16999817,158.0599976,106.9100037,41.22000122,4.695499897,11.80799961,8.510000229,26.31999969,38.79000092,11.71000004,43.90999985,127.5500031,254.9,10.38500023,71.5,3.21,18.31999969,85.05999756,14.70499992,49.25,14.28999996,368.0,38.08000183,32.31999969,236.9499969,48.59999847,48.20000076,186.4199982,34.02999878,95.58999634
830,10.57999992,13.80000019,5.360000134,6.289999962,73.12000275,534.0,37.11000061,30.59000015,107.5299988,44.95999908,155.5399933,108.1900024,41.00999832,4.642499924,11.72599983,8.515999794,26.17000008,37.70000076,11.72999954,44.45000076,127.8399963,249.11,10.50500011,71.15000153,3.1895,18.17000008,86.26000214,14.14500046,47.81999969,14.43999958,373.5,38.38000107,31.09000015,237.1999969,47.91999817,47.86999893,174.7599945,33.58000183,93.87000275
831,10.47999954,13.97000027,5.420000076,6.309999943,72.80000305,527.0,37.06000137,31.12999916,110.2600021,44.38000107,157.8500061,107.0,41.34000015,4.754499912,12.08600044,8.842000008,26.29000092,38.88999939,11.75,44.08000183,126.4100037,252.8,10.56000042,71.30000305,3.242,18.21999931,85.11000061,14.02499962,48.97000122,14.43999958,385.1,38.97000122,31.80999947,235.1999969,49.38000107,48.02999878,180.0,33.72000122,95.58999634
832,10.47999954,13.97000027,5.420000076,6.309999943,72.80000305,527.0,37.06000137,31.12999916,110.2600021,44.38000107,157.8500061,107.0,41.34000015,4.754499912,12.08600044,8.842000008,26.29000092,38.88999939,11.75,44.08000183,126.4100037,252.8,10.56000042,71.30000305,3.242,18.21999931,85.11000061,14.02499962,48.97000122,14.43999958,385.1,38.97000122,31.80999947,235.1999969,49.38000107,48.02999878,180.0,33.72000122,95.58999634
833,10.73999977,13.71000004,5.559999943,6.5,71.25,528.0,37.06000137,31.12999916,110.2600021,44.38000107,157.8500061,107.0,41.34000015,4.699999809,12.28999996,8.930000305,26.29000092,38.88999939,11.75,44.08000183,126.4100037,250.0,10.60999966,70.94999695,3.3125,18.21999931,85.11000061,13.82499981,48.34000015,14.43999958,385.1,39.0,31.80999947,236.4499969,50.90000153,48.02999878,183.9400024,33.72000122,95.58999634
834,10.11999989,13.98999977,5.610000134,6.599999905,74.80000305,505.0,37.20000076,31.12999916,108.6299973,44.79000092,157.1199951,106.7600021,40.83000183,4.677499771,11.95199966,8.873999596,26.25,37.68000031,11.53999996,43.88999939,127.5999985,246.0,10.47000027,70.69999695,3.25,17.77000046,87.37000275,13.93500042,47.56999969,13.73999977,375.7,38.31999969,31.05999947,247.3500061,49.27999878,47.08000183,175.6000061,33.16999817,94.94999695
835,9.930000305,14.13000011,5.579999924,6.659999847,75.04000092,501.0,37.27999878,30.67000008,106.7600021,47.00999832,155.1100006,110.25,41.18000031,4.749000072,11.61800003,8.968000412,26.36000061,35.49000168,11.47000027,45.11000061,134.8000031,241.55,10.68999958,71.40000153,3.2555,17.85000038,90.23999786,13.52499962,47.0,13.77000046,375.95,41.06999969,30.46999931,246.9499969,47.91999817,47.95999908,177.6799927,33.29000092,94.13999939
836,9.569999695,14.15999985,5.53000021,6.659999847,74.97000122,503.0,37.72000122,30.70000076,108.3199997,43.75999832,155.9499969,109.1999969,41.13000107,4.806000233,11.58199978,8.894000053,26.53000069,35.54000092,11.57999992,45.36999893,137.5299988,243.95,10.75500011,73.05000305,3.2,18.03000069,90.26999664,13.65999985,47.16999817,13.63000011,374.4,41.22000122,30.75,244.8999939,48.45999908,47.65999985,182.1399994,32.0,94.91000366
837,9.770000458,14.22999954,5.590000153,6.659999847,72.5,507.0,37.75999832,31.69000053,111.9700012,43.02000046,159.9700012,109.8799973,41.81999969,4.855000019,11.68200016,9.088000298,26.70000076,35.99000168,11.90999985,45.84000015,135.8200073,245.34,10.71000004,72.55000305,3.245,18.30999947,89.90000153,14.40999985,47.79000092,13.80000019,378.0,41.5,31.64999962,242.3500061,48.97999954,48.56999969,182.1199951,32.77000046,96.5
838,9.770000458,14.22999954,5.590000153,6.659999847,72.5,507.0,37.75999832,31.69000053,111.9700012,43.02000046,159.9700012,109.8799973,41.81999969,4.855000019,11.68200016,9.088000298,26.70000076,35.99000168,11.90999985,45.84000015,135.8200073,245.34,10.71000004,72.55000305,3.245,18.30999947,89.90000153,14.40999985,47.79000092,13.80000019,378.0,41.5,31.64999962,242.3500061,48.97999954,48.56999969,182.1199951,32.77000046,96.5
839,9.770000458,14.22999954,5.590000153,6.659999847,72.5,501.0,37.84999847,32.13000107,114.3899994,41.49000168,162.5,110.8799973,42.93000031,4.991499901,11.94400024,9.159999847,26.90999985,36.47999954,12.11999989,46.11000061,136.7899933,243.3,10.81000042,72.65000153,3.256,18.73999977,90.80999756,14.24499989,48.02000046,13.89999962,379.4,41.61000061,32.43000031,242.8000031,49.97999954,49.29999924,183.3399963,33.86999893,97.61000061
840,9.93999958,14.14999962,5.550000191,6.550000191,71.84999847,497.0,37.72000122,31.77000046,112.3300018,42.15999985,159.4100037,108.1900024,41.97999954,4.948999882,11.83600044,9.128000259,26.48999977,35.74000168,11.68000031,44.02000046,136.7599945,242.64,10.81499958,72.25,3.218,18.17000008,88.86000061,13.96000004,45.20000076,13.23999977,373.4,42.81000137,31.57999992,241.0500031,49.70000076,48.06000137,175.5,32.79000092,95.33000183
841,10.15999985,13.92000008,5.519999981,6.440000057,71.55999756,488.0,38.43999863,32.08000183,117.7099991,42.41999817,163.2700043,109.2699966,42.20000076,4.920000076,11.81000042,8.925999641,26.72999954,36.66999817,12.01000023,44.34999847,135.7599945,243.32,10.60999966,71.80000305,3.251,18.53000069,88.87999725,13.04500008,44.97000122,13.42000008,375.75,41.45999908,32.18999863,241.5,50.79999924,48.45000076,173.4600067,33.45000076,97.66999817
842,10.31999969,13.39000034,5.539999962,6.480000019,66.91000366,488.0,38.45000076,31.5,115.5599976,40.38000107,160.6199951,106.2799988,41.86999893,4.896999836,11.53999996,8.708000183,26.25,35.63000107,12.02999973,43.24000168,132.0200043,243.68,10.52499962,71.55000305,3.253,18.32999992,86.01000214,12.85499954,44.52999878,13.23999977,367.3,40.77000046,31.13999939,245.3999939,48.81999969,47.77000046,168.4799957,32.83000183,94.83000183
843,10.07999992,13.31000042,5.369999886,6.159999847,66.31999969,484.0,38.34999847,31.01000023,113.1299973,40.13999939,156.4499969,106.1100006,40.99000168,4.919499874,11.44400024,8.597999573,25.79999924,35.08000183,11.81000042,43.20999908,135.8099976,243.8,10.56499958,69.94999695,3.242,17.85000038,84.79000092,12.5,43.77999878,13.10000038,359.05,40.72999954,30.73999977,236.3000031,47.47999954,46.99000168,162.7799988,31.69000053,93.20999908
844,10.07999992,13.31000042,5.369999886,6.159999847,66.31999969,484.0,38.34999847,31.01000023,113.1299973,40.13999939,156.4499969,106.1100006,40.99000168,4.919499874,11.44400024,8.597999573,25.79999924,35.08000183,11.81000042,43.20999908,135.8099976,243.8,10.56499958,69.94999695,3.242,17.85000038,84.79000092,12.5,43.77999878,13.10000038,359.05,40.72999954,30.73999977,236.3000031,47.47999954,46.99000168,162.7799988,31.69000053,93.20999908
845,10.0,13.51000023,5.349999905,6.079999924,63.99000168,484.0,38.15000153,30.89999962,112.8700027,40.09999847,156.8999939,106.8099976,41.34999847,4.930500031,11.22399998,8.539999962,25.95000076,34.75,11.89999962,43.38999939,137.0399933,244.21,10.51500034,69.65000153,3.2725,18.04999924,86.83999634,12.25500011,43.38999939,13.52000046,358.25,40.93000031,31.20999908,232.3500061,47.47999954,47.59000015,154.6600037,32.06000137,93.19999695
846,10.07999992,13.35999966,5.159999847,6.059999943,66.37999725,484.0,37.59999847,31.0,112.0699997,38.11999893,156.2799988,105.6399994,40.70999908,4.840499878,11.14000034,8.244000435,25.80999947,34.61000061,11.93000031,42.77999878,133.3099976,221.15,10.36499977,69.09999847,3.0755,17.89999962,85.69000244,11.89999962,42.75999832,13.53999996,330.9,40.43000031,31.18000031,235.25,45.93999863,47.11000061,151.0399933,31.82999992,92.44000244
847,10.30000019,13.36999989,5.230000019,6.159999847,66.23000336,466.0,37.27000046,30.52000046,111.0899963,38.41999817,155.0099945,104.2900009,40.13999939,4.849500179,11.34000015,8.395999908,25.40999985,34.11000061,11.85999966,42.09999847,135.5700073,214.07,10.5,68.44999695,2.887,17.52000046,83.97000122,12.26500034,43.5,13.43000031,312.55,41.0,30.35000038,231.1999969,47.45999908,46.61000061,157.0200043,31.46999931,90.94999695
848,10.22000027,13.27999973,5.340000153,6.130000114,66.94000244,468.0,35.29999924,30.79000092,110.0599976,37.38000107,154.8899994,104.6800003,40.06999969,4.834499836,11.34000015,8.376000404,24.92000008,34.29000092,11.31999969,41.68000031,131.7700043,231.45,10.35999966,67.80000305,2.903,17.31999969,83.54000092,11.90999985,43.18999863,13.81999969,315.5,40.68999863,30.18000031,231.6499939,46.74000168,46.33000183,150.2799988,31.15999985,90.56999969
849,10.22000027,12.84000015,5.440000057,6.050000191,67.30000305,468.0,34.50999832,28.07999992,100.5899963,36.84000015,144.7700043,103.7099991,38.02999878,4.644000053,10.80200005,8.199999809,23.62000084,32.15000153,10.53999996,41.66999817,129.8500061,224.84,10.18999958,67.44999695,2.775,16.53000069,82.51999664,11.61999989,42.25999832,12.55000019,296.7,40.15000153,27.20000076,224.5,43.20000076,43.59999847,149.8600006,29.14999962,85.75
850,10.22000027,12.84000015,5.440000057,6.050000191,67.30000305,468.0,34.50999832,28.07999992,100.5899963,36.84000015,144.7700043,103.7099991,38.02999878,4.644000053,10.80200005,8.199999809,23.62000084,32.15000153,10.53999996,41.66999817,129.8500061,224.84,10.18999958,67.44999695,2.775,16.53000069,82.51999664,11.61999989,42.25999832,12.55000019,296.7,40.15000153,27.20000076,224.5,43.20000076,43.59999847,149.8600006,29.14999962,85.75
851,9.649999619,12.97000027,5.110000134,5.96999979,67.83000183,465.0,32.95000076,27.26000023,99.19999695,36.43999863,140.9600067,100.8399963,37.20999908,4.547500134,10.73400021,8.07199955,22.90999985,31.67000008,10.22000027,40.58000183,128.2100067,206.0,10.0,66.05000305,2.5,16.09000015,81.15000153,12.10000038,42.15999985,12.15999985,257.9,38.79999924,26.64999962,215.3000031,43.63999939,42.27000046,148.1199951,28.42000008,83.98000336
852,9.579999924,13.10999966,5.099999905,6.039999962,68.48999786,467.0,32.20000076,27.54999924,98.76000214,38.50999832,141.0200043,98.31999969,37.50999832,4.302000046,10.75199986,7.823999882,23.35000038,33.00999832,10.48999977,40.15000153,132.3099976,217.3,9.788000107,66.75,2.6375,16.32999992,81.08000183,12.26000023,43.29000092,12.25,266.95,38.25,27.02000046,217.5,44.27999878,42.0,148.9799957,28.54000092,85.73999786
853,9.390000343,12.47000027,5.070000172,5.860000134,66.76999664,462.0,31.98999977,28.55999947,103.0,39.13999939,145.7799988,99.61000061,38.47999954,4.318999767,10.78600025,7.921999931,24.04999924,33.58000183,11.10999966,39.68000031,136.1900024,217.38,9.805999756,65.75,2.5665,16.84000015,82.37000275,12.08500004,44.36000061,12.26000023,263.0,38.81999969,28.45999908,213.8999939,44.43999863,43.22000122,147.0800018,29.40999985,88.86000061
854,9.300000191,12.47000027,5.110000134,5.880000114,67.55000305,471.0,30.94000053,28.75,103.6600037,37.24000168,144.7700043,95.09999847,37.70000076,4.248000145,10.80200005,7.921999931,23.84000015,33.04000092,10.97000027,37.75,130.9299927,226.46,9.626000404,65.90000153,2.549,16.71999931,79.97000122,11.69999981,43.84999847,12.14000034,256.05,38.09000015,28.31999969,212.25,41.52000046,41.22999954,138.8800049,28.95999908,88.68000031
855,9.409999847,12.25,5.130000114,5.849999905,64.11000061,462.0,31.29999924,28.54999924,102.3399963,37.25,143.6699982,93.01999664,37.09999847,4.223999977,10.90999985,7.895999908,23.78000069,33.11000061,11.02999973,37.45999908,132.2700043,217.7,9.581999779,66.94999695,2.583,16.63999939,78.41000366,12.10000038,44.79999924,12.34000015,264.05,37.79000092,28.14999962,216.5,42.22000122,40.29000092,141.6199951,28.62999916,87.30999756
856,9.409999847,12.25,5.130000114,5.849999905,64.11000061,462.0,31.29999924,28.54999924,102.3399963,37.25,143.6699982,93.01999664,37.09999847,4.223999977,10.90999985,7.895999908,23.78000069,33.11000061,11.02999973,37.45999908,132.2700043,217.7,9.581999779,66.94999695,2.583,16.63999939,78.41000366,12.10000038,44.79999924,12.34000015,264.05,37.79000092,28.14999962,216.5,42.22000122,40.29000092,141.6199951,28.62999916,87.30999756
857,9.479999542,12.25,5.130000114,5.849999905,64.11000061,448.0,32.04000092,30.10000038,109.9700012,37.90000153,151.7299957,95.33000183,38.45000076,4.356999874,11.24199963,8.116000175,24.17000008,34.56999969,11.34000015,38.47999954,136.6199951,215.83,9.720000267,66.69999695,2.699,17.10000038,81.19000244,12.15499973,44.54000092,13.89999962,287.9,38.50999832,30.63999939,213.1499939,42.74000168,42.40999985,141.2400055,29.43000031,91.91999817
858,9.479999542,12.25,5.130000114,5.849999905,64.11000061,473.0,32.31000137,31.28000069,115.6200027,38.81000137,157.6300049,97.12000275,39.41999817,4.463500023,11.53999996,8.24600029,24.79000092,35.47999954,11.72999954,40.00999832,143.0599976,210.72,9.862000465,67.30000305,2.7715,17.67000008,82.81999969,12.875,46.22999954,13.67000008,283.75,39.68000031,32.02000046,219.0500031,45.22000122,43.45000076,149.1000061,30.70999908,95.26999664
859,9.770000458,12.25,5.130000114,5.849999905,64.11000061,468.0,31.84000015,31.37999916,115.9300003,37.25,158.5299988,94.01999664,38.93000031,4.321499825,11.72399998,8.062000275,24.86000061,35.36000061,11.85000038,38.70000076,134.5899963,209.05,9.784000397,67.30000305,2.718,17.70000076,81.76999664,12.31499958,46.47999954,14.10999966,283.0,40.11000061,32.5,219.0500031,46.15999985,42.49000168,143.6000061,30.45999908,99.12000275
860,9.890000343,12.25,5.130000114,5.849999905,64.11000061,461.0,30.97999954,31.13999939,117.6500015,35.97000122,161.4199982,90.76999664,37.18999863,4.170000076,11.72999954,7.828000069,24.90999985,35.31000137,11.55000019,37.75999832,132.0599976,212.86,9.68200016,67.75,2.7465,17.38999939,78.91000366,11.875,46.49000168,14.51000023,286.8,39.06999969,32.81999969,221.6999969,44.52000046,40.70000076,141.1799927,30.11000061,102.0599976
861,9.899999619,12.25,5.130000114,5.849999905,64.11000061,462.0,30.40999985,31.07999992,118.5100021,33.99000168,160.0299988,89.06999969,37.04999924,4.121500015,11.84000015,7.75,24.98999977,35.24000168,11.53999996,36.95999908,129.4199982,195.15,9.56799984,67.44999695,2.609,17.23999977,76.73000336,11.55000019,44.88999939,14.35000038,269.0,39.09000015,32.79999924,222.5,44.59999847,41.20000076,138.3800049,29.79000092,101.0299988
862,9.899999619,12.25,5.130000114,5.849999905,64.11000061,462.0,30.40999985,31.07999992,118.5100021,33.99000168,160.0299988,89.06999969,37.04999924,4.121500015,11.84000015,7.75,24.98999977,35.24000168,11.53999996,36.95999908,129.4199982,195.15,9.56799984,67.44999695,2.609,17.23999977,76.73000336,11.55000019,44.88999939,14.35000038,269.0,39.09000015,32.79999924,222.5,44.59999847,41.20000076,138.3800049,29.79000092,101.0299988
863,9.829999924,12.10000038,5.269999981,5.860000134,62.72000122,462.0,29.10000038,30.35000038,116.8000031,33.20000076,157.1399994,89.15000153,36.40999985,4.18900013,11.78199959,7.815999985,24.56999969,35.13000107,11.34000015,37.81000137,131.0599976,163.89,9.479999542,67.55000305,2.669,17.06999969,76.73999786,11.20499992,44.59000015,14.23999977,277.85,37.54999924,31.72999954,220.3500061,43.02000046,40.40999985,137.1600037,29.35000038,98.83999634
864,9.680000305,12.46000004,5.210000038,6.289999962,63.72000122,468.0,29.06999969,29.80999947,115.5800018,31.77000046,157.1699982,89.52999878,36.02999878,4.076000214,11.56999969,7.605999947,24.81999969,34.61999893,11.52999973,37.47000122,131.3200073,162.89,9.347999573,65.94999695,2.7675,17.15999985,76.02999878,10.78499985,44.33000183,14.0,287.3,36.84000015,31.27000046,217.1499939,41.09999847,40.06000137,135.0,29.75,98.0
865,9.579999924,12.81999969,5.199999809,6.28000021,66.80000305,457.0,28.19000053,29.95000076,116.3000031,30.47999954,157.6399994,85.97000122,35.61999893,4.002999783,11.39599991,7.414000034,24.63999939,34.40999985,11.5,35.95999908,126.8799973,161.8,9.208000183,67.25,2.785,17.04999924,72.75,10.32499981,44.45000076,13.89000034,292.0,36.88000107,31.32999992,217.9499969,38.38000107,39.65999985,135.0,29.36000061,98.43000031
866,9.520000458,13.01000023,5.130000114,6.28000021,63.02000046,449.0,28.37000084,31.14999962,122.7399979,30.88999939,165.2799988,87.98999786,37.13000107,4.072000027,11.68799973,7.622000217,25.05999947,35.52000046,11.71000004,37.22999954,126.5400009,160.84,9.222000122,66.84999847,2.79,17.63999939,73.08999634,10.48999977,45.45999908,14.43000031,298.8,38.20000076,32.27000046,216.1499939,38.65999985,41.43999863,134.8800049,30.40999985,101.8700027
867,9.659999847,13.09000015,5.170000076,6.320000172,70.01000214,466.0,27.89999962,30.32999992,117.9599991,30.20000076,160.1399994,86.81999969,35.97999954,4.112999916,11.78199959,7.869999886,24.98999977,33.75999832,11.47000027,36.59000015,123.3600006,159.6,9.373999596,66.30000305,2.8365,17.19000053,71.76999664,10.65999985,44.43000031,13.94999981,299.55,38.63000107,30.97999954,215.8999939,37.97999954,40.45999908,140.8200073,29.40999985,99.19000244
868,9.659999847,13.09000015,5.170000076,6.320000172,70.01000214,466.0,27.89999962,30.32999992,117.9599991,30.20000076,160.1399994,86.81999969,35.97999954,4.112999916,11.78199959,7.869999886,24.98999977,33.75999832,11.47000027,36.59000015,123.3600006,159.6,9.373999596,66.30000305,2.8365,17.19000053,71.76999664,10.65999985,44.43000031,13.94999981,299.55,38.63000107,30.97999954,215.8999939,37.97999954,40.45999908,140.8200073,29.40999985,99.19000244
869,9.840000153,13.30000019,5.179999828,6.309999943,68.58999634,469.0,28.62000084,30.47999954,118.3600006,30.40999985,161.3099976,89.09999847,37.04000092,4.215000153,11.86400032,8.026000023,25.36000061,34.52000046,11.69999981,37.09999847,118.2799988,163.24,9.661999702,66.05000305,2.886,17.5,73.65000153,10.98499966,45.77999878,13.97999954,313.45,38.84999847,31.39999962,217.9499969,37.70000076,41.54999924,141.6399994,29.95999908,100.6200027
870,9.890000343,13.13000011,5.159999847,6.300000191,67.56999969,477.0,29.39999962,30.47999954,117.8899994,31.15999985,162.7200012,90.80999756,37.34000015,4.257999897,11.72999954,8.078000069,25.5,34.02999878,11.78999996,37.56000137,121.3099976,160.2,9.63599968,66.69999695,2.806,17.77000046,75.05999756,11.64000034,46.02999878,14.35000038,305.45,38.70999908,31.10000038,220.6499939,36.77999878,42.5,145.7599945,30.44000053,100.8000031
871,9.850000381,13.01000023,5.110000134,6.179999828,65.51000214,490.0,29.22999954,30.89999962,121.1100006,30.57999992,168.0,89.29000092,37.29000092,4.283500195,11.86600018,8.052000046,25.20999908,34.15000153,11.88000011,36.84999847,120.2099991,161.29,9.553999901,67.0,2.808,17.98999977,73.63999939,11.49499989,44.88999939,14.86999989,307.95,37.95999908,31.62000084,218.3999939,37.47999954,42.45999908,144.3800049,30.87999916,103.7900009
872,9.880000114,13.06999969,5.159999847,6.190000057,63.20999908,482.0,28.27000046,30.95999908,121.8099976,29.79000092,168.9600067,87.23000336,37.16999817,4.241000175,12.09399986,8.020000458,24.98999977,34.38000107,11.89000034,35.54000092,118.7200012,160.75,9.545999527,67.84999847,2.8495,17.12000084,70.63999939,11.56499958,45.49000168,15.43999958,310.85,37.68000031,31.88999939,220.8000031,38.88000107,41.97000122,141.7799988,30.89999962,103.9300003
873,9.949999809,12.96000004,5.190000057,6.260000229,62.15999985,477.0,27.98999977,31.36000061,124.4899979,30.30999947,173.1900024,88.45999908,37.88000107,4.194499969,12.05799961,7.912000179,25.01000023,34.43000031,12.09000015,36.72000122,122.5999985,166.99,9.527999878,67.5,2.8655,17.52000046,71.65000153,12.05000019,46.24000168,16.04999924,311.3,36.90000153,33.38000107,218.6000061,38.41999817,43.06999969,140.1999969,31.52000046,105.8600006
874,9.949999809,12.96000004,5.190000057,6.260000229,62.15999985,477.0,27.98999977,31.36000061,124.4899979,30.30999947,173.1900024,88.45999908,37.88000107,4.194499969,12.05799961,7.912000179,25.01000023,34.43000031,12.09000015,36.72000122,122.5999985,166.99,9.527999878,67.5,2.8655,17.52000046,71.65000153,12.05000019,46.24000168,16.04999924,311.3,36.90000153,33.38000107,218.6000061,38.41999817,43.06999969,140.1999969,31.52000046,105.8600006
875,9.760000229,12.75,5.170000076,6.21999979,62.59999847,476.0,27.87000084,31.79999924,125.1399994,28.79000092,173.1300049,88.69000244,37.68999863,4.293499947,12.35400009,8.170000076,24.85000038,33.97000122,12.06999969,36.86999893,124.5699997,165.47,9.68200016,68.05000305,2.9275,17.28000069,73.27999878,12.22999954,47.00999832,14.18999958,313.6,38.38000107,33.11999893,219.0,37.47999954,42.45000076,143.3999939,31.10000038,106.5999985
876,9.760000229,12.78999996,5.119999886,6.070000172,64.81999969,479.0,29.04000092,32.08000183,123.9400024,29.72999954,174.9299927,90.23999786,38.13000107,4.379000187,12.32199955,8.307999611,25.10000038,34.15000153,12.03999996,37.75999832,127.1500015,172.38,9.862000465,67.90000153,2.969,17.51000023,75.86000061,12.44499969,47.72000122,13.92000008,332.4,39.15000153,33.43999863,220.6499939,38.86000061,42.77999878,143.0,31.85000038,105.8799973
877,9.729999542,14.06999969,5.079999924,6.119999886,67.26999664,472.0,28.95999908,32.31000137,126.5699997,30.95999908,177.0899963,90.80999756,38.63000107,4.385000229,12.48400021,8.279999733,25.22999954,35.34999847,12.27999973,37.61000061,131.3999939,171.98,10.13500023,67.90000153,2.969,17.72999954,75.59999847,12.73999977,48.68999863,13.52999973,340.65,38.77000046,34.11000061,220.6499939,40.08000183,43.5,151.6199951,32.15000153,107.1399994
878,9.800000191,14.75,5.110000134,6.050000191,68.88999939,484.0,28.82999992,33.22999954,126.6399994,31.57999992,177.8999939,91.04000092,39.04999924,4.521999836,12.91800022,8.369999886,25.14999962,35.86999893,12.43999958,37.70000076,131.1799927,172.47,10.18500042,68.30000305,3.0695,17.98999977,75.47000122,12.39000034,45.45999908,13.68999958,343.85,38.90000153,33.47999954,225.8500061,40.36000061,44.40000153,151.5,32.5,107.5500031
879,9.770000458,14.53999996,5.070000172,5.940000057,68.48999786,483.0,29.11000061,33.15000153,127.1699982,31.93000031,179.9799957,94.0,39.04999924,4.472000122,13.13599968,8.270000458,24.84000015,36.81000137,12.52999973,38.75999832,132.6699982,170.73,10.23999977,68.44999695,3.0695,17.77000046,79.02999878,12.38000011,43.56999969,13.44999981,341.8,38.77000046,33.70999908,225.0500031,39.97999954,43.77999878,148.6000061,32.66999817,110.6999969
880,9.770000458,14.53999996,5.070000172,5.940000057,68.48999786,483.0,29.11000061,33.15000153,127.1699982,31.93000031,179.9799957,94.0,39.04999924,4.472000122,13.13599968,8.270000458,24.84000015,36.81000137,12.52999973,38.75999832,132.6699982,170.73,10.23999977,68.44999695,3.0695,17.77000046,79.02999878,12.38000011,43.56999969,13.44999981,341.8,38.77000046,33.70999908,225.0500031,39.97999954,43.77999878,148.6000061,32.66999817,110.6999969
881,9.359999657,14.97000027,4.789999962,6.03000021,66.43000031,485.0,29.18000031,33.27999878,126.0899963,33.90000153,180.8999939,93.18000031,38.95000076,4.519000053,13.25399971,8.475999832,25.25,36.27999878,12.77000046,38.59000015,145.5700073,170.27,10.27499962,68.25,3.088,18.12000084,77.5,12.70499992,44.34000015,12.81999969,333.9,38.99000168,34.38999939,226.0,40.5,43.91999817,148.3999939,32.72999954,110.8099976
882,9.670000076,15.34000015,4.849999905,6.050000191,70.26000214,481.0,29.28000069,33.20000076,127.7799988,33.45000076,182.2200012,93.73999786,38.91999817,4.539500237,13.46399975,8.541999817,25.10000038,37.20000076,12.75,38.75999832,148.5700073,169.92,10.27000046,68.5,3.045,18.23999977,77.70999908,13.05000019,44.63999939,13.02999973,332.35,39.29000092,35.04000092,230.6000061,44.61999893,43.75999832,150.0,33.43999863,111.9100037
883,9.880000114,15.28999996,4.889999866,5.989999771,70.69999695,456.0,29.20000076,32.75999832,126.5100021,32.83000183,178.5,92.87999725,38.70000076,4.59250021,13.52999973,8.5,24.79999924,36.95000076,12.35999966,38.04000092,150.0700073,167.72,10.22999954,68.59999847,3.039,17.89999962,77.27999878,12.78499985,44.63000107,12.75,333.7,38.95999908,34.09000015,229.0500031,44.15999985,44.02999878,157.0399933,33.04000092,109.6100006
884,9.720000267,15.69999981,4.889999866,5.940000057,70.20999908,456.0,29.13999939,33.04000092,133.8200073,34.09999847,181.1300049,93.22000122,39.00999832,4.573999882,13.72000027,8.524000168,24.75,37.20000076,12.18999958,36.95999908,157.7299957,169.14,10.125,68.69999695,3.029,18.04000092,78.18000031,12.72000027,44.18000031,13.05000019,335.0,39.11000061,35.27999878,227.3999939,45.74000168,43.68999863,159.6600037,33.15000153,111.0999985
885,9.880000114,15.88000011,4.949999809,6.03000021,75.83000183,458.0,29.84000015,33.91999817,132.3200073,33.68999863,183.4199982,93.61000061,40.20000076,4.679500103,14.01000023,8.699999809,24.95000076,37.97999954,12.30000019,37.18000031,153.6199951,169.14,10.00500011,68.5,3.029,18.17000008,78.80000305,12.68000031,45.47000122,12.64999962,335.0,39.04999924,36.13999939,228.3000031,48.36000061,44.56000137,154.3600006,33.54000092,112.3099976
886,9.880000114,15.88000011,4.949999809,6.03000021,75.83000183,458.0,29.84000015,33.91999817,132.3200073,33.68999863,183.4199982,93.61000061,40.20000076,4.679500103,14.01000023,8.699999809,24.95000076,37.97999954,12.30000019,37.18000031,153.6199951,169.14,10.00500011,68.5,3.029,18.17000008,78.80000305,12.68000031,45.47000122,12.64999962,335.0,39.04999924,36.13999939,228.3000031,48.36000061,44.56000137,154.3600006,33.54000092,112.3099976
887,10.14000034,15.44999981,5.050000191,6.059999943,74.69999695,453.0,29.84000015,34.33000183,134.9400024,32.43999863,185.6100006,92.23000336,39.93000031,4.737500191,14.26799965,8.590000153,25.0,38.18999863,12.39000034,36.68000031,147.25,169.85,10.0,70.09999847,3.1585,18.25,77.29000092,12.93500042,46.59999847,11.85999966,356.7,38.58000183,36.18000031,229.1499939,48.91999817,44.5,161.2200012,33.84000015,113.6399994
888,10.19999981,15.47000027,5.059999943,6.03000021,73.69999695,463.0,30.36000061,33.72999954,134.4400024,34.63000107,185.3399963,93.19999695,40.13999939,4.78399992,14.21399975,8.722000122,25.02000046,37.22000122,12.27000046,37.70999908,147.2599945,169.97,10.05500031,70.09999847,3.1655,18.30999947,78.26999664,12.90499973,46.38999939,11.90999985,351.95,38.77999878,35.95999908,229.1499939,46.91999817,44.77000046,168.2200012,33.95999908,114.0
889,10.18000031,15.47999954,5.019999981,5.980000019,71.20999908,458.0,30.20000076,32.33000183,125.2600021,34.99000168,177.9299927,93.44999695,39.27000046,4.818999767,14.02200031,8.692000389,24.5,35.08000183,11.97000027,37.68999863,151.1600037,167.1,10.26500034,69.55000305,3.128,17.57999992,78.19999695,12.63500023,46.04000092,11.60000038,348.6,39.43999863,34.47000122,231.3500061,45.41999817,45.56999969,167.5,32.66999817,108.9000015
890,10.10000038,15.82999992,4.949999809,5.949999809,70.98000336,463.0,31.09000015,32.95000076,129.4600067,37.02000046,181.3000031,97.09999847,40.90999985,5.010000229,14.06999969,8.840000153,24.96999931,34.95999908,12.31999969,39.0,157.0200043,168.9,10.51500034,69.59999847,3.1535,18.20000076,83.19999695,13.68999958,46.09999847,11.01000023,358.25,40.59999847,35.79000092,229.1999969,46.09999847,47.36000061,187.2599945,33.61999893,110.5
891,10.31999969,15.64999962,5.050000191,6.150000095,71.72000122,465.0,30.34000015,33.84000015,133.9600067,36.18000031,186.4600067,95.16999817,41.81999969,5.047999859,14.27799988,8.737999916,25.0,35.22000122,12.19999981,39.11000061,150.4199982,169.86,10.35000038,69.75,3.198,18.69000053,83.30999756,13.64500046,46.74000168,11.56000042,356.95,39.77999878,36.77000046,229.75,48.65999985,48.25,182.6999969,34.08000183,113.9499969
892,10.31999969,15.64999962,5.050000191,6.150000095,71.72000122,465.0,30.34000015,33.84000015,133.9600067,36.18000031,186.4600067,95.16999817,41.81999969,5.047999859,14.27799988,8.737999916,25.0,35.22000122,12.19999981,39.11000061,150.4199982,169.86,10.35000038,69.75,3.198,18.69000053,83.30999756,13.64500046,46.74000168,11.56000042,356.95,39.77999878,36.77000046,229.75,48.65999985,48.25,182.6999969,34.08000183,113.9499969
893,10.31999969,16.46999931,5.03000021,6.079999924,67.37000275,457.0,29.73999977,33.54999924,133.0299988,35.72999954,186.5500031,95.44999695,40.15999985,5.078999996,14.47399998,8.916000366,24.89999962,34.66999817,12.02999973,38.06000137,153.6300049,169.6,10.49499989,69.44999695,3.182,18.53000069,81.66000366,13.84000015,46.83000183,11.89999962,350.85,38.91999817,36.20000076,227.6999969,48.47999954,47.40999985,176.0200043,33.77000046,113.3700027
894,10.47999954,17.21999931,5.03000021,6.179999828,66.30999756,453.0,30.02000046,33.90999985,134.0899963,36.75,188.0500031,97.12999725,40.36999893,5.110000134,14.47599983,8.963999748,24.88999939,36.09000015,12.03999996,38.24000168,159.6300049,166.25,10.47500038,69.59999847,3.069,18.65999985,82.91000366,14.31000042,46.81999969,11.97000027,338.4,39.52999878,37.02000046,229.5,47.5,47.81000137,180.8800049,33.90000153,114.1299973
895,10.43999958,17.12999916,5.059999943,6.210000038,66.18000031,452.0,30.12000084,33.97000122,129.2400055,36.5,184.9900055,97.94000244,40.43000031,5.138999939,14.3579998,8.892000198,25.01000023,35.0,12.10999966,38.06000137,158.5800018,168.76,10.48499966,69.30000305,3.128,18.40999985,84.31999969,14.07999992,45.97000122,11.57999992,342.5,39.88999939,36.27000046,224.6000061,47.29999924,48.36999893,174.2200012,33.77000046,112.9100037
896,10.38000011,17.97999954,5.039999962,6.210000038,64.0,456.0,29.34000015,34.34999847,131.1900024,36.72000122,184.0899963,95.51999664,40.31999969,5.0,14.08600044,8.881999969,24.61000061,34.90000153,11.94999981,37.47999954,164.9799957,168.99,10.48999977,69.09999847,3.136,18.29999924,82.34999847,13.72000027,45.04000092,11.46000004,336.95,40.61999893,36.27999878,221.3999939,46.77999878,48.02999878,174.8000031,33.09999847,113.0599976
897,10.19999981,17.76000023,5.0,6.130000114,64.30000305,460.0,28.84000015,34.04000092,128.5899963,36.20999908,182.9900055,96.79000092,40.34999847,5.157000065,14.18799973,9.116000175,24.97999954,33.90000153,12.17000008,38.58000183,166.6000061,168.79,10.59000015,69.25,3.115,18.42000008,83.19999695,14.01500034,45.24000168,11.35000038,336.9,41.20999908,35.61000061,220.4499969,46.20000076,47.84000015,173.2799988,33.40000153,112.0800018
898,10.19999981,17.76000023,5.0,6.130000114,64.30000305,460.0,28.84000015,34.04000092,128.5899963,36.20999908,182.9900055,96.79000092,40.34999847,5.157000065,14.18799973,9.116000175,24.97999954,33.90000153,12.17000008,38.58000183,166.6000061,168.79,10.59000015,69.25,3.115,18.42000008,83.19999695,14.01500034,45.24000168,11.35000038,336.9,41.20999908,35.61000061,220.4499969,46.20000076,47.84000015,173.2799988,33.40000153,112.0800018
899,10.03999996,17.94000053,4.96999979,6.139999866,65.41000366,464.0,28.48999977,33.13000107,125.4899979,36.61000061,181.2400055,97.04000092,40.20000076,5.085000038,13.44400024,9.079999924,24.70999908,33.75,12.15999985,38.70000076,165.3899994,168.13,10.63000011,70.05000305,3.129,18.28000069,83.59999847,14.06000042,45.34999847,11.39999962,331.85,40.99000168,35.18000031,221.3999939,43.70000076,47.41999817,169.5399933,33.15000153,110.9700012
900,10.15999985,17.38999939,5.070000172,6.269999981,63.93999863,479.0,28.62999916,34.88999939,129.9799957,36.04999924,185.8899994,97.68000031,41.00999832,5.110000134,14.05200005,9.0,24.86000061,35.49000168,12.48999977,39.45000076,167.6600037,168.08,10.76500034,70.0,3.163,18.71999931,84.11000061,14.05500031,46.06999969,10.15999985,334.95,41.29999924,36.09999847,220.5,44.91999817,48.49000168,174.0599976,34.20999908,114.1800003
901,10.26000023,17.22999954,5.139999866,6.320000172,66.26999664,479.0,29.11000061,34.97999954,126.7399979,37.00999832,184.2400055,98.54000092,41.45000076,5.063000202,14.11999989,8.951999664,24.77000046,35.97999954,12.43000031,39.86999893,169.4700012,169.15,10.76000023,69.90000153,3.232,18.64999962,84.91999817,14.64999962,47.08000183,10.14000034,337.95,41.04999924,35.74000168,220.8000031,45.20000076,48.81000137,177.5,33.83000183,113.6100006
902,10.19999981,17.12000084,5.110000134,6.260000229,66.72000122,500.0,29.11000061,34.97999954,126.7399979,37.00999832,184.2400055,98.54000092,41.45000076,5.152999878,14.18400002,9.083999634,24.77000046,35.97999954,12.43000031,39.86999893,169.4700012,168.96,10.78999996,72.05000305,3.2425,18.64999962,84.91999817,15.35499954,47.33000183,10.14000034,334.75,41.61000061,35.74000168,220.75,45.58000183,48.81000137,182.5399933,33.83000183,113.6100006
903,10.23999977,16.90999985,5.179999828,6.340000153,64.98999786,523.0,29.20000076,35.27000046,126.8099976,35.75,183.6999969,99.62000275,41.74000168,5.15500021,14.29800034,9.126000404,24.75,36.81000137,12.35999966,40.06999969,171.4299927,169.03,10.81999969,73.34999847,3.2685,18.62999916,85.33999634,14.85499954,47.77000046,10.30000019,335.9,42.40999985,35.40999985,224.1000061,45.41999817,49.25999832,178.5,33.90000153,113.2099991
904,10.23999977,16.90999985,5.179999828,6.340000153,64.98999786,523.0,29.20000076,35.27000046,126.8099976,35.75,183.6999969,99.62000275,41.74000168,5.15500021,14.29800034,9.126000404,24.75,36.81000137,12.35999966,40.06999969,171.4299927,169.03,10.81999969,73.34999847,3.2685,18.62999916,85.33999634,14.85499954,47.77000046,10.30000019,335.9,42.40999985,35.40999985,224.1000061,45.41999817,49.25999832,178.5,33.90000153,113.2099991
905,10.06000042,17.37999916,5.110000134,6.28000021,64.90000153,528.0,28.90999985,34.72999954,123.8399963,34.0,178.3600006,98.61000061,41.20000076,5.070000172,14.01799965,9.086000443,24.45000076,36.20999908,12.14999962,40.22999954,165.6199951,168.1,10.75500011,76.19999695,3.2525,18.45999908,83.73000336,14.99499989,46.90999985,10.53999996,333.2,42.36000061,34.20000076,224.6000061,43.68000031,48.40000153,174.9199982,33.47999954,109.8099976
906,10.18000031,16.79999924,5.190000057,6.28000021,64.52999878,516.0,28.10000038,35.31000137,124.25,33.81999969,181.0299988,97.94000244,40.86000061,5.105999947,14.1960001,9.086000443,24.72999954,37.63999939,12.40999985,40.0,161.8099976,168.1,10.65499973,75.30000305,3.2945,18.87999916,82.48999786,14.57999992,46.68999863,11.14000034,335.9,41.74000168,33.43999863,223.4499969,43.86000061,45.11999893,176.0800018,34.31999969,110.5400009
907,10.19999981,16.85000038,5.239999771,6.239999771,64.5,499.0,28.29000092,35.90000153,123.5100021,35.84999847,183.3099976,99.93000031,41.29000092,5.133999825,14.32400036,9.123999596,24.80999947,38.47999954,12.53999996,41.36999893,172.5299988,167.7,10.77999973,76.65000153,3.287,19.12000084,84.69999695,15.0,49.34000015,11.68999958,336.25,42.0,32.86999893,224.8000031,43.79999924,44.47999954,179.4600067,34.70000076,111.3399963
908,10.10000038,17.21999931,5.190000057,6.239999771,65.94999695,493.0,28.70000076,35.72000122,123.0599976,34.65000153,182.4900055,100.3099976,40.95999908,5.25,14.09000015,9.090000153,24.80999947,38.11000061,12.43999958,41.52999878,168.5399933,166.98,10.91499996,76.19999695,3.293,19.14999962,84.83000183,15.0,48.15999985,11.27999973,335.9,42.65000153,32.11000061,224.8500061,43.79999924,43.77000046,181.2200012,34.91999817,110.8000031
909,9.970000267,16.95000076,5.199999809,6.239999771,67.30999756,494.0,29.01000023,35.36000061,122.1800003,36.56000137,181.0299988,99.51999664,40.61000061,5.267000198,13.8920002,9.194000244,24.85000038,36.86999893,12.52999973,41.45000076,168.3200073,165.86,10.85000038,77.0,3.2915,19.0,85.19999695,15.18999958,48.84000015,11.39999962,335.0,42.06000137,31.94000053,225.25,42.22000122,43.22000122,184.1199951,34.95999908,109.8600006
910,9.970000267,16.95000076,5.199999809,6.239999771,67.30999756,494.0,29.01000023,35.36000061,122.1800003,36.56000137,181.0299988,99.51999664,40.61000061,5.267000198,13.8920002,9.194000244,24.85000038,36.86999893,12.52999973,41.45000076,168.3200073,165.86,10.85000038,77.0,3.2915,19.0,85.19999695,15.18999958,48.84000015,11.39999962,335.0,42.06000137,31.94000053,225.25,42.22000122,43.22000122,184.1199951,34.95999908,109.8600006
911,10.06000042,16.87999916,5.320000172,6.46999979,64.66999817,486.0,29.09000015,35.0,119.3700027,36.24000168,176.5599976,99.12999725,39.91999817,5.277999878,13.83399963,9.255999565,24.46999931,36.43000031,12.18000031,41.75,167.1399994,165.03,10.89500046,77.05000305,3.3035,18.55999947,85.15000153,15.56000042,48.68000031,11.07999992,340.45,41.63999939,31.04999924,224.1999969,41.70000076,42.47000122,189.0,34.16999817,106.8499985
912,10.03999996,16.69000053,5.28000021,6.420000076,57.52999878,485.0,27.54999924,34.36999893,115.6100006,33.95000076,172.0099945,100.5100021,39.38999939,5.205999851,13.6420002,9.187999725,24.21999931,35.95999908,11.93999958,42.86999893,157.4700012,164.3,10.90499973,75.80000305,3.259,18.10000038,85.18000031,15.32499981,48.68000031,11.09000015,336.0,42.27999878,29.96999931,228.8000031,40.5,42.56000137,186.9600067,33.47000122,103.8799973
913,9.93999958,16.44000053,5.190000057,6.309999943,57.54999924,495.0,27.52000046,33.90999985,114.8799973,33.54999924,172.5200043,99.58000183,39.25999832,5.223999977,13.43599987,9.187999725,23.86000061,35.99000168,11.90999985,42.31000137,154.7400055,163.7,10.92000008,76.69999695,3.223,18.04000092,85.29000092,14.39999962,47.04000092,11.07999992,335.1,42.22999954,29.78000069,225.8500061,38.29999924,42.52000046,185.6799927,33.79000092,103.6500015
914,9.81000042,16.38999939,5.150000095,6.309999943,58.79999924,489.0,27.32999992,33.93000031,112.5999985,33.15999985,173.5399933,100.4499969,39.22999954,5.173999786,13.52400017,9.13599968,23.86000061,36.00999832,11.69999981,41.77000046,152.7100067,163.0,10.90999985,76.75,3.239,17.77000046,85.76000214,14.85000038,45.97999954,10.77999973,333.7,41.86000061,29.89999962,225.0500031,37.22000122,42.65999985,191.0,32.90999985,104.4199982
915,9.819999695,15.93000031,5.139999866,6.260000229,58.25,516.0,27.0,33.70999908,110.0199966,33.33000183,168.0,100.3499985,39.13000107,5.222000122,13.52600002,9.18200016,23.87999916,35.63000107,11.42000008,41.41999817,150.9600067,162.75,10.99499989,77.0,3.223,17.45000076,84.51000214,14.80500031,45.74000168,10.71000004,336.15,42.31999969,29.60000038,219.3999939,36.59999847,42.29999924,203.3000031,32.59000015,103.5400009
916,9.819999695,15.93000031,5.139999866,6.260000229,58.25,516.0,27.0,33.70999908,110.0199966,33.33000183,168.0,100.3499985,39.13000107,5.222000122,13.52600002,9.18200016,23.87999916,35.63000107,11.42000008,41.41999817,150.9600067,162.75,10.99499989,77.0,3.223,17.45000076,84.51000214,14.80500031,45.74000168,10.71000004,336.15,42.31999969,29.60000038,219.3999939,36.59999847,42.29999924,203.3000031,32.59000015,103.5400009
917,9.850000381,16.06999969,5.090000153,6.179999828,57.24000168,510.0,27.28000069,34.09999847,111.7799988,33.45999908,169.75,102.3199997,39.34999847,5.197999954,13.6079998,9.140000343,24.15999985,36.18999863,11.69999981,42.5,150.2799988,162.89,10.99499989,78.90000153,3.2025,17.81999969,86.55000305,15.5,45.81000137,10.32999992,335.2,42.13000107,30.34000015,217.6999969,36.40000153,42.47999954,202.75,33.18999863,106.0899963
918,10.0,15.68000031,5.099999905,6.210000038,55.77000046,507.0,28.13999939,35.00999832,113.4100037,34.04000092,173.5299988,103.0999985,39.81000137,5.248000145,13.81400013,9.159999847,24.40999985,37.86999893,11.90999985,42.54000092,157.0800018,162.4,10.99499989,77.75,3.1985,18.20999908,87.15000153,15.48499966,46.20000076,10.14000034,337.4,42.29000092,31.11000061,218.8500061,36.40000153,43.20000076,205.4499969,33.79000092,107.25
919,10.06000042,15.39999962,5.139999866,6.190000057,54.65999985,513.0,28.20000076,34.79999924,112.8700027,35.20000076,172.3300018,103.3000031,39.70999908,5.251999855,13.60999966,9.295999527,24.34000015,37.09000015,11.78999996,42.81999969,160.0899963,160.74,11.05500031,78.15000153,3.087,18.11000061,87.05000305,15.43000031,46.11999893,9.140000343,333.5,42.72999954,31.11000061,222.6999969,36.31999969,42.33000183,205.9499969,33.72000122,106.4599991
920,9.989999771,15.44999981,5.090000153,6.150000095,55.65000153,512.0,27.04999924,34.27999878,112.5500031,34.81999969,171.0399933,102.5100021,38.93000031,5.054999828,13.05000019,9.065999985,24.15999985,36.97000122,11.65999985,42.38000107,159.4100037,160.31,10.89999962,78.09999847,3.0745,17.95999908,85.80999756,14.81000042,45.59999847,9.390000343,328.0,42.09999847,30.54999924,221.8000031,35.70000076,41.38000107,201.6499939,33.5,105.4400024
921,10.0,15.11999989,5.110000134,6.190000057,54.95000076,503.0,26.63999939,33.68000031,110.4400024,34.11000061,168.7200012,100.3399963,38.36999893,5.050000191,12.89999962,8.92800045,23.79999924,36.09000015,11.65999985,41.93000031,155.0800018,160.24,10.71500015,76.94999695,3.1185,17.69000053,84.13999939,14.64000034,44.61000061,9.369999886,330.9,41.49000168,29.92000008,217.3500061,34.95999908,40.29999924,193.6199951,32.34999847,104.6999969
922,10.0,15.11999989,5.110000134,6.190000057,54.95000076,503.0,26.63999939,33.68000031,110.4400024,34.11000061,168.7200012,100.3399963,38.36999893,5.050000191,12.89999962,8.92800045,23.79999924,36.09000015,11.65999985,41.93000031,155.0800018,160.24,10.71500015,76.94999695,3.1185,17.69000053,84.13999939,14.64000034,44.61000061,9.369999886,330.9,41.49000168,29.92000008,217.3500061,34.95999908,40.29999924,193.6199951,32.34999847,104.6999969
923,9.949999809,14.81999969,5.019999981,6.059999943,55.00999832,498.0,26.11000061,33.95000076,110.4400024,33.18999863,169.8800049,100.2300034,37.90000153,5.046000004,12.98999977,9.086000443,23.47999954,36.27000046,11.56000042,41.77000046,156.7700043,157.61,10.77999973,77.94999695,3.0825,17.51000023,83.51999664,15.13000011,45.38999939,9.659999847,333.0,41.56999969,29.71999931,216.8000031,35.70000076,39.77999878,196.8399963,32.06999969,105.1699982
924,9.869999886,14.72000027,5.0,6.050000191,54.93000031,499.0,26.12999916,34.08000183,112.6500015,32.34000015,172.6699982,100.2099991,38.49000168,5.046999931,13.0,9.069999695,23.38999939,36.45999908,11.68000031,42.06000137,156.5899963,158.94,10.81000042,77.80000305,3.15,17.61000061,83.51999664,13.22999954,46.49000168,9.989999771,344.15,41.5,30.26000023,217.8500061,35.63999939,39.70999908,191.0,32.34999847,106.6900024
925,9.819999695,14.38000011,4.989999771,6.03000021,53.65000153,494.0,26.15999985,35.02999878,116.2799988,33.65999985,174.6999969,101.9199982,39.29000092,5.130000114,13.46199989,9.199999809,23.54999924,37.13999939,11.94999981,42.63000107,162.0599976,157.59,10.93000031,76.40000153,3.149,17.87999916,84.65000153,13.59000015,44.54999924,10.30000019,345.2,41.84999847,31.07999992,213.8000031,37.97999954,40.40999985,193.7599945,32.97000122,108.0599976
926,9.81000042,14.22999954,5.0,5.960000038,55.40999985,499.0,25.73999977,34.40999985,112.9000015,31.95999908,172.0800018,101.9499969,38.83000183,5.073999882,13.3760004,9.130000114,23.62000084,36.70999908,11.81000042,42.52000046,156.8899994,157.95,10.93000031,75.09999847,3.1865,17.73999977,83.33999634,13.51000023,43.93000031,10.5,344.7,41.90999985,30.40999985,208.8999939,38.06000137,39.66999817,196.2400055,32.56999969,105.8799973
927,9.81000042,14.15999985,4.980000019,5.960000038,53.88999939,514.0,25.52000046,35.00999832,117.0500031,31.02000046,177.3999939,102.9899979,39.49000168,5.100999832,13.47599983,9.116000175,23.95000076,37.02000046,11.96000004,43.04000092,156.75,160.89,10.88000011,73.0,3.175,18.13999939,84.16999817,13.54500008,43.88999939,11.09000015,343.3,41.50999832,31.5,196.8999939,37.70000076,40.70999908,198.2400055,33.31999969,108.6800003
928,9.81000042,14.15999985,4.980000019,5.960000038,53.88999939,514.0,25.52000046,35.00999832,117.0500031,31.02000046,177.3999939,102.9899979,39.49000168,5.100999832,13.47599983,9.116000175,23.95000076,37.02000046,11.96000004,43.04000092,156.75,160.89,10.88000011,73.0,3.175,18.13999939,84.16999817,13.54500008,43.88999939,11.09000015,343.3,41.50999832,31.5,196.8999939,37.70000076,40.70999908,198.2400055,33.31999969,108.6800003
929,9.81000042,14.97999954,4.980000019,5.96999979,59.36000061,492.0,25.52000046,35.00999832,117.0500031,31.02000046,177.3999939,102.9899979,39.49000168,5.100999832,13.47599983,9.116000175,23.95000076,37.02000046,11.96000004,43.04000092,156.75,162.12,10.88000011,74.40000153,3.2,18.13999939,84.16999817,13.54500008,43.88999939,11.09000015,352.4,41.50999832,31.5,203.1499939,37.70000076,40.70999908,198.2400055,33.31999969,108.6800003
930,9.81000042,15.09000015,5.010000229,6.0,60.31000137,483.0,24.96999931,35.04000092,118.4700012,30.04000092,179.6300049,103.6699982,39.65999985,5.078000069,13.54599953,9.168000221,24.09000015,37.13000107,11.89999962,43.15000153,150.2200012,164.07,10.89999962,75.09999847,3.24,18.26000023,84.0,13.64999962,43.68999863,10.85000038,355.45,41.38999939,31.90999985,207.6999969,37.70000076,41.00999832,201.1999969,33.40999985,110.1900024
931,9.979999542,14.96000004,5.050000191,6.050000191,62.72000122,482.0,24.81999969,34.58000183,115.3099976,29.39999962,176.9799957,102.9000015,38.81000137,5.048999786,13.50800037,9.17800045,23.76000023,36.27999878,11.67000008,42.93999863,146.1699982,161.82,10.92500019,74.80000305,3.3025,17.93000031,83.16000366,13.65499973,43.33000183,10.85000038,355.1,41.29000092,31.27000046,208.25,37.84000015,40.0,199.6999969,32.72000122,108.3799973
932,9.93999958,14.93000031,4.960000038,5.989999771,63.20000076,482.0,25.46999931,34.70000076,116.3899994,30.43000031,178.3200073,103.8399963,39.27000046,5.100999832,13.59200001,9.392000198,24.21999931,36.18000031,11.85999966,43.13000107,148.7799988,162.91,11.01500034,74.75,3.4245,18.14999962,84.08000183,13.94499969,43.79999924,10.68000031,359.6,41.72999954,31.37999916,205.8500061,37.91999817,39.65000153,203.75,32.97000122,109.1999969
933,9.979999542,14.96000004,4.96999979,6.0,63.75999832,476.0,25.34000015,34.93000031,118.0,30.89999962,179.4900055,102.9899979,39.09999847,5.03000021,13.28600025,9.333999634,24.12000084,35.81000137,11.86999989,43.22999954,149.7899933,162.56,10.93000031,76.5,3.3945,18.07999992,83.59999847,13.85499954,43.02000046,10.64999962,365.4,41.59000015,31.72999954,207.6999969,36.91999817,39.86000061,202.1000061,32.90000153,110.3000031
934,9.979999542,14.96000004,4.96999979,6.0,63.75999832,476.0,25.34000015,34.93000031,118.0,30.89999962,179.4900055,102.9899979,39.09999847,5.03000021,13.28600025,9.333999634,24.12000084,35.81000137,11.86999989,43.22999954,149.7899933,162.56,10.93000031,76.5,3.3945,18.07999992,83.59999847,13.85499954,43.02000046,10.64999962,365.4,41.59000015,31.72999954,207.6999969,36.91999817,39.86000061,202.1000061,32.90000153,110.3000031
935,9.979999542,14.96000004,4.96999979,6.0,63.75999832,476.0,25.34000015,34.93000031,118.0,30.89999962,179.4900055,102.9899979,39.09999847,5.171000004,13.70800018,9.468000412,24.12000084,35.81000137,11.86999989,43.22999954,149.7899933,162.56,11.01000023,78.0,3.3945,18.07999992,83.59999847,14.08500004,44.47999954,10.64999962,365.4,41.59000015,31.72999954,211.8500061,36.91999817,39.86000061,201.6999969,32.90000153,110.3000031
936,10.10000038,16.19000053,5.010000229,6.090000153,66.40000153,476.0,25.93000031,34.31999969,113.1200027,30.29999924,173.9900055,103.6999969,39.02999878,5.300000191,13.78600025,9.656000137,24.22999954,32.59999847,11.61999989,43.15999985,145.9400024,163.52,10.97500038,78.5,3.4295,18.01000023,83.83000183,14.22999954,44.15000153,9.5,368.05,39.61999893,30.20999908,211.3500061,36.34000015,39.00999832,200.75,32.15000153,106.5100021
937,10.03999996,16.37000084,4.989999771,6.070000172,64.81999969,459.0,26.53000069,33.77999878,113.3399963,32.18999863,172.1399994,104.8099976,39.77000046,5.486999989,13.57600021,9.991999626,24.34000015,31.86000061,11.65999985,43.72999954,146.7799988,162.51,11.10999966,78.09999847,3.421,18.22999954,84.48999786,14.89500046,43.54000092,9.710000038,365.8,38.66999817,29.81999969,208.1000061,35.34000015,39.36999893,191.5599976,32.34999847,106.8199997
938,9.970000267,16.29999924,4.980000019,6.039999962,65.66000366,460.0,25.81999969,33.90000153,116.7699966,31.77000046,175.2400055,103.2600021,39.61000061,5.478000164,13.6079998,9.795999527,24.62999916,32.29000092,11.93000031,42.77999878,145.4600067,161.2,11.05500031,79.09999847,3.4335,18.20999908,82.62999725,15.06999969,44.13000107,10.13000011,367.5,38.88999939,30.29000092,207.6000061,35.88000107,38.52999878,194.6000061,32.02000046,109.2099991
939,10.0,16.55999947,4.96999979,6.059999943,70.48000336,455.0,26.20999908,34.45999908,118.2300034,36.15000153,176.5599976,105.1800003,40.52000046,5.600999832,13.8380003,9.878000259,25.0,31.86000061,12.14999962,43.66999817,156.8000031,162.1,10.90499973,80.05000305,3.5035,18.57999992,83.65000153,16.29000092,44.13000107,10.27999973,367.3,39.13999939,31.37000084,205.3999939,35.5,40.34000015,200.0500031,32.56000137,110.5299988
940,10.0,16.55999947,4.96999979,6.059999943,70.48000336,455.0,26.20999908,34.45999908,118.2300034,36.15000153,176.5599976,105.1800003,40.52000046,5.600999832,13.8380003,9.878000259,25.0,31.86000061,12.14999962,43.66999817,156.8000031,162.1,10.90499973,80.05000305,3.5035,18.57999992,83.65000153,16.29000092,44.13000107,10.27999973,367.3,39.13999939,31.37000084,205.3999939,35.5,40.34000015,200.0500031,32.56000137,110.5299988
941,9.949999809,16.59000015,4.980000019,6.059999943,71.68000031,455.0,27.09000015,34.77000046,117.3600006,38.56999969,175.1799927,105.1900024,41.0,5.598999977,13.94400024,9.789999962,25.31999969,31.29999924,12.31000042,44.15000153,159.1699982,162.71,10.84000015,80.09999847,3.565,18.70999908,84.06999969,16.76499939,44.91999817,10.23999977,367.95,39.06999969,31.53000069,206.1999969,35.34000015,40.88999939,202.8500061,32.63000107,108.4700012
942,9.949999809,16.54000092,4.960000038,5.980000019,71.41000366,436.0,27.0,34.84999847,118.0800018,42.04999924,176.0399933,105.4300003,40.97999954,5.535999775,13.97399998,9.881999969,25.37000084,31.15999985,12.39000034,43.68999863,171.0099945,162.1,10.79500008,80.59999847,3.473,18.73999977,84.54000092,16.20499992,44.36999893,10.44999981,366.75,39.45000076,31.04000092,206.0500031,35.25999832,40.79000092,198.6999969,32.13999939,110.0899963
943,10.10000038,16.18000031,4.96999979,5.96999979,70.01000214,435.0,27.56999969,35.04000092,118.2399979,42.86999893,175.1999969,105.6600037,41.31000137,5.630000114,14.23999977,9.909999847,25.54000092,30.84000015,12.52999973,44.13999939,172.4100037,165.83,10.89500046,83.55000305,3.521,18.78000069,85.0,16.98999977,44.97999954,10.60999966,347.35,40.40000153,31.37000084,205.8500061,35.29999924,41.56000137,210.6999969,32.43000031,111.3700027
944,10.34000015,16.22999954,5.039999962,5.980000019,70.54000092,425.0,27.86000061,35.31000137,120.1600037,43.18000031,177.0800018,105.0800018,41.91999817,5.706999779,14.41600037,10.06000042,25.65999985,31.45000076,12.64000034,43.38000107,178.8500061,164.17,10.97000027,81.59999847,3.4885,18.88999939,85.06999969,17.19000053,45.43999863,10.89999962,346.85,41.90999985,32.29999924,205.6999969,36.70000076,42.27000046,213.8999939,32.95999908,113.2200012
945,10.46000004,15.97999954,5.090000153,5.989999771,70.80000305,432.0,28.47999954,35.56000137,121.4700012,43.0,177.5599976,104.9800034,41.75999832,5.728000164,14.42199993,9.923999786,25.75,31.42000008,12.67000008,43.38000107,180.1900024,164.56,10.89999962,82.30000305,3.4855,18.85000038,84.68000031,16.97999954,45.31000137,10.84000015,346.05,42.31000137,32.43999863,206.4499969,37.81999969,42.79000092,214.3000031,32.81000137,113.1500015
946,10.46000004,15.97999954,5.090000153,5.989999771,70.80000305,432.0,28.47999954,35.56000137,121.4700012,43.0,177.5599976,104.9800034,41.75999832,5.728000164,14.42199993,9.923999786,25.75,31.42000008,12.67000008,43.38000107,180.1900024,164.56,10.89999962,82.30000305,3.4855,18.85000038,84.68000031,16.97999954,45.31000137,10.84000015,346.05,42.31000137,32.43999863,206.4499969,37.81999969,42.79000092,214.3000031,32.81000137,113.1500015
947,10.5,16.56999969,5.110000134,6.0,69.5,432.0,28.47999954,35.56000137,121.4700012,43.0,177.5599976,104.9800034,41.75999832,5.808000088,14.32800007,9.947999954,25.75,31.42000008,12.67000008,43.38000107,180.1900024,165.8,10.89999962,82.25,3.512,18.85000038,84.68000031,16.11000061,45.15000153,10.84000015,345.8,41.68000031,32.43999863,206.9499969,38.43999863,42.79000092,216.1999969,32.81000137,113.1500015
948,10.5,16.46999931,5.079999924,5.96999979,70.63999939,433.0,29.10000038,35.68999863,120.2399979,41.70000076,180.4900055,104.2200012,41.68000031,5.760000229,14.37199974,9.854000092,25.54999924,31.14999962,12.61999989,43.15999985,177.6000061,162.33,10.89999962,81.59999847,3.4405,18.81999969,85.73999786,16.45999908,45.09999847,11.31000042,341.35,41.36999893,32.88999939,207.6999969,39.0,43.08000183,213.8999939,32.77999878,112.9300003
949,10.84000015,17.17000008,5.090000153,5.980000019,70.44999695,446.0,29.02000046,35.34000015,118.5500031,41.34000015,177.2299957,102.25,41.18999863,5.763999939,14.46000004,9.82199955,25.13999939,30.80999947,12.51000023,42.22999954,177.5700073,162.18,10.80000019,82.15000153,3.4605,18.36000061,83.80000305,16.42000008,45.95999908,10.97999954,344.15,40.88999939,32.36999893,207.5,39.04000092,42.75,210.6000061,31.68000031,110.6100006
950,10.80000019,17.39999962,5.099999905,6.0,71.25,438.0,28.70999908,35.54000092,119.6399994,40.90999985,179.0,101.9700012,41.38000107,5.657000065,14.25399971,9.866000175,25.48999977,31.04000092,12.60000038,42.04000092,165.0099945,160.53,10.80500031,83.25,3.4135,18.75,82.58999634,15.64999962,44.52999878,11.35000038,339.8,40.93000031,33.11999893,205.3000031,36.81999969,42.99000168,201.1499939,31.93000031,111.3199997
951,11.38000011,17.18000031,5.190000057,6.019999981,71.0,452.0,28.79999924,35.5,121.8000031,41.88999939,180.8999939,101.8199997,41.86000061,5.650000095,14.45600033,9.899999619,25.73999977,31.30999947,12.76000023,42.34000015,167.8699951,158.85,10.80500031,82.90000153,3.4225,18.63999939,81.81999969,15.72500038,44.88000107,11.46000004,336.55,41.66999817,33.02999878,207.1999969,37.34000015,43.41999817,202.0500031,31.45999908,113.3499985
952,11.38000011,17.18000031,5.190000057,6.019999981,71.0,452.0,28.79999924,35.5,121.8000031,41.88999939,180.8999939,101.8199997,41.86000061,5.650000095,14.45600033,9.899999619,25.73999977,31.30999947,12.76000023,42.34000015,167.8699951,158.85,10.80500031,82.90000153,3.4225,18.63999939,81.81999969,15.72500038,44.88000107,11.46000004,336.55,41.66999817,33.02999878,207.1999969,37.34000015,43.41999817,202.0500031,31.45999908,113.3499985
953,11.38000011,17.18000031,5.190000057,6.019999981,71.0,445.0,29.38999939,35.58000183,120.1299973,42.68000031,180.6600037,100.9899979,41.88000107,5.46600008,14.39999962,9.960000038,26.10000038,31.07999992,13.01000023,41.81999969,176.2100067,160.06,10.81499958,83.44999695,3.4295,18.76000023,82.66999817,16.28499985,45.59999847,11.72999954,340.05,41.68000031,33.68000031,207.0,37.5,43.50999832,202.9499969,31.68000031,112.7600021
954,11.38000011,17.18000031,5.190000057,6.019999981,71.0,452.0,29.60000038,35.29000092,118.8099976,42.59999847,180.8300018,101.3700027,41.52999878,5.495999813,14.18000031,10.10499954,26.32999992,30.57999992,13.06999969,41.50999832,171.4900055,157.88,10.84500027,83.15000153,3.408,18.56999969,83.90000153,16.22500038,45.38000107,11.77999973,336.75,42.15000153,33.52000046,205.8500061,36.36000061,42.95000076,201.75,31.44000053,113.8099976
955,11.38000011,17.18000031,5.190000057,6.019999981,71.0,466.0,29.26000023,35.24000168,120.3700027,41.84999847,179.0800018,101.4199982,40.47000122,5.478000164,14.07600021,10.13500023,26.18000031,30.07999992,13.14999962,41.41999817,168.2599945,158.99,10.86999989,82.5,3.4295,18.45000076,76.58999634,15.85999966,45.43999863,11.93000031,338.2,42.75,33.15999985,201.4499969,38.5,42.81999969,196.6799927,31.39999962,113.2099991
956,11.47999954,17.18000031,5.190000057,6.019999981,71.0,470.0,29.29000092,36.25,124.6500015,41.0,187.7899933,101.3399963,40.65000153,5.482999802,14.19799995,10.13500023,26.31999969,30.42000008,13.5,41.59999847,175.4299927,157.58,10.84000015,82.5,3.476,18.61000061,76.40000153,16.02000046,45.54000092,11.65999985,335.0,41.86000061,34.59999847,201.4499969,37.91999817,43.18999863,197.5399933,31.43000031,117.7600021
957,11.64000034,17.18000031,5.190000057,6.019999981,71.0,473.0,29.30999947,36.31999969,123.6100006,40.84999847,179.4499969,101.5800018,40.84000015,5.485000134,14.29199982,10.13500023,26.53000069,30.37999916,13.35999966,41.68999863,179.3500061,159.08,10.80000019,81.0,3.5085,18.65999985,75.58000183,16.03499985,45.61000061,11.28999996,336.95,41.86000061,34.61999893,202.3500061,38.15999985,43.34999847,192.2599945,31.51000023,115.6100006
958,11.64000034,17.18000031,5.190000057,6.019999981,71.0,473.0,29.30999947,36.31999969,123.6100006,40.84999847,179.4499969,101.5800018,40.84000015,5.485000134,14.29199982,10.13500023,26.53000069,30.37999916,13.35999966,41.68999863,179.3500061,159.08,10.80000019,81.0,3.5085,18.65999985,75.58000183,16.03499985,45.61000061,11.28999996,336.95,41.86000061,34.61999893,202.3500061,38.15999985,43.34999847,192.2599945,31.51000023,115.6100006
959,11.38000011,17.17000008,5.210000038,6.03000021,70.83000183,467.0,29.27000046,36.16999817,120.5299988,39.90999985,174.1999969,101.6399994,40.52999878,5.433000088,14.17000008,10.00500011,25.59000015,30.05999947,13.10000038,41.75,170.7799988,158.41,10.78499985,81.75,3.492,18.04000092,75.05000305,16.33499908,44.38999939,11.27999973,337.65,40.93999863,34.04000092,204.3500061,36.90000153,42.41999817,193.9400024,31.03000069,113.5599976
960,11.35999966,16.95999908,5.170000076,6.039999962,71.37000275,485.0,29.14999962,36.22999954,121.8700027,42.06999969,174.0200043,102.4499969,40.97000122,5.390999794,14.13599968,9.986000061,25.60000038,30.43000031,13.27999973,42.18999863,177.6000061,158.1,10.74499989,81.75,3.4985,18.29999924,74.62999725,16.95999908,43.83000183,11.60000038,340.75,40.79999924,34.72000122,212.8999939,36.13999939,43.13999939,198.7799988,32.24000168,116.0100021
961,11.60000038,17.43000031,5.199999809,6.090000153,69.36000061,478.0,28.68000031,36.43999863,117.6999969,42.02999878,171.3600006,102.5400009,40.72000122,5.272999763,13.84599972,10.02499962,25.68000031,30.37000084,13.06999969,42.29999924,180.1499939,158.12,10.75,79.80000305,3.5035,18.37000084,74.23999786,17.36499977,43.15000153,11.42000008,343.0,40.66999817,34.34000015,205.8500061,34.97999954,40.72999954,197.8200073,31.86000061,114.7399979
962,11.53999996,16.97999954,5.179999828,6.050000191,67.66999817,459.0,28.56999969,35.20000076,111.3000031,41.90000153,169.0099945,102.0400009,40.59000015,5.381999969,13.75,10.10000038,25.80999947,29.21999931,13.27999973,41.88999939,168.6699982,158.1,10.73999977,78.55000305,3.5075,18.45000076,75.59999847,18.18499947,43.0,10.92000008,342.1,40.88000107,32.99000168,206.3000031,34.68000031,41.77999878,204.8000031,32.20999908,111.1500015
963,11.26000023,17.01000023,5.170000076,6.010000229,66.36000061,447.0,28.01000023,35.15000153,108.1100006,40.63000107,169.4499969,100.5800018,40.56999969,5.361999989,13.84399986,10.03999996,25.80999947,29.11000061,13.27999973,40.90000153,168.1900024,160.87,10.73499966,78.44999695,3.4965,18.28000069,74.66999817,17.69499969,42.70999908,10.84000015,341.85,40.47999954,32.91999817,205.3000031,35.58000183,41.84000015,201.6999969,32.08000183,111.9199982
964,11.26000023,17.01000023,5.170000076,6.010000229,66.36000061,447.0,28.01000023,35.15000153,108.1100006,40.63000107,169.4499969,100.5800018,40.56999969,5.361999989,13.84399986,10.03999996,25.80999947,29.11000061,13.27999973,40.90000153,168.1900024,160.87,10.73499966,78.44999695,3.4965,18.28000069,74.66999817,17.69499969,42.70999908,10.84000015,341.85,40.47999954,32.91999817,205.3000031,35.58000183,41.84000015,201.6999969,32.08000183,111.9199982
965,11.15999985,17.38999939,5.150000095,6.0,65.88999939,455.0,27.75,34.84000015,107.4899979,40.54999924,169.6399994,101.8099976,40.49000168,5.379000187,13.6960001,9.904000282,25.81999969,28.88999939,12.97999954,40.95999908,167.4700012,160.14,10.68999958,79.25,3.5095,18.17000008,75.51000214,17.79999924,42.70999908,11.18999958,347.1,40.77999878,32.61000061,208.5500031,33.95999908,41.88000107,201.25,31.70000076,111.7300034
966,11.39999962,17.14999962,5.170000076,6.010000229,65.66999817,459.0,27.44000053,37.75,112.0199966,40.11000061,174.0899963,100.8199997,40.75,5.359000206,13.90600014,9.762000084,25.84000015,29.28000069,12.85000038,40.81999969,165.8899994,159.87,10.67500019,79.05000305,3.5065,18.28000069,76.08000183,18.23999977,42.93999863,11.05000019,355.25,40.47000122,33.52999878,206.3000031,34.34000015,41.83000183,199.5800018,32.11000061,114.9199982
967,11.56000042,17.03000069,5.150000095,5.980000019,64.76000214,463.0,27.60000038,38.65000153,110.7900009,39.68999863,170.0,99.18000031,39.54000092,5.346000195,14.15999985,9.930000305,25.85000038,31.36000061,12.77999973,40.24000168,165.5800018,158.18,10.64999962,79.25,3.489,18.21999931,75.02999878,18.86000061,47.5,11.19999981,349.85,40.61000061,33.22999954,207.1499939,35.97999954,41.29999924,208.5,31.80999947,113.9199982
968,11.46000004,16.97999954,5.170000076,6.010000229,66.38999939,456.0,27.62999916,39.54999924,109.9300003,40.09999847,168.4400024,97.55000305,39.31000137,5.340000153,14.34399986,9.958000183,25.79999924,31.69000053,12.76000023,39.99000168,163.9400024,159.19,10.64999962,79.59999847,3.479,17.98999977,73.26999664,18.48500061,46.79999924,11.05000019,350.2,40.06999969,33.0,205.5,35.38000107,40.90999985,215.8999939,31.31999969,114.3499985
969,11.30000019,16.94000053,5.139999866,6.019999981,65.87999725,457.0,27.20999908,40.65000153,115.0599976,40.31999969,171.9700012,99.11000061,40.59000015,5.410999775,14.75,9.968000412,26.37000084,33.02999878,12.84000015,40.70999908,163.3800049,158.68,10.61499977,79.80000305,3.4785,18.36000061,74.73999786,18.12999916,46.91999817,11.52999973,351.0,39.81999969,34.27000046,204.8000031,35.90000153,41.50999832,213.1000061,31.81999969,119.1699982
970,11.30000019,16.94000053,5.139999866,6.019999981,65.87999725,457.0,27.20999908,40.65000153,115.0599976,40.31999969,171.9700012,99.11000061,40.59000015,5.410999775,14.75,9.968000412,26.37000084,33.02999878,12.84000015,40.70999908,163.3800049,158.68,10.61499977,79.80000305,3.4785,18.36000061,74.73999786,18.12999916,46.91999817,11.52999973,351.0,39.81999969,34.27000046,204.8000031,35.90000153,41.50999832,213.1000061,31.81999969,119.1699982
971,11.39999962,17.09000015,5.150000095,6.010000229,64.26000214,458.0,27.32999992,40.61000061,112.3099976,40.43000031,171.0099945,100.0400009,40.90000153,5.402999878,14.76799965,9.99600029,26.37999916,32.75,12.94999981,41.18999863,167.2599945,158.01,10.69999981,79.5,3.501,18.38999939,75.62000275,17.64999962,47.13000107,11.69999981,349.4,39.81999969,34.27000046,203.6000061,35.22000122,41.68000031,211.75,31.80999947,117.8000031
972,11.46000004,17.38999939,5.170000076,6.03000021,64.87000275,462.0,27.71999931,41.02000046,113.5500031,39.49000168,172.3200073,99.47000122,39.77000046,5.380000114,14.82600021,10.03499985,26.61000061,32.5,13.09000015,42.02999878,165.0399933,156.52,10.75,79.15000153,3.4185,18.30999947,76.02999878,17.46999931,46.29999924,11.63000011,344.2,39.43999863,34.77999878,203.1000061,34.36000061,42.29999924,208.1999969,31.92000008,116.4199982
973,11.35999966,18.21999931,5.150000095,5.989999771,64.19000244,461.0,27.84000015,40.88000107,111.6500015,41.61000061,169.0099945,99.26000214,39.50999832,5.387000084,14.68999958,10.03499985,26.65999985,31.97999954,13.14000034,42.66999817,172.3600006,153.09,10.86499977,79.5,3.315,18.19000053,76.94000244,17.23500061,45.38999939,11.61999989,339.6,39.16999817,34.75,205.25,33.65999985,42.29000092,207.8000031,32.09999847,116.0699997
974,11.38000011,17.31999969,5.150000095,5.949999809,63.84000015,463.0,27.68000031,40.95000076,108.3600006,39.79999924,166.5700073,98.29000092,39.15999985,5.374000072,14.71399975,9.989999771,26.78000069,31.64999962,13.05000019,42.49000168,165.0099945,153.56,10.82999992,79.80000305,3.307,18.09000015,75.69000244,17.63999939,45.13999939,11.64000034,342.55,39.11000061,33.93000031,205.1499939,34.72000122,42.40999985,206.5500031,32.09000015,115.7300034
975,11.35999966,16.39999962,5.150000095,5.940000057,62.40000153,470.0,27.86000061,40.02000046,104.1200027,38.93999863,162.8500061,99.48999786,38.90000153,5.353000164,14.30000019,10.16499996,26.37999916,30.64999962,12.86999989,43.04999924,164.2799988,153.62,10.89999962,80.55000305,3.329,17.72999954,76.06999969,17.06500053,45.00999832,11.55000019,345.1,39.52000046,33.09999847,204.6999969,33.43999863,42.20999908,205.0,31.26000023,111.2799988
976,11.35999966,16.39999962,5.150000095,5.940000057,62.40000153,470.0,27.86000061,40.02000046,104.1200027,38.93999863,162.8500061,99.48999786,38.90000153,5.353000164,14.30000019,10.16499996,26.37999916,30.64999962,12.86999989,43.04999924,164.2799988,153.62,10.89999962,80.55000305,3.329,17.72999954,76.06999969,17.06500053,45.00999832,11.55000019,345.1,39.52000046,33.09999847,204.6999969,33.43999863,42.20999908,205.0,31.26000023,111.2799988
977,11.38000011,16.77000046,5.239999771,6.0,62.41999817,480.0,27.86000061,40.02000046,104.1200027,38.93999863,162.8500061,99.48999786,38.90000153,5.349999905,14.35000038,10.21500015,26.37999916,30.64999962,12.86999989,43.04999924,164.2799988,153.24,10.90999985,79.55000305,3.3015,17.72999954,76.06999969,17.16500092,45.31000137,11.55000019,347.1,39.54999924,33.09999847,203.8000031,34.11999893,42.20999908,205.1000061,31.26000023,111.2799988
978,11.61999989,16.75,5.260000229,6.050000191,63.25,479.0,27.04000092,39.77000046,105.3099976,36.99000168,161.0,97.68000031,38.08000183,5.315000057,14.26799965,10.23999977,25.95999908,30.65999985,12.73999977,42.22999954,160.9900055,154.97,10.96000004,79.19999695,3.372,17.35000038,73.66000366,17.0,44.45999908,11.27000046,352.65,40.38999939,33.58000183,207.9499969,34.0,40.27999878,203.25,30.79000092,111.1699982
979,11.52000046,16.69000053,5.239999771,6.03000021,61.70999908,471.0,27.21999931,38.93000031,104.0800018,37.5,160.3500061,97.47000122,37.79999924,5.238999844,14.11400032,10.24499989,25.85000038,30.61000061,13.0,41.84000015,163.6100006,155.31,10.96000004,77.30000305,3.364,17.31999969,73.68000031,16.39999962,44.25,11.27000046,353.75,40.29999924,32.72000122,202.3000031,32.93999863,40.50999832,197.4600067,30.90999985,109.7300034
980,11.47999954,16.31999969,5.25,6.010000229,63.13000107,471.0,26.95999908,39.68000031,105.4300003,38.16999817,161.9299927,96.83999634,37.84999847,5.260000229,13.3579998,10.42000008,25.95000076,31.19000053,13.01000023,41.84000015,165.5800018,155.31,10.90499973,77.19999695,3.364,17.47999954,72.87000275,16.54000092,44.83000183,11.68999958,353.75,40.02999878,33.40000153,201.3000031,33.29999924,41.0,201.0,31.04999924,110.7399979
981,11.38000011,16.71999931,5.230000019,5.989999771,60.75999832,464.0,26.68000031,39.70000076,105.25,37.54999924,162.4100037,96.91999817,37.81999969,5.234000206,13.19200039,10.34000015,25.94000053,31.42000008,12.85999966,41.31999969,162.1600037,154.22,10.89000034,77.34999847,3.365,17.44000053,72.91999817,15.53999996,44.54999924,11.38000011,352.45,39.90000153,33.95000076,202.3000031,33.77999878,41.31999969,198.4199982,31.18000031,110.75
982,11.38000011,16.71999931,5.230000019,5.989999771,60.75999832,464.0,26.68000031,39.70000076,105.25,37.54999924,162.4100037,96.91999817,37.81999969,5.234000206,13.19200039,10.34000015,25.94000053,31.42000008,12.85999966,41.31999969,162.1600037,154.22,10.89000034,77.34999847,3.365,17.44000053,72.91999817,15.53999996,44.54999924,11.38000011,352.45,39.90000153,33.95000076,202.3000031,33.77999878,41.31999969,198.4199982,31.18000031,110.75
983,11.15999985,16.28000069,5.210000038,6.019999981,61.66999817,456.0,26.30999947,40.22000122,105.8600006,39.27000046,162.8200073,95.80999756,38.02000046,5.306000233,13.39999962,10.41499996,25.84000015,31.11000061,12.76000023,41.43000031,166.1100006,156.34,10.90999985,76.84999847,3.422,17.36000061,71.86000061,15.65999985,45.09999847,11.5,357.75,39.97000122,34.11000061,199.75,35.38000107,40.65000153,198.1399994,30.70000076,110.5500031
984,11.02000046,16.82999992,5.230000019,6.059999943,61.70000076,452.0,26.12000084,39.59999847,103.3499985,39.75,160.7700043,94.26000214,37.52000046,5.316999912,13.36600018,10.34500027,25.53000069,30.51000023,12.65999985,40.38999939,169.1399994,157.66,10.86499977,76.05000305,3.4215,17.05999947,71.02999878,15.73999977,45.68999863,11.09000015,358.4,40.24000168,33.59999847,202.5500031,34.97999954,39.81000137,200.6000061,30.10000038,109.9100037
985,11.26000023,17.84000015,5.28000021,6.21999979,60.61000061,454.0,26.04999924,39.93000031,106.25,41.77000046,162.0500031,91.91000366,38.00999832,5.199999809,13.17000008,10.04500008,25.62000084,30.86000061,12.78999996,39.75,195.6799927,164.5,10.60999966,76.94999695,3.447,17.26000023,69.87000275,15.43000031,45.47000122,11.09000015,361.4,39.09000015,34.38000107,204.5500031,34.29999924,40.38000107,208.6000061,29.94000053,110.8899994
986,11.34000015,17.84000015,5.360000134,6.420000076,59.08000183,446.0,26.79000092,40.25999832,108.3300018,40.88999939,162.5599976,93.76999664,38.65999985,5.264999866,13.34399986,10.15999985,25.98999977,31.11000061,12.94999981,40.38000107,198.2200012,160.9,10.67000008,77.90000153,3.3985,17.45999908,72.20999908,15.47000027,45.22000122,10.76000023,355.05,39.25999832,34.79000092,205.6000061,33.74000168,40.81999969,204.0500031,30.42000008,111.4000015
987,11.57999992,17.67000008,5.5,6.519999981,59.33000183,454.0,27.07999992,40.22000122,108.6399994,41.75,164.9600067,95.38999939,38.86000061,5.301000118,13.43400002,10.32499981,26.09000015,31.21999931,13.05000019,41.38000107,210.1100006,162.27,10.71000004,78.19999695,3.441,17.64999962,73.83000183,16.00499916,45.11000061,11.15999985,358.8,39.04999924,35.29999924,207.75,33.95999908,41.33000183,203.9499969,30.96999931,112.8099976
988,11.57999992,17.67000008,5.5,6.519999981,59.33000183,454.0,27.07999992,40.22000122,108.6399994,41.75,164.9600067,95.38999939,38.86000061,5.301000118,13.43400002,10.32499981,26.09000015,31.21999931,13.05000019,41.38000107,210.1100006,162.27,10.71000004,78.19999695,3.441,17.64999962,73.83000183,16.00499916,45.11000061,11.15999985,358.8,39.04999924,35.29999924,207.75,33.95999908,41.33000183,203.9499969,30.96999931,112.8099976
989,11.97999954,17.86000061,5.510000229,6.519999981,59.70000076,458.0,27.30999947,40.41999817,109.5599976,42.70999908,166.1699982,95.98000336,38.81999969,5.334000111,13.53600025,10.31999969,26.22999954,30.98999977,13.19999981,41.49000168,212.3000031,163.35,10.67000008,79.25,3.437,17.62000084,74.40000153,16.36000061,45.22999954,11.43000031,365.35,38.79999924,35.11000061,210.3000031,34.93999863,41.20999908,207.1000061,30.70000076,113.8099976
990,12.38000011,17.61000061,5.639999866,6.489999771,58.5,464.0,27.87999916,39.79999924,107.6500015,42.56000137,164.0299988,93.51999664,38.33000183,5.295000076,13.42199993,10.25500011,26.12000084,30.10000038,13.13000011,41.0,214.2899933,162.57,10.65999985,79.25,3.4155,17.35000038,73.75,14.98999977,44.90000153,10.97999954,364.3,38.65999985,34.20999908,210.3000031,34.25999832,40.65999985,203.5,30.37000084,111.6100006
991,12.03999996,18.18000031,5.570000172,6.559999943,58.15999985,466.0,28.10000038,39.65999985,107.2300034,42.59999847,162.9900055,94.66999817,38.38999939,5.320000172,13.41800022,10.25,26.02000046,29.82999992,13.15999985,41.25,214.3300018,162.57,10.71000004,79.19999695,3.4155,17.31999969,74.25,14.94999981,44.16999817,11.27999973,364.3,38.83000183,34.11000061,211.25,31.5,40.50999832,205.25,30.37000084,109.9800034
992,12.23999977,18.11000061,5.570000172,6.519999981,57.04999924,468.0,28.09000015,39.34000015,105.8099976,41.40999985,160.5099945,94.22000122,37.99000168,5.318999767,13.3920002,10.24499989,25.80999947,29.51000023,12.89999962,40.59000015,211.25,161.21,10.70499992,78.69999695,3.4005,17.13999939,73.76000214,15.02499962,43.81000137,11.03999996,364.0,38.68999863,33.70999908,209.75,32.74000168,39.59000015,211.25,29.88999939,109.1299973
993,11.39999962,18.12999916,5.440000057,6.489999771,56.65000153,468.0,27.52000046,39.00999832,104.2200012,39.25,159.6699982,92.83000183,37.84000015,5.326000214,13.43000031,10.26000023,25.60000038,29.79000092,12.60000038,40.18000031,207.7299957,160.04,10.71000004,78.90000153,3.378,16.77000046,73.01000214,14.72999954,43.84000015,10.88000011,365.9,38.56999969,33.43999863,208.75,34.38000107,38.88999939,205.1000061,28.89999962,107.7799988
994,11.39999962,18.12999916,5.440000057,6.489999771,56.65000153,468.0,27.52000046,39.00999832,104.2200012,39.25,159.6699982,92.83000183,37.84000015,5.326000214,13.43000031,10.26000023,25.60000038,29.79000092,12.60000038,40.18000031,207.7299957,160.04,10.71000004,78.90000153,3.378,16.77000046,73.01000214,14.72999954,43.84000015,10.88000011,365.9,38.56999969,33.43999863,208.75,34.38000107,38.88999939,205.1000061,28.89999962,107.7799988
995,12.07999992,19.29999924,5.679999828,6.619999886,56.61999893,457.0,28.32999992,38.00999832,100.6800003,39.20000076,158.7100067,94.16999817,38.22999954,5.227000237,12.92399979,10.17500019,25.39999962,29.0,12.26000023,41.38999939,203.5800018,159.03,10.68000031,77.80000305,3.3625,16.85000038,73.29000092,14.31999969,42.72000122,10.43000031,363.5,38.56000137,31.90999985,202.8500061,32.0,39.18000031,201.1000061,29.01000023,106.5400009
996,11.72000027,19.02000046,5.550000191,6.619999886,56.81999969,448.0,29.15999985,38.25,101.3600006,39.56999969,160.7599945,95.08999634,38.25,5.363999844,13.03999996,10.32999992,25.69000053,28.63999939,12.34000015,41.34000015,207.2899933,161.0,10.85999966,77.69999695,3.3745,16.94000053,74.55000305,14.77999973,43.65000153,10.25,364.55,39.54000092,31.51000023,203.3999939,32.36000061,39.63999939,209.5,29.25,106.9400024
997,11.81999969,18.86000061,5.650000095,6.760000229,56.95999908,458.0,28.79999924,35.84999847,95.23999786,38.11000061,153.8000031,96.83000183,36.59000015,5.245999813,12.31000042,10.38000011,25.17000008,27.34000015,11.93999958,41.84000015,203.2200012,159.68,10.875,78.59999847,3.3485,16.57999992,75.51999664,14.23999977,42.00999832,9.979999542,357.95,38.22000122,29.27000046,202.9499969,29.37999916,37.40999985,196.2200012,28.78000069,101.6200027
998,11.23999977,18.90999985,5.480000019,6.679999828,53.99000168,461.0,29.09000015,35.61999893,96.40000153,36.72000122,154.2899933,97.19999695,37.02000046,5.296000004,12.1619997,10.84500027,25.23999977,27.11000061,12.25,42.15000153,206.5599976,159.71,11.05000019,79.90000153,3.353,16.54999924,76.23000336,14.25,42.08000183,10.02000046,359.2,38.81999969,29.17000008,203.3999939,29.0,37.50999832,197.7200012,28.81999969,101.0299988
999,11.60000038,20.20999908,5.829999924,6.769999981,53.20999908,458.0,29.10000038,35.16999817,94.38999939,35.02999878,152.3399963,96.38999939,36.56000137,5.287000179,12.1619997,10.57499981,25.06999969,27.07999992,11.98999977,42.13999939,199.6199951,163.29,10.92000008,79.30000305,3.412,16.28000069,75.66999817,14.15999985,42.33000183,9.989999771,365.2,37.84999847,28.77000046,205.1499939,28.94000053,37.18000031,190.2200012,28.29999924,99.83999634
1000,11.60000038,20.20999908,5.829999924,6.769999981,53.20999908,458.0,29.10000038,35.16999817,94.38999939,35.02999878,152.3399963,96.38999939,36.56000137,5.287000179,12.1619997,10.57499981,25.06999969,27.07999992,11.98999977,42.13999939,199.6199951,163.29,10.92000008,79.30000305,3.412,16.28000069,75.66999817,14.15999985,42.33000183,9.989999771,365.2,37.84999847,28.77000046,205.1499939,28.94000053,37.18000031,190.2200012,28.29999924,99.83999634
1001,11.30000019,19.92000008,5.769999981,6.71999979,53.79000092,443.0,29.20000076,35.79999924,96.16000366,35.86000061,154.5800018,97.30999756,37.15000153,5.388000011,12.20600033,10.88000011,24.92000008,27.34000015,11.84000015,41.81999969,204.6799927,175.7,11.06499958,80.59999847,3.5825,16.53000069,75.97000122,14.45499992,42.04000092,9.770000458,377.4,38.38000107,29.71999931,202.6000061,27.60000038,37.81999969,195.0,28.88999939,102.4499969
1002,11.27999973,20.42000008,5.679999828,6.650000095,53.79000092,443.0,29.69000053,37.02000046,99.70999908,41.25,159.3099976,94.76999664,37.08000183,5.480000019,12.46399975,10.85000038,25.12000084,27.92000008,12.10999966,40.68000031,209.25,170.55,11.10999966,79.55000305,3.54,16.81999969,75.36000061,14.63000011,43.56999969,10.0,371.8,38.93000031,30.43000031,202.3000031,29.26000023,38.11999893,197.8000031,29.18000031,107.0400009
1003,11.39999962,20.5,5.699999809,6.75,53.41999817,448.0,29.62999916,36.81999969,98.37000275,37.74000168,156.0700073,92.94999695,36.61000061,5.504000187,12.47799969,11.01000023,24.94000053,27.51000023,11.76000023,39.68000031,205.0099945,168.72,11.05500031,79.59999847,3.553,16.62000084,74.12999725,14.59500027,43.83000183,9.909999847,375.5,38.66999817,30.01000023,200.9499969,29.60000038,37.90000153,196.3600006,28.63999939,104.5899963
1004,11.5,20.06999969,5.769999981,6.760000229,51.97999954,449.0,29.05999947,36.47999954,96.41999817,38.45000076,154.5200043,91.55000305,36.45000076,5.506999969,12.45400047,11.13500023,24.96999931,27.45000076,11.68000031,39.20000076,210.1900024,168.84,11.09000015,79.0,3.559,16.38999939,73.80999756,14.63000011,43.65000153,9.630000114,374.45,38.95999908,29.62000084,200.1000061,29.63999939,37.41999817,195.0399933,28.29999924,103.4100037
1005,11.34000015,20.03000069,5.639999866,6.559999943,51.90999985,453.0,29.18000031,35.88000107,95.43000031,38.61999893,156.0599976,94.37000275,36.72999954,5.392000198,12.17199993,11.03499985,25.30999947,27.05999947,11.69999981,40.24000168,211.1000061,169.03,11.06999969,78.40000153,3.5875,16.79000092,75.69000244,13.76000023,43.70000076,9.699999809,377.25,37.45999908,28.96999931,192.75,28.21999931,37.88000107,188.4199982,28.73999977,103.5299988
1006,11.34000015,20.03000069,5.639999866,6.559999943,51.90999985,453.0,29.18000031,35.88000107,95.43000031,38.61999893,156.0599976,94.37000275,36.72999954,5.392000198,12.17199993,11.03499985,25.30999947,27.05999947,11.69999981,40.24000168,211.1000061,169.03,11.06999969,78.40000153,3.5875,16.79000092,75.69000244,13.76000023,43.70000076,9.699999809,377.25,37.45999908,28.96999931,192.75,28.21999931,37.88000107,188.4199982,28.73999977,103.5299988
1007,11.26000023,19.82999992,5.579999924,6.460000038,52.84999847,447.0,29.77000046,36.88000107,97.48000336,38.72000122,157.6499939,94.69000244,36.81999969,5.464000225,12.30799961,11.16499996,25.35000038,27.55999947,11.84000015,40.52000046,210.1399994,172.33,11.18500042,77.09999847,3.6185,16.88999939,75.44000244,13.81499958,45.22000122,9.979999542,383.25,38.15000153,29.72999954,186.6499939,28.57999992,38.40000153,189.5399933,28.93000031,105.8000031
1008,11.46000004,19.70000076,5.670000076,6.429999828,51.24000168,448.0,30.15999985,37.43000031,97.93000031,37.86999893,159.4900055,94.75,36.72999954,5.449999809,12.54599953,11.21500015,25.43000031,28.37999916,12.05000019,40.81999969,210.0099945,171.07,11.25,76.90000153,3.63,17.05999947,75.23999786,13.07999992,45.43999863,10.21000004,381.5,38.08000183,30.22999954,183.9499969,29.36000061,38.68999863,187.3999939,28.87000084,107.1200027
1009,11.73999977,19.63999939,5.610000134,6.349999905,51.08000183,459.0,30.70999908,37.68999863,99.75,39.09999847,160.8600006,96.26999664,37.83000183,5.507999897,12.67399979,11.38000011,25.59000015,28.10000038,12.19999981,41.15000153,215.3500061,170.95,11.31999969,76.90000153,3.747,17.25,76.11000061,13.46000004,44.63999939,10.39999962,385.45,38.72000122,30.67000008,185.5,29.29999924,39.70999908,188.4400024,29.27000046,108.9599991
1010,11.73999977,19.38999939,6.0,6.449999809,51.27999878,477.0,31.20999908,37.97999954,99.25,39.36000061,162.3899994,96.16000366,38.08000183,5.610000134,12.88599968,11.46000004,25.75,28.44000053,12.43999958,41.45000076,213.3200073,171.71,11.40499973,76.90000153,3.7405,17.29999924,76.58999634,13.97999954,45.13999939,10.52999973,386.15,39.27000046,31.01000023,185.5,31.02000046,38.90000153,198.3200073,29.40999985,109.4899979
1011,11.65999985,19.94000053,5.920000076,6.389999866,52.09000015,473.0,31.51000023,37.93999863,99.20999908,39.81000137,163.1600037,96.47000122,38.15000153,5.626999855,12.90600014,11.5,25.89999962,28.43000031,12.47000027,41.88999939,217.5,169.83,11.48499966,77.90000153,3.705,17.51000023,77.08000183,14.19499969,45.43000031,10.43000031,380.9,39.63999939,31.04999924,190.25,31.54000092,38.90999985,199.0,29.86000061,109.6600037
1012,11.65999985,19.94000053,5.920000076,6.389999866,52.09000015,473.0,31.51000023,37.93999863,99.20999908,39.81000137,163.1600037,96.47000122,38.15000153,5.626999855,12.90600014,11.5,25.89999962,28.43000031,12.47000027,41.88999939,217.5,169.83,11.48499966,77.90000153,3.705,17.51000023,77.08000183,14.19499969,45.43000031,10.43000031,380.9,39.63999939,31.04999924,190.25,31.54000092,38.90999985,199.0,29.86000061,109.6600037
1013,11.93999958,20.29000092,6.0,6.400000095,53.54000092,482.0,30.44000053,39.74000168,108.4199982,39.91999817,169.9499969,95.08999634,39.00999832,5.602000237,13.43200016,11.39500046,26.11000061,30.42000008,12.81999969,41.81000137,208.4900055,170.38,11.35999966,77.5,3.7775,17.65999985,76.66999817,13.92500019,45.16999817,10.92000008,390.9,39.72999954,33.02000046,193.9499969,33.43999863,39.70000076,202.1499939,29.85000038,116.1299973
1014,12.30000019,19.94000053,6.170000076,6.639999866,51.63000107,489.0,30.37000084,39.33000183,106.3000031,39.45000076,169.0399933,96.23000336,38.88999939,5.585000038,13.31000042,11.57499981,26.15999985,29.35000038,12.75,41.86000061,208.1399994,172.55,11.42500019,77.5,3.8235,17.47999954,77.16000366,13.64999962,45.54000092,10.76000023,390.0,39.18000031,32.38000107,193.9499969,33.13999939,39.99000168,197.3999939,29.67000008,115.0199966
1015,12.30000019,19.94000053,6.170000076,6.639999866,51.63000107,485.0,30.45000076,39.88999939,107.75,38.31999969,169.8800049,98.83999634,39.25,5.662000179,13.43400002,11.625,26.32999992,29.29999924,12.76000023,42.93000031,201.6100006,173.86,11.70499992,77.15000153,3.8235,17.70999908,78.33000183,13.32999992,45.31999969,10.86999989,389.7,39.74000168,32.0,194.6000061,32.86000061,40.54000092,197.5,29.94000053,116.9899979
1016,12.19999981,19.77000046,6.179999828,6.610000134,51.22999954,496.0,30.44000053,39.50999832,106.2600021,37.90000153,167.6499939,99.73999786,38.97999954,5.848999977,13.53999996,11.71500015,26.37999916,28.71999931,12.51000023,43.06000137,204.5099945,171.6,11.76000023,77.69999695,3.834,17.70999908,78.97000122,13.32999992,44.95000076,10.68999958,389.8,40.52000046,31.61000061,195.25,32.84000015,40.72999954,197.5,29.64999962,115.0500031
1017,12.19999981,20.12999916,6.150000095,6.559999943,50.61000061,486.0,30.44000053,39.50999832,106.2600021,37.90000153,167.6499939,99.73999786,38.97999954,5.848999977,13.53999996,11.71500015,26.37999916,28.71999931,12.51000023,43.06000137,204.5099945,173.09,11.76000023,77.69999695,3.827,17.70999908,78.97000122,13.32999992,44.95000076,10.68999958,391.7,40.52000046,31.61000061,195.25,32.84000015,40.72999954,197.5,29.64999962,115.0500031
1018,12.19999981,20.12999916,6.150000095,6.559999943,50.61000061,486.0,30.44000053,39.50999832,106.2600021,37.90000153,167.6499939,99.73999786,38.97999954,5.848999977,13.53999996,11.71500015,26.37999916,28.71999931,12.51000023,43.06000137,204.5099945,173.09,11.76000023,77.69999695,3.827,17.70999908,78.97000122,13.32999992,44.95000076,10.68999958,391.7,40.52000046,31.61000061,195.25,32.84000015,40.72999954,197.5,29.64999962,115.0500031
1019,12.19999981,20.48999977,6.460000038,6.590000153,50.40000153,490.0,30.28000069,39.70000076,105.9499969,38.77000046,168.2899933,99.12999725,39.06999969,5.848999977,13.53999996,11.71500015,26.54000092,28.84000015,12.51000023,43.25999832,212.0299988,174.54,11.76000023,77.80000305,3.923,17.75,78.43000031,13.32999992,44.95000076,10.89999962,393.5,40.52000046,31.85000038,195.6999969,32.84000015,40.79999924,197.5,29.84000015,114.5400009
1020,12.26000023,20.27000046,6.559999943,6.610000134,50.59999847,497.0,30.73999977,39.86000061,106.75,38.84999847,169.2200012,99.34999847,39.61000061,5.903999805,13.7840004,11.79500008,26.67000008,29.0,12.56000042,43.25999832,210.0299988,177.18,11.68500042,77.90000153,3.857,17.88999939,78.33999634,13.30000019,45.61000061,11.56999969,388.35,40.88999939,32.31000137,197.5500031,32.36000061,41.25,193.7200012,30.17000008,115.3499985
1021,12.31999969,20.64999962,6.829999924,6.71999979,48.68999863,496.0,30.79000092,40.20000076,107.5299988,37.88000107,169.8200073,99.41000366,39.70000076,5.992000103,13.66600037,11.88500023,26.82999992,29.37999916,12.61999989,43.08000183,207.8899994,178.75,11.76500034,78.0,3.8455,17.81999969,78.58999634,13.625,45.70999908,11.75,390.9,41.0,32.59999847,197.1000061,30.42000008,41.99000168,196.1799927,30.32999992,115.2300034
1022,12.52000046,21.11000061,6.78000021,6.739999771,49.11999893,489.0,31.32999992,40.45999908,109.0400009,39.02000046,172.0899963,99.13999939,40.04000092,5.756999969,13.86400032,11.86499977,26.82999992,29.52000046,12.76000023,42.88999939,211.2599945,178.73,11.66499996,77.19999695,3.898,17.77000046,78.84999847,13.17000008,45.52999878,11.89000034,390.1,40.77999878,32.65000153,196.3000031,31.28000069,42.54999924,193.8999939,30.5,115.7699966
1023,12.61999989,20.70999908,6.900000095,6.78000021,48.90000153,497.0,30.89999962,40.58000183,108.5,38.38999939,172.4400024,97.63999939,40.04000092,5.708000183,13.80200005,11.76000023,26.97999954,29.54000092,12.84000015,42.13000107,208.3999939,179.5,11.46500015,77.19999695,3.902,17.80999947,78.01999664,13.43999958,45.56999969,12.06000042,392.4,40.34000015,32.61000061,196.3000031,30.5,42.29000092,194.6399994,30.38999939,116.0500031
1024,12.61999989,20.70999908,6.900000095,6.78000021,48.90000153,497.0,30.89999962,40.58000183,108.5,38.38999939,172.4400024,97.63999939,40.04000092,5.708000183,13.80200005,11.76000023,26.97999954,29.54000092,12.84000015,42.13000107,208.3999939,179.5,11.46500015,77.19999695,3.902,17.80999947,78.01999664,13.43999958,45.56999969,12.06000042,392.4,40.34000015,32.61000061,196.3000031,30.5,42.29000092,194.6399994,30.38999939,116.0500031
1025,12.96000004,19.96999931,7.340000153,6.880000114,50.29999924,489.0,31.18000031,40.43000031,105.6100006,40.75,170.9199982,98.41000366,40.04999924,5.71999979,13.88000011,11.78499985,26.93000031,29.31999969,12.88000011,42.66999817,218.8899994,181.99,11.50500011,77.25,3.9565,17.78000069,78.54000092,13.31999969,44.88000107,12.10999966,395.85,40.58000183,32.31999969,196.9499969,30.28000069,42.33000183,192.6000061,30.31999969,114.6999969
1026,12.81999969,19.78000069,7.289999962,6.789999962,50.77999878,494.0,30.88999939,40.65000153,104.9499969,40.93000031,170.5200043,97.41000366,39.95000076,5.758999825,13.89000034,11.89500046,27.01000023,29.05999947,12.90999985,42.84999847,219.4799957,184.39,11.52000046,78.0,3.966,17.70000076,78.30000305,13.36499977,44.13999939,12.28999996,397.0,40.43000031,31.65999985,197.25,30.65999985,41.70999908,194.3800049,30.15999985,116.9400024
1027,12.61999989,19.87999916,7.190000057,6.809999943,49.97000122,491.0,30.96999931,40.06000137,105.2600021,39.88000107,170.6799927,98.40000153,39.75999832,5.809000015,13.75399971,11.95499992,26.76000023,28.51000023,12.68000031,43.04000092,218.1900024,182.01,11.69999981,78.55000305,3.9545,17.60000038,78.94000244,13.26500034,43.58000183,11.65999985,396.1,40.93000031,30.87000084,193.4499969,29.65999985,41.65000153,193.0399933,30.07999992,116.5699997
1028,12.5,20.45000076,7.320000172,6.809999943,48.29000092,489.0,30.84000015,39.86000061,103.7799988,40.29999924,169.8500061,98.22000122,39.36999893,5.840000153,13.58399963,12.0,26.69000053,28.57999992,12.67000008,43.0,215.5299988,181.74,11.82499981,78.19999695,3.969,17.35000038,78.75,13.19999981,43.70999908,11.76000023,396.5,40.90000153,30.61000061,196.3999939,28.73999977,41.59000015,187.3000031,29.82999992,115.6399994
1029,12.39999962,19.09000015,7.289999962,6.71999979,47.54000092,505.0,31.29999924,39.63999939,102.2600021,39.83000183,169.1199951,98.36000061,39.31000137,5.931000233,13.76599979,12.04500008,26.80999947,28.44000053,12.77000046,43.22000122,216.8899994,181.72,11.83500004,78.25,3.968,17.37000084,78.98999786,13.13000011,43.77000046,11.60000038,398.75,41.04999924,30.44000053,195.6999969,28.63999939,41.20999908,187.8999939,29.93000031,116.0100021
1030,12.35999966,18.68000031,7.320000172,6.760000229,46.59999847,500.0,31.57999992,40.09999847,103.6500015,40.02000046,171.4799957,98.90000153,39.41999817,6.027999878,13.81799984,11.97000027,26.81999969,28.92000008,12.68999958,43.45000076,209.8999939,181.56,11.81999969,78.25,3.997,17.62000084,79.04000092,12.85000038,44.09999847,11.94999981,400.4,41.09000015,30.57999992,195.8500061,28.39999962,40.54999924,188.8000031,30.32999992,118.1999969
1031,12.42000008,18.90999985,7.619999886,6.789999962,45.40999985,490.0,31.22999954,39.56999969,102.0899963,39.11000061,168.9900055,99.73999786,39.24000168,6.056000233,13.61400032,11.89999962,26.63999939,28.29999924,12.52999973,43.61000061,210.5299988,178.93,11.82999992,78.44999695,4.008,17.40999985,77.81999969,12.31499958,43.90000153,11.81999969,396.45,41.56999969,29.87000084,197.6499939,27.39999962,40.68999863,184.9600067,29.93000031,116.5199966
1032,12.5,18.14999962,7.539999962,6.739999771,48.5,479.0,30.47999954,39.41999817,100.4700012,37.59000015,165.9799957,98.34999847,39.11999893,6.090000153,13.74600029,12.0,26.62999916,28.15999985,12.47999954,42.79000092,199.5099945,178.38,11.84000015,78.44999695,4.0905,17.20999908,74.06999969,12.0,43.45000076,11.73999977,395.75,41.59999847,29.28000069,198.1999969,27.23999977,40.27000046,179.6999969,29.44000053,115.4499969
1033,12.42000008,17.95000076,7.5,6.769999981,49.11000061,480.0,30.70999908,39.34000015,101.2300034,37.63999939,166.9499969,99.47000122,39.31000137,6.164999962,13.48200035,11.95499992,26.29999924,28.01000023,12.78999996,42.77999878,200.8300018,183.95,11.82999992,80.44999695,4.0785,17.31999969,75.84999847,14.03499985,43.38000107,11.5,398.25,42.43999863,30.38999939,198.5,26.70000076,40.59000015,185.9600067,29.80999947,116.8300018
1034,12.80000019,18.59000015,7.889999866,6.900000095,49.20000076,487.0,31.0,40.27999878,102.8899994,37.41999817,168.5800018,98.87999725,39.75999832,6.198999882,13.74600029,12.00500011,26.30999947,28.73999977,12.88000011,42.43999863,182.5800018,181.13,11.77999973,81.40000153,4.07,17.14999962,76.62999725,14.60499954,43.93999863,10.61999989,393.8,42.54999924,31.31999969,201.1000061,27.95999908,41.54000092,186.4600067,30.26000023,118.3399963
1035,12.80000019,18.59000015,7.889999866,6.900000095,49.20000076,487.0,31.0,40.27999878,102.8899994,37.41999817,168.5800018,98.87999725,39.75999832,6.198999882,13.74600029,12.00500011,26.30999947,28.73999977,12.88000011,42.43999863,182.5800018,181.13,11.77999973,81.40000153,4.07,17.14999962,76.62999725,14.60499954,43.93999863,10.61999989,393.8,42.54999924,31.31999969,201.1000061,27.95999908,41.54000092,186.4600067,30.26000023,118.3399963
1036,12.80000019,18.59000015,7.889999866,6.900000095,49.20000076,494.0,30.88999939,40.00999832,102.5299988,36.93000031,167.2400055,99.08999634,39.56000137,6.198999882,13.74600029,12.00500011,26.29999924,28.64999962,12.90999985,43.18000031,180.8500061,181.13,11.77999973,81.40000153,4.07,17.10000038,76.80000305,14.60499954,43.93999863,10.51000023,393.8,42.54999924,30.84000015,201.1000061,27.95999908,41.59000015,186.8600006,30.36000061,114.6699982
1037,12.64000034,18.59000015,7.889999866,6.900000095,49.20000076,486.0,30.21999931,36.77999878,98.63999939,36.06999969,160.0399933,97.59999847,38.56000137,6.09800005,13.17000008,11.98499966,26.11000061,27.54999924,12.68999958,42.56999969,176.3999939,177.97,11.75500011,82.15000153,4.0645,16.68000031,75.94000244,14.19999981,43.38999939,10.11999989,390.0,41.83000183,29.20999908,201.75,26.5,40.5,186.7599945,29.29999924,110.0999985
1038,12.22000027,18.59000015,7.889999866,6.900000095,49.20000076,486.0,29.79000092,36.45999908,96.08999634,36.16999817,156.8300018,97.33000183,38.86000061,6.098999977,13.03800011,12.01000023,25.62000084,26.98999977,12.65999985,42.33000183,174.3300018,172.87,11.72999954,82.69999695,3.878,16.55999947,75.38999939,13.90499973,42.97000122,10.13000011,378.0,41.68000031,28.61000061,203.8000031,26.26000023,40.83000183,185.8000031,28.95999908,107.9300003
1039,12.38000011,18.54999924,8.010000229,7.159999847,48.45999908,486.0,29.53000069,36.11000061,97.36000061,35.86000061,156.2200012,98.11000061,39.27000046,6.086999893,12.97399998,12.10000038,25.27000046,27.72999954,12.60999966,42.56000137,171.5899963,173.66,11.84500027,83.30000305,3.989,16.63999939,75.51000214,14.13500023,42.24000168,10.27000046,379.95,42.15999985,28.51000023,203.8500061,25.57999992,40.86999893,189.3800049,29.10000038,106.0400009
1040,12.34000015,18.63999939,7.96999979,7.090000153,47.5,486.0,31.46999931,37.13000107,100.3700027,37.22000122,160.2100067,99.36000061,39.90999985,6.162000179,13.56999969,12.10999966,25.60000038,29.54000092,12.35999966,42.84999847,178.6000061,172.09,11.80000019,82.80000305,3.9615,17.04000092,75.51000214,14.52999973,42.45000076,10.81999969,378.65,41.47000122,29.64999962,200.1499939,26.34000015,41.79999924,189.3800049,30.18000031,108.6800003
1041,12.34000015,18.63999939,7.96999979,7.090000153,47.5,486.0,31.46999931,37.13000107,100.3700027,37.22000122,160.2100067,99.36000061,39.90999985,6.162000179,13.56999969,12.10999966,25.60000038,29.54000092,12.35999966,42.84999847,178.6000061,172.09,11.80000019,82.80000305,3.9615,17.04000092,75.51000214,14.52999973,42.45000076,10.81999969,378.65,41.47000122,29.64999962,200.1499939,26.34000015,41.79999924,189.3800049,30.18000031,108.6800003
1042,13.06000042,18.68000031,8.579999924,7.230000019,45.84999847,489.0,31.48999977,37.02999878,100.9000015,37.06999969,159.5800018,98.90000153,39.65999985,6.118999958,13.64400005,12.10000038,25.36000061,29.62999916,12.32999992,42.77000046,177.4600067,170.84,11.80000019,83.25,3.9575,16.89999962,76.05999756,14.54500008,42.04999924,10.85999966,381.1,41.34999847,30.0,202.6999969,26.34000015,41.93000031,193.3399963,29.55999947,109.1100006
1043,12.93999958,18.29999924,8.090000153,7.090000153,45.86000061,496.0,31.76000023,36.99000168,101.5299988,36.06000137,159.1199951,98.05000305,39.84000015,6.111999989,13.52000046,12.28999996,25.52000046,29.44000053,12.5,42.61999893,178.0,170.84,11.78999996,84.0,3.9575,16.85000038,75.58000183,14.11499977,39.68000031,11.01000023,381.1,42.04000092,29.65999985,203.3000031,26.10000038,41.99000168,194.3999939,29.45000076,109.1399994
1044,12.96000004,18.11000061,7.769999981,7.119999886,45.90999985,492.0,31.62000084,36.75,100.4700012,36.56999969,157.0899963,99.13999939,39.70999908,6.092999935,13.43200016,12.09500027,25.75,29.19000053,12.44999981,42.91999817,180.7400055,175.53,11.77499962,84.25,4.0795,16.79000092,76.88999939,14.40999985,40.04000092,11.10999966,392.1,41.81000137,29.29999924,204.1499939,24.97999954,41.66999817,201.6499939,29.15999985,107.7399979
1045,12.81999969,18.0,7.630000114,7.159999847,45.77000046,486.0,31.56999969,35.97000122,99.88999939,36.79999924,156.2200012,97.33000183,39.47999954,6.044000149,13.19400024,11.96500015,25.76000023,27.75,12.34000015,42.47999954,183.1900024,174.13,11.77000046,83.94999695,4.128,16.70000076,76.09999847,14.36999989,39.31000137,11.31000042,391.65,41.75999832,28.82999992,206.3000031,24.26000023,41.40000153,193.1000061,29.0,105.7900009
1046,12.61999989,18.10000038,7.5,7.159999847,44.29000092,499.0,31.80999947,35.81000137,99.43000031,36.00999832,156.6199951,97.44999695,38.43999863,6.058000088,13.38599968,12.06999969,25.92000008,27.88999939,12.31999969,41.75,231.6900024,173.95,11.86499977,83.55000305,4.1515,16.79999924,77.95999908,14.49499989,38.83000183,11.85999966,398.95,42.5,28.68000031,207.0500031,23.79999924,41.27999878,204.75,29.28000069,105.7799988
1047,12.61999989,18.10000038,7.5,7.159999847,44.29000092,499.0,31.80999947,35.81000137,99.43000031,36.00999832,156.6199951,97.44999695,38.43999863,6.058000088,13.38599968,12.06999969,25.92000008,27.88999939,12.31999969,41.75,231.6900024,173.95,11.86499977,83.55000305,4.1515,16.79999924,77.95999908,14.49499989,38.83000183,11.85999966,398.95,42.5,28.68000031,207.0500031,23.79999924,41.27999878,204.75,29.28000069,105.7799988
1048,12.88000011,18.27000046,7.46999979,7.019999981,46.58000183,510.0,32.25999832,36.18999863,100.2900009,35.36000061,157.1999969,96.33000183,38.63999939,6.018000126,13.34599972,12.06000042,25.94000053,28.31999969,12.51000023,40.75999832,221.5899963,179.04,11.84000015,84.19999695,4.2,16.70000076,77.54000092,14.44499969,38.43999863,11.68999958,407.85,42.45000076,29.06999969,208.1499939,23.45999908,41.56999969,206.5500031,29.10000038,105.0699997
1049,12.93999958,18.62000084,7.519999981,7.010000229,48.99000168,522.0,31.87999916,35.54000092,98.06999969,36.13000107,153.5099945,94.01000214,37.13000107,6.019999981,13.22999954,12.01000023,25.89999962,27.54000092,12.46000004,39.36999893,212.8000031,177.05,11.84500027,87.0,4.199,16.29999924,75.83999634,14.68000031,38.36000061,11.77999973,410.75,42.29999924,28.14999962,211.3500061,22.60000038,40.22999954,209.9499969,28.64999962,102.5199966
1050,12.69999981,18.65999985,7.46999979,7.099999905,49.25,505.0,31.69000053,36.0,100.7099991,38.72000122,155.7100067,93.01999664,37.18999863,5.978000164,13.39599991,11.90999985,26.01000023,27.93000031,12.52999973,39.25999832,209.7599945,176.3,11.65999985,87.55000305,4.225,16.45000076,75.33999634,14.68000031,39.40000153,11.75,414.8,41.84000015,28.62999916,207.75,22.79999924,40.45000076,207.6499939,28.95000076,104.8199997
1051,12.81999969,18.5,7.710000038,7.070000172,47.34999847,481.0,31.34000015,35.95999908,100.7399979,40.18000031,154.0099945,92.80999756,37.04999924,5.901000023,13.34000015,11.09000015,26.07999992,27.54999924,12.72000027,39.38999939,206.2799988,175.26,11.50500011,86.0,4.289,16.52000046,75.09999847,14.68000031,39.40000153,11.71000004,414.1,41.20000076,28.51000023,204.6000061,24.47999954,40.06999969,207.6499939,29.20999908,105.7699966
1052,12.77999973,18.40999985,7.53000021,6.929999828,46.04999924,475.0,31.57999992,36.02999878,102.5999985,40.20999908,155.2299957,92.51000214,37.09000015,6.008999825,13.44999981,11.25500011,26.20000076,27.62000084,12.76000023,39.86999893,203.5299988,174.43,11.63000011,86.05000305,4.2605,16.52000046,74.48000336,15.14999962,37.95000076,11.71000004,413.65,41.15999985,28.72999954,205.8500061,24.79999924,40.25999832,207.6499939,29.23999977,106.2600021
1053,12.77999973,18.40999985,7.53000021,6.929999828,46.04999924,475.0,31.57999992,36.02999878,102.5999985,40.20999908,155.2299957,92.51000214,37.09000015,6.008999825,13.44999981,11.25500011,26.20000076,27.62000084,12.76000023,39.86999893,203.5299988,174.43,11.63000011,86.05000305,4.2605,16.52000046,74.48000336,15.14999962,37.95000076,11.71000004,413.65,41.15999985,28.72999954,205.8500061,24.79999924,40.25999832,207.6499939,29.23999977,106.2600021
1054,12.89999962,19.12999916,7.489999771,7.010000229,46.63999939,477.0,31.87000084,35.88999939,103.7300034,42.31999969,152.4400024,91.97000122,36.86999893,6.039000034,13.27000046,11.36499977,26.03000069,27.5,12.72999954,40.11999893,201.6900024,172.47,11.61999989,87.15000153,4.282,16.53000069,74.58000183,14.84500027,37.34999847,11.55000019,424.5,41.06000137,28.82999992,206.1999969,24.89999962,40.27000046,208.3500061,29.22999954,104.9700012
1055,12.80000019,18.65999985,7.349999905,6.869999886,46.5,475.0,31.55999947,36.18000031,104.3899994,43.29000092,156.8500061,90.75,36.70999908,6.031000137,13.36400032,11.44999981,26.05999947,27.90999985,12.76000023,40.43999863,200.8899994,166.59,11.64500046,89.0,4.268,16.54000092,74.16000366,14.99499989,37.38999939,11.78999996,424.8,40.88999939,29.12999916,206.8999939,25.0,40.09999847,202.3999939,29.37999916,106.4000015
1056,12.69999981,18.52000046,7.21999979,6.78000021,48.84999847,491.0,30.70999908,36.04000092,103.9800034,43.25999832,157.2700043,90.16000366,36.59999847,5.965000153,13.36800003,11.26000023,25.79000092,27.84000015,12.80000019,40.15000153,198.5500031,162.96,11.60000038,89.65000153,4.2655,16.5,74.23999786,14.39999962,36.65999985,11.97000027,436.0,40.31000137,28.90999985,207.1499939,25.39999962,39.88000107,199.4799957,29.27000046,107.5899963
1057,12.47999954,18.75,7.159999847,6.860000134,50.40999985,486.0,30.45000076,35.36000061,101.6900024,42.79999924,154.5599976,88.88999939,35.90999985,5.880000114,13.04599953,11.14999962,25.44000053,26.69000053,12.72999954,39.50999832,200.9400024,162.3,11.38500023,89.15000153,4.292,16.21999931,73.38999939,14.59000015,35.75,11.75,430.15,39.29999924,28.45000076,210.8000031,24.55999947,39.40000153,203.1000061,29.07999992,105.6600037
1058,12.47999954,18.80999947,7.110000134,6.980000019,48.16999817,477.0,31.06999969,35.54999924,101.8499985,43.56000137,154.0800018,88.69999695,35.88000107,5.953999996,13.19200039,11.14000034,25.47999954,26.53000069,12.64999962,39.38999939,201.7700043,164.48,11.48999977,90.19999695,4.3665,16.20999908,73.91999817,14.64000034,36.18999863,11.97000027,432.9,39.00999832,28.54000092,212.1999969,25.68000031,39.74000168,200.1000061,28.75,104.9700012
1059,12.47999954,18.80999947,7.110000134,6.980000019,48.16999817,477.0,31.06999969,35.54999924,101.8499985,43.56000137,154.0800018,88.69999695,35.88000107,5.953999996,13.19200039,11.14000034,25.47999954,26.53000069,12.64999962,39.38999939,201.7700043,164.48,11.48999977,90.19999695,4.3665,16.20999908,73.91999817,14.64000034,36.18999863,11.97000027,432.9,39.00999832,28.54000092,212.1999969,25.68000031,39.74000168,200.1000061,28.75,104.9700012
1060,12.39999962,19.57999992,7.619999886,7.090000153,40.29999924,480.0,31.06999969,35.54999924,101.8499985,43.56000137,154.0800018,88.69999695,35.88000107,5.956999779,13.2159996,11.19999981,25.47999954,26.53000069,12.64999962,39.38999939,201.7700043,163.6,11.46000004,90.05000305,4.175,16.20999908,73.91999817,14.64000034,36.22999954,11.97000027,440.45,39.0,28.54000092,217.0,25.68000031,39.74000168,200.1000061,28.75,104.9700012
1061,12.30000019,20.13999939,7.670000076,7.130000114,39.70999908,487.0,30.73999977,34.99000168,101.1999969,43.40000153,153.1199951,88.01000214,35.61000061,6.012000084,12.90600014,11.31499958,25.31999969,25.97999954,12.48999977,39.34000015,202.3999939,161.9,11.49499989,90.30000305,4.1225,16.14999962,72.69000244,14.23999977,36.33000183,11.72999954,434.5,38.99000168,28.54999924,216.8999939,25.13999939,39.27999878,200.6499939,28.55999947,104.0400009
1062,11.77999973,20.09000015,7.5,7.039999962,39.29999924,481.0,30.31999969,33.70999908,99.30000305,41.79999924,150.6199951,89.29000092,35.20000076,5.857999802,12.44999981,11.31000042,25.32999992,25.32999992,12.39999962,39.65000153,202.9600067,162.94,11.39999962,90.0,4.0855,16.11000061,73.45999908,14.06999969,35.36999893,11.53999996,450.1,39.11999893,28.0,213.5500031,24.84000015,38.93999863,198.3399963,28.65999985,102.1800003
1063,11.81999969,19.80999947,7.630000114,7.0,39.0,500.0,30.54000092,34.72000122,99.52999878,40.47999954,152.1600037,88.12000275,36.22000122,5.958000183,12.78800011,11.32499981,25.65999985,25.81999969,12.60000038,39.47999954,208.7400055,161.55,11.51000023,90.5,4.09,16.26000023,72.95999908,14.01000023,36.52000046,11.97999954,451.5,39.09000015,28.64999962,215.3000031,24.39999962,39.93000031,202.0500031,29.11000061,103.3600006
1064,12.14000034,19.89999962,7.650000095,6.929999828,38.81000137,522.0,31.37000084,35.65000153,102.3499985,39.54999924,156.2599945,89.68000031,37.43000031,6.046000004,13.1420002,11.31999969,25.93000031,26.88999939,12.88000011,39.68999863,206.7400055,162.58,11.57999992,89.80000305,4.076,16.75,73.84999847,13.76000023,37.36999893,12.23999977,458.95,39.33000183,29.22999954,215.6499939,25.78000069,41.13999939,204.3000031,30.22999954,105.7600021
1065,12.14000034,19.89999962,7.650000095,6.929999828,38.81000137,522.0,31.37000084,35.65000153,102.3499985,39.54999924,156.2599945,89.68000031,37.43000031,6.046000004,13.1420002,11.31999969,25.93000031,26.88999939,12.88000011,39.68999863,206.7400055,162.58,11.57999992,89.80000305,4.076,16.75,73.84999847,13.76000023,37.36999893,12.23999977,458.95,39.33000183,29.22999954,215.6499939,25.78000069,41.13999939,204.3000031,30.22999954,105.7600021
1066,12.19999981,19.79000092,7.71999979,6.840000153,36.97000122,503.0,31.82999992,35.34000015,102.0699997,40.04999924,155.5099945,90.16000366,37.31000137,5.997000217,13.10200024,11.28499985,25.95999908,27.26000023,12.89000034,39.97999954,203.6699982,162.47,11.56999969,89.25,4.0895,16.76000023,73.58999634,13.40999985,37.52999878,12.35000038,458.6,39.11000061,29.29000092,219.0500031,26.02000046,40.75999832,204.3000031,30.13999939,105.2900009
1067,12.22000027,19.45000076,7.659999847,6.699999809,36.24000168,495.7000122,31.80999947,35.29999924,101.9400024,39.88000107,155.7899933,89.75,37.68000031,6.050000191,12.98400021,11.25,25.98999977,26.94000053,12.90999985,39.75,196.8200073,163.16,11.68500042,89.40000153,4.0695,16.85000038,73.37999725,13.39999962,38.13000107,12.64999962,462.1,39.50999832,29.67000008,216.75,25.52000046,41.13000107,207.6499939,30.35000038,106.1500015
1068,12.19999981,19.60000038,7.659999847,6.710000038,35.97999954,493.2999878,31.95000076,35.70999908,104.8099976,39.31000137,159.8300018,91.56999969,37.90000153,6.012000084,13.07999992,11.36499977,26.21999931,27.86000061,12.89999962,40.34000015,191.7599945,164.65,11.52999973,90.84999847,4.082,17.22999954,74.16999817,13.61499977,38.88000107,13.01000023,459.85,39.25999832,30.29000092,218.4499969,26.62000084,41.65000153,207.1499939,31.39999962,108.5299988
1069,11.77999973,19.45000076,7.820000172,6.840000153,35.59999847,510.0,31.85000038,35.81000137,104.5400009,38.24000168,159.2400055,92.0,38.22000122,6.073999882,13.11600018,11.32999992,26.29999924,28.21999931,12.89000034,40.13000107,192.3300018,166.18,11.44499969,90.05000305,4.0675,17.31999969,74.90000153,13.30000019,38.49000168,13.14999962,458.15,39.18000031,30.26000023,220.6499939,25.73999977,41.74000168,202.0500031,31.70000076,108.1900024
1070,11.88000011,19.73999977,7.860000134,6.880000114,37.75,524.7999878,31.95999908,35.47000122,103.8899994,37.66999817,158.8600006,91.51999664,37.93999863,6.072999954,12.98400021,11.39999962,26.01000023,29.20999908,12.73999977,40.08000183,192.0,165.58,11.49499989,90.30000305,4.0575,17.03000069,74.06999969,13.63000011,38.90999985,13.76000023,463.5,39.83000183,30.30999947,221.1999969,25.71999931,41.43000031,198.6600037,30.38999939,107.3899994
1071,11.88000011,19.73999977,7.860000134,6.880000114,37.75,524.7999878,31.95999908,35.47000122,103.8899994,37.66999817,158.8600006,91.51999664,37.93999863,6.072999954,12.98400021,11.39999962,26.01000023,29.20999908,12.73999977,40.08000183,192.0,165.58,11.49499989,90.30000305,4.0575,17.03000069,74.06999969,13.63000011,38.90999985,13.76000023,463.5,39.83000183,30.30999947,221.1999969,25.71999931,41.43000031,198.6600037,30.38999939,107.3899994
1072,11.68000031,19.32999992,7.78000021,6.880000114,38.77000046,504.3999939,31.62999916,34.77000046,102.8199997,37.54999924,157.3300018,91.38999939,37.5,6.111000061,12.82999992,11.35999966,25.95000076,29.0,12.60999966,39.90999985,196.2400055,165.58,11.54500008,91.84999847,4.0575,16.88999939,73.98000336,13.47500038,39.06999969,13.97999954,463.5,39.66999817,29.72999954,220.9499969,25.02000046,40.88999939,197.0,30.55999947,106.4199982
1073,11.27999973,20.30999947,7.610000134,6.869999886,39.79999924,506.2000122,29.88999939,35.08000183,103.4100037,37.11999893,158.5099945,90.76000214,37.50999832,6.070000172,12.96000004,11.30000019,26.09000015,30.12999916,12.67000008,39.79999924,195.9900055,168.43,11.47000027,91.90000153,4.1085,17.03000069,74.34999847,13.52000046,40.95999908,13.27000046,479.85,39.63000107,30.03000069,221.8000031,25.28000069,40.90999985,194.3600006,30.47999954,106.4400024
1074,11.23999977,20.45000076,7.599999905,6.739999771,39.65000153,500.0,29.78000069,35.04999924,102.6699982,37.36999893,157.0899963,90.84999847,36.86000061,6.107999802,12.98600006,11.27499962,26.04000092,29.73999977,12.64999962,40.11999893,193.0299988,167.88,11.56999969,93.15000153,4.1025,16.89999962,73.40000153,13.53999996,40.97999954,13.89000034,478.4,39.95000076,29.79000092,224.1499939,25.13999939,40.83000183,195.4600067,30.20000076,105.1600037
1075,11.15999985,20.62000084,7.559999943,6.78000021,42.11000061,492.8999939,29.68000031,35.38000107,104.1500015,39.54999924,158.2799988,91.69000244,37.25,6.09800005,13.05000019,11.14999962,26.31999969,30.75,12.84000015,40.81999969,192.8800049,171.86,11.59000015,92.90000153,4.159,17.01000023,74.36000061,13.60000038,40.52999878,13.78999996,481.75,39.99000168,30.23999977,220.6000061,25.28000069,41.22000122,190.0200043,30.56999969,105.8899994
1076,11.23999977,21.31999969,7.579999924,6.78000021,42.63000107,506.8999939,29.38999939,35.34999847,104.9199982,41.31999969,157.2599945,92.18000031,37.47999954,6.111000061,12.97799969,11.42000008,26.38999939,30.12999916,12.81999969,41.20999908,188.9900055,169.87,11.81999969,92.15000153,4.1765,17.04000092,75.58999634,14.125,39.77000046,13.89999962,480.4,40.40999985,30.13999939,222.25,25.39999962,40.59000015,193.4600067,30.53000069,105.1299973
1077,11.23999977,21.31999969,7.579999924,6.78000021,42.63000107,506.8999939,29.38999939,35.34999847,104.9199982,41.31999969,157.2599945,92.18000031,37.47999954,6.111000061,12.97799969,11.42000008,26.38999939,30.12999916,12.81999969,41.20999908,188.9900055,169.87,11.81999969,92.15000153,4.1765,17.04000092,75.58999634,14.125,39.77000046,13.89999962,480.4,40.40999985,30.13999939,222.25,25.39999962,40.59000015,193.4600067,30.53000069,105.1299973
1078,11.34000015,21.06999969,7.519999981,6.760000229,42.77000046,506.2000122,29.38999939,35.34999847,104.9199982,41.31999969,157.2599945,92.18000031,37.47999954,6.09800005,12.98999977,11.33500004,26.38999939,30.12999916,12.81999969,41.20999908,188.9900055,170.19,11.70499992,91.90000153,4.1445,17.04000092,75.58999634,13.69999981,39.93999863,13.89999962,485.85,39.90000153,30.13999939,223.1499939,27.57999992,40.59000015,189.0800018,30.53000069,105.1299973
1079,11.23999977,20.89999962,7.369999886,6.840000153,42.88000107,500.7000122,29.25,35.06999969,102.0299988,38.74000168,153.6799927,90.94999695,36.88999939,6.100999832,12.81599998,11.41499996,26.11000061,30.12999916,12.75,40.74000168,186.1000061,169.64,11.94499969,91.90000153,4.1115,16.65999985,74.76000214,13.97999954,36.49000168,14.22999954,483.4,40.09999847,29.09000015,224.9499969,28.68000031,40.54999924,191.0200043,30.63999939,102.7200012
1080,11.15999985,20.76000023,7.519999981,6.78000021,42.25,506.5,29.45000076,35.43000031,103.6999969,38.06000137,154.8800049,91.65000153,36.93000031,6.044000149,13.06599998,11.36499977,26.20999908,30.06999969,12.77999973,40.90999985,184.5800018,170.2,11.82499981,92.0,4.116,16.63999939,75.77999878,13.59000015,35.59000015,14.93999958,481.35,40.43000031,29.62999916,224.3000031,28.79999924,40.65999985,188.0,30.81999969,103.8700027
1081,11.15999985,20.76000023,7.519999981,6.78000021,42.25,520.0,29.35000038,35.24000168,101.4300003,38.84000015,152.6399994,90.90000153,36.68999863,6.044000149,12.88599968,11.34500027,26.04000092,29.29999924,12.67000008,40.54000092,187.0800018,168.41,11.75500011,92.0,4.09,16.48999977,75.12999725,12.89500046,34.70000076,14.68000031,475.45,40.13999939,28.80999947,221.1000061,28.26000023,40.47000122,192.8399963,30.56999969,103.3000031
1082,11.03999996,20.76000023,7.519999981,6.78000021,42.25,552.7999878,29.29999924,34.81000137,100.4599991,36.93999863,151.3500061,89.72000122,36.18999863,6.05700016,12.79599953,11.36999989,25.78000069,28.37999916,12.5,39.86999893,184.5200043,165.8,11.67500019,89.30000305,4.021,16.31999969,74.16999817,11.96000004,34.70000076,14.09000015,467.55,39.72999954,28.43000031,218.3000031,28.07999992,39.25999832,180.0599976,30.59000015,102.4000015
1083,11.03999996,19.98999977,7.460000038,6.860000134,43.18000031,527.2000122,29.44000053,35.24000168,101.3099976,36.31000137,154.0099945,90.83999634,36.84999847,6.079999924,12.93799973,11.39000034,25.95999908,29.01000023,12.60000038,40.56999969,178.5500031,166.91,11.65999985,89.55000305,4.012,16.54000092,74.29000092,11.90999985,34.75999832,14.42000008,474.4,39.56000137,29.01000023,218.6000061,28.04000092,40.83000183,179.7400055,31.06999969,104.2900009
1084,11.23999977,20.43000031,7.730000019,6.880000114,42.0,519.2999878,29.45999908,34.84999847,100.7900009,36.36999893,153.5299988,90.51999664,36.74000168,6.137000084,12.74600029,11.40999985,26.07999992,28.76000023,12.64000034,40.81999969,182.7299957,166.45,11.78999996,89.34999847,4.02,16.79999924,73.91000366,11.77999973,34.61999893,14.23999977,475.85,39.86999893,28.84000015,219.25,27.65999985,40.52000046,176.9600067,31.37000084,104.5500031
1085,11.23999977,19.94000053,7.539999962,7.099999905,42.86000061,527.9000244,29.0,34.88999939,102.5100021,37.34000015,154.9199982,89.09999847,36.72000122,6.147999763,12.80200005,11.51000023,26.21999931,28.88999939,12.73999977,40.09000015,184.2200012,168.05,11.86999989,90.65000153,4.0465,17.01000023,73.44000244,12.15499973,35.29000092,14.18000031,477.05,40.06999969,29.03000069,218.0500031,27.73999977,40.38999939,180.0,32.02000046,105.4000015
1086,11.14000034,20.02000046,7.46999979,7.110000134,42.02999878,528.2000122,29.14999962,34.97000122,103.0599976,36.90000153,156.2400055,88.87999725,37.0,6.137000084,12.88799953,11.53499985,26.40999985,29.01000023,12.77000046,40.11000061,184.0099945,167.88,11.85499954,90.65000153,4.0425,17.20000076,72.80999756,12.56000042,34.84999847,14.32999992,482.1,39.81999969,29.17000008,218.0500031,27.5,39.88000107,179.6000061,32.52999878,106.6999969
1087,11.19999981,20.19000053,7.46999979,7.050000191,42.61000061,527.0999756,29.48999977,35.29000092,103.6100006,38.68999863,157.3500061,89.73999786,37.15000153,6.168000221,13.18200016,11.68000031,26.35000038,29.20999908,12.69999981,40.74000168,190.0899963,166.86,11.94999981,91.30000305,4.037,17.21999931,74.19999695,12.59000015,35.25999832,13.82999992,482.35,39.86999893,29.31999969,221.8500061,28.23999977,40.40999985,181.4600067,32.63000107,107.25
1088,11.19999981,20.19000053,7.46999979,7.050000191,42.61000061,527.0999756,29.48999977,35.29000092,103.6100006,38.68999863,157.3500061,89.73999786,37.15000153,6.168000221,13.18200016,11.68000031,26.35000038,29.20999908,12.69999981,40.74000168,190.0899963,166.86,11.94999981,91.30000305,4.037,17.21999931,74.19999695,12.59000015,35.25999832,13.82999992,482.35,39.86999893,29.31999969,221.8500061,28.23999977,40.40999985,181.4600067,32.63000107,107.25
1089,11.42000008,20.46999931,7.820000172,7.110000134,38.95000076,534.7000122,29.68000031,35.93000031,104.2300034,38.31999969,157.2100067,90.72000122,37.31999969,6.239999771,13.4119997,11.78999996,26.54000092,29.39999962,12.85000038,41.04999924,191.3899994,166.82,12.14500046,95.25,4.0225,17.25,74.37999725,12.76000023,35.88000107,13.97000027,478.05,40.36999893,29.68000031,221.8999939,29.0,40.68999863,181.3000031,32.72000122,107.4599991
1090,11.60000038,20.02000046,7.789999962,7.059999943,39.06999969,536.7999878,29.68000031,35.93000031,104.2300034,38.31999969,157.2100067,90.72000122,37.31999969,6.339000225,13.46399975,11.68999958,26.54000092,29.39999962,12.85000038,41.04999924,191.3899994,165.5,12.16499996,94.65000153,3.9875,17.25,74.37999725,12.60499954,35.86999893,13.97000027,473.4,40.31000137,29.68000031,220.6499939,29.39999962,40.68999863,183.1399994,32.72000122,107.4599991
1091,11.65999985,20.17000008,7.789999962,7.03000021,38.29000092,540.5,29.60000038,35.29999924,104.0199966,37.58000183,156.3099976,91.61000061,36.79000092,6.210000038,13.36999989,11.58500004,26.54000092,29.23999977,12.84000015,41.47999954,186.9499969,165.71,11.82999992,95.5,3.994,17.07999992,74.94999695,12.08500004,36.0,13.90999985,473.9,39.97000122,29.43000031,221.6999969,28.71999931,39.72000122,178.2599945,32.45999908,106.9100037
1092,11.57999992,19.77000046,7.75,7.190000057,38.25999832,542.5999756,28.97999954,34.79000092,100.3399963,37.16999817,152.8800049,90.55999756,36.27999878,6.038000107,13.0340004,11.43000031,26.35000038,28.31999969,12.80000019,41.06000137,183.1399994,166.36,11.68500042,98.59999847,3.971,16.86000061,73.01999664,11.66499996,35.52000046,13.51000023,476.75,39.38000107,28.43000031,229.6000061,27.52000046,39.18999863,175.9799957,32.36999893,102.9199982
1093,11.57999992,19.54000092,7.730000019,7.380000114,37.79000092,525.0999756,29.32999992,35.25,103.2300034,36.84000015,154.2200012,89.76999664,36.41999817,6.097000122,13.05200005,11.30500031,26.43000031,28.95000076,12.75,40.95999908,189.1399994,166.34,11.18500042,99.19999695,3.9705,16.92000008,72.05000305,12.13000011,35.65000153,13.60999966,482.4,39.04999924,29.22999954,228.0,28.39999962,39.13000107,176.8999939,32.72999954,103.1600037
1094,11.57999992,19.54000092,7.730000019,7.380000114,37.79000092,525.0999756,29.32999992,35.25,103.2300034,36.84000015,154.2200012,89.76999664,36.41999817,6.097000122,13.05200005,11.30500031,26.43000031,28.95000076,12.75,40.95999908,189.1399994,166.34,11.18500042,99.19999695,3.9705,16.92000008,72.05000305,12.13000011,35.65000153,13.60999966,482.4,39.04999924,29.22999954,228.0,28.39999962,39.13000107,176.8999939,32.72999954,103.1600037
1095,11.61999989,19.56999969,7.630000114,7.369999886,38.79999924,515.2999878,29.0,35.20999908,104.3499985,38.41999817,155.25,89.22000122,36.16999817,6.076000214,13.11999989,11.21500015,26.44000053,28.90999985,12.84000015,40.97999954,190.8200073,167.59,11.13000011,97.40000153,4.0055,16.95000076,71.70999908,12.05000019,35.27000046,13.60000038,477.45,38.61000061,29.22999954,225.0,28.78000069,39.0,176.1799927,32.90999985,104.6900024
1096,11.77999973,19.64999962,7.639999866,7.329999924,38.38000107,513.5999756,28.88999939,35.90999985,107.4400024,37.34999847,158.1199951,90.87999725,36.38999939,6.119999886,13.23400021,11.30000019,26.46999931,29.84000015,12.94999981,41.70999908,189.6199951,168.85,11.13000011,98.09999847,3.996,17.25,72.19000244,12.18500042,35.83000183,13.56000042,478.8,38.95000076,29.47999954,225.5,29.94000053,39.15999985,179.8200073,33.54999924,105.9700012
1097,12.06000042,20.19000053,7.78000021,7.389999866,38.59000015,510.1000061,29.56999969,36.31000137,109.3099976,38.47000122,159.6399994,92.36000061,36.84999847,6.230000019,13.5340004,11.46000004,26.59000015,30.14999962,12.98999977,42.04999924,194.9600067,170.3,11.24499989,97.90000153,4.084,17.54000092,73.47000122,12.43500042,35.90000153,13.60999966,487.05,39.09000015,29.70000076,226.3000031,29.29999924,39.15000153,184.8600006,34.11000061,106.4899979
1098,12.19999981,20.02000046,8.239999771,7.309999943,38.54999924,512.5,30.18000031,36.52999878,110.5500031,38.24000168,157.5099945,93.30999756,37.33000183,6.329999924,13.61999989,11.51000023,26.81999969,30.29999924,13.02999973,42.18000031,196.9499969,168.96,11.35000038,96.19999695,4.157,17.60000038,73.70999908,12.88500023,35.97999954,13.81999969,488.4,39.41999817,29.79999924,221.8500061,29.81999969,39.84999847,187.0399933,34.25999832,104.5400009
1099,12.26000023,19.54000092,8.239999771,7.199999809,37.31999969,501.2999878,29.82999992,35.52000046,107.0899963,36.93999863,153.5800018,93.01000214,36.77999878,6.237999916,13.42599964,11.49499989,26.54000092,29.22999954,12.89999962,42.02000046,191.3000031,169.7,11.31499958,96.59999847,4.1515,17.20999908,73.19999695,12.67000008,35.38999939,13.52999973,487.65,39.45000076,28.92000008,221.0500031,30.94000053,39.06999969,181.6799927,33.38000107,100.9400024
1100,12.26000023,19.54000092,8.239999771,7.199999809,37.31999969,501.2999878,29.82999992,35.52000046,107.0899963,36.93999863,153.5800018,93.01000214,36.77999878,6.237999916,13.42599964,11.49499989,26.54000092,29.22999954,12.89999962,42.02000046,191.3000031,169.7,11.31499958,96.59999847,4.1515,17.20999908,73.19999695,12.67000008,35.38999939,13.52999973,487.65,39.45000076,28.92000008,221.0500031,30.94000053,39.06999969,181.6799927,33.38000107,100.9400024
1101,12.26000023,20.54999924,8.130000114,7.210000038,36.74000168,501.2999878,29.62000084,35.31999969,106.4400024,38.08000183,153.4400024,91.77999878,36.47999954,6.230000019,13.29399967,11.375,26.68000031,29.37000084,12.97000027,41.77999878,206.7100067,170.63,11.22000027,97.34999847,4.177,17.12999916,72.66000366,12.56499958,35.56999969,13.5,489.3,39.22999954,28.70000076,223.5,33.75999832,38.50999832,182.5800018,33.00999832,101.3799973
1102,12.11999989,20.23999977,8.06000042,7.150000095,36.75,501.8999939,29.62999916,35.79000092,108.75,37.41999817,153.75,90.91000366,36.63000107,6.27699995,13.43000031,11.40999985,26.78000069,29.90999985,13.10999966,41.27999878,201.5700073,174.89,11.18000031,97.59999847,4.1735,17.28000069,72.05000305,13.93999958,36.0,13.39000034,490.15,39.11000061,29.25,221.5,33.79999924,38.38000107,185.7799988,33.34000015,100.9199982
1103,12.26000023,19.84000015,8.140000343,7.179999828,36.18999863,503.7000122,29.93000031,36.15000153,109.4800034,37.49000168,154.6900024,91.65000153,36.84000015,6.275000095,13.43000031,11.36499977,26.92000008,30.09000015,13.18000031,41.50999832,198.5800018,173.04,11.17000008,98.25,4.149,17.29000092,72.09999847,13.47999954,36.70000076,13.52999973,485.95,39.22999954,29.13999939,219.5,32.56000137,38.59000015,187.8200073,33.31999969,101.6200027
1104,12.26000023,19.25,8.020000458,7.059999943,36.06000137,503.2999878,29.60000038,36.54000092,111.6900024,37.61000061,156.3999939,93.19999695,37.27000046,6.294000149,13.53999996,11.47500038,26.89999962,30.65999985,13.19999981,42.00999832,198.5,169.92,11.35999966,98.75,4.0945,17.63999939,74.09999847,13.45499992,36.93000031,13.60000038,475.1,39.63999939,29.12000084,218.1499939,32.40000153,39.40999985,186.3999939,33.59999847,103.4100037
1105,12.23999977,19.17000008,8.010000229,7.070000172,35.79999924,511.5,30.02000046,36.70000076,112.8899994,37.58000183,158.6900024,94.77999878,37.40000153,6.335999966,13.64000034,11.58500004,26.84000015,30.87000084,13.14999962,42.54999924,197.9100037,171.19,11.52499962,99.34999847,4.139,17.79999924,75.90000153,13.90999985,37.25999832,13.93000031,483.2,40.06999969,29.47999954,217.3999939,32.41999817,39.52999878,187.3399963,33.84999847,103.8899994
1106,12.23999977,19.17000008,8.010000229,7.070000172,35.79999924,511.5,30.02000046,36.70000076,112.8899994,37.58000183,158.6900024,94.77999878,37.40000153,6.335999966,13.64000034,11.58500004,26.84000015,30.87000084,13.14999962,42.54999924,197.9100037,171.19,11.52499962,99.34999847,4.139,17.79999924,75.90000153,13.90999985,37.25999832,13.93000031,483.2,40.06999969,29.47999954,217.3999939,32.41999817,39.52999878,187.3399963,33.84999847,103.8899994
1107,12.06000042,18.10000038,7.960000038,7.139999866,35.34000015,525.0,29.93000031,37.18000031,114.7200012,37.70999908,161.8200073,94.76999664,37.72000122,6.195000172,13.80799961,11.59000015,27.06999969,31.36000061,13.27999973,42.83000183,197.6600037,171.98,11.47000027,99.84999847,4.1535,18.11000061,75.5,13.76500034,37.88999939,14.31999969,481.6,39.84999847,30.21999931,217.3500061,33.54000092,38.63999939,189.2799988,33.95999908,105.5199966
1108,12.34000015,17.57999992,8.029999733,7.059999943,36.38999939,523.7999878,29.86000061,37.22999954,116.1800003,37.38999939,162.5599976,95.29000092,37.47000122,6.197000027,13.71000004,11.55500031,27.13999939,31.44000053,13.21000004,43.02000046,200.0099945,171.86,11.42000008,99.0,4.165,18.05999947,75.44000244,13.84000015,37.81999969,14.56000042,489.15,39.93000031,30.36000061,219.4499969,34.11999893,36.83000183,191.7799988,33.97999954,105.6800003
1109,12.31999969,17.62999916,7.860000134,7.170000076,36.61000061,534.7000122,29.89999962,37.09999847,116.8300018,36.81999969,161.3399963,95.55999756,37.36000061,6.21999979,13.59000015,11.61499977,26.95000076,30.61000061,13.15999985,43.20000076,197.4100037,171.35,11.43000031,99.59999847,4.125,17.95000076,74.37000275,14.06000042,37.70000076,14.53999996,486.9,40.59999847,30.40999985,221.5,35.0,37.06999969,191.5399933,34.06999969,105.0899963
1110,12.38000011,17.04999924,7.869999886,7.239999771,36.38999939,552.7999878,29.63999939,36.65999985,115.7799988,36.25999832,159.6600037,94.44000244,36.77000046,6.31099987,13.72999954,11.60499954,26.93000031,30.06999969,13.14000034,41.95999908,198.8000031,172.0,11.51500034,98.59999847,4.1215,17.79999924,73.26999664,13.84500027,32.56999969,13.68999958,493.75,39.86000061,30.05999947,220.8999939,34.81999969,35.79000092,184.8999939,34.04999924,105.4199982
1111,12.42000008,17.01000023,7.96999979,7.28000021,37.93000031,545.7000122,29.37999916,36.70999908,115.9300003,36.59999847,158.8699951,93.33999634,36.41999817,6.275000095,13.65799999,11.51000023,26.45000076,29.89999962,13.25,41.70000076,208.3999939,171.44,11.43999958,95.25,4.1265,17.56999969,72.84999847,13.57999992,33.65000153,13.93000031,500.65,38.93000031,30.79999924,234.6499939,33.25999832,34.16999817,179.5,34.06000137,104.1600037
1112,12.42000008,17.01000023,7.96999979,7.28000021,37.93000031,545.7000122,29.37999916,36.70999908,115.9300003,36.59999847,158.8699951,93.33999634,36.41999817,6.275000095,13.65799999,11.51000023,26.45000076,29.89999962,13.25,41.70000076,208.3999939,171.44,11.43999958,95.25,4.1265,17.56999969,72.84999847,13.57999992,33.65000153,13.93000031,500.65,38.93000031,30.79999924,234.6499939,33.25999832,34.16999817,179.5,34.06000137,104.1600037
1113,12.57999992,17.11000061,7.920000076,7.309999943,37.63000107,565.0,29.14999962,37.29999924,117.7200012,36.15999985,163.6600037,93.62000275,36.79999924,6.271999836,13.88399982,11.50500011,26.51000023,30.68000031,13.28999996,41.86000061,207.3999939,174.33,11.35499954,93.75,4.1605,17.70999908,73.30000305,13.77499962,33.45999908,14.68000031,508.75,39.13000107,31.29000092,236.6999969,34.47999954,35.86999893,181.6399994,34.45000076,107.2399979
1114,12.72000027,17.20000076,8.079999924,7.289999962,37.16999817,590.0,28.20000076,36.95999908,117.3799973,35.97000122,162.3000031,92.15000153,36.36000061,6.210000038,13.77600002,11.48499966,26.70000076,30.46999931,13.27999973,41.47000122,202.6799927,173.21,11.16499996,94.0,4.2275,17.55999947,72.16999817,13.53499985,33.24000168,14.18999958,516.7,38.93999863,31.02000046,244.3999939,34.24000168,35.63999939,180.6600037,34.09999847,106.6200027
1115,12.38000011,17.09000015,7.630000114,7.179999828,37.00999832,563.9000244,26.75,36.02999878,115.5899963,35.09000015,159.7299957,92.52999878,36.20000076,6.076000214,13.5340004,11.23499966,26.56999969,29.82999992,13.14000034,41.5,194.2799988,174.07,10.91499996,93.84999847,4.2155,17.36000061,71.91000366,12.91499996,32.59000015,14.05000019,522.95,38.09999847,30.15999985,235.75,34.0,36.00999832,178.8000031,33.68000031,105.2900009
1116,12.18000031,16.93000031,7.579999924,7.340000153,37.25999832,572.7999878,26.39999962,36.45999908,114.9899979,34.54999924,159.6699982,90.37000275,35.99000168,6.006000042,13.66600037,11.03499985,26.65999985,30.53000069,12.84000015,40.5,196.2400055,177.1,10.75,93.5,4.2875,17.45999908,70.09999847,12.77999973,32.58000183,14.02999973,526.7,38.18000031,30.31999969,235.4499969,34.72000122,36.31000137,179.0599976,34.43999863,107.1200027
1117,12.27999973,16.80999947,7.619999886,7.309999943,37.65000153,570.7999878,26.76000023,36.79999924,113.7099991,34.59999847,159.3099976,89.45999908,35.93999863,5.94299984,13.72399998,11.10999966,26.52000046,31.01000023,12.75,39.91999817,194.3800049,173.46,10.78999996,92.30000305,4.155,17.36000061,69.16999817,12.79500008,32.59000015,13.52000046,521.95,38.45000076,30.70999908,235.6499939,35.20000076,36.0,179.8600006,34.36000061,107.4199982
1118,12.27999973,16.80999947,7.619999886,7.309999943,37.65000153,570.7999878,26.76000023,36.79999924,113.7099991,34.59999847,159.3099976,89.45999908,35.93999863,5.94299984,13.72399998,11.10999966,26.52000046,31.01000023,12.75,39.91999817,194.3800049,173.46,10.78999996,92.30000305,4.155,17.36000061,69.16999817,12.79500008,32.59000015,13.52000046,521.95,38.45000076,30.70999908,235.6499939,35.20000076,36.0,179.8600006,34.36000061,107.4199982
1119,12.60000038,16.72999954,7.690000057,7.460000038,37.43000031,560.4000244,26.69000053,37.04000092,114.4800034,34.22999954,159.8899994,89.66000366,35.99000168,5.93200016,13.67800045,11.0,26.47999954,30.89999962,12.93999958,39.97000122,195.6000061,172.52,10.76500034,92.84999847,4.15,17.37999916,68.63999939,12.27999973,32.97999954,13.47000027,524.6,38.29000092,30.87999916,232.8000031,34.54000092,35.79000092,177.6399994,34.47000122,107.1999969
1120,12.64000034,16.47999954,7.789999962,7.46999979,36.65000153,571.0,26.79999924,36.97000122,115.5899963,33.97000122,159.6499939,92.12999725,36.02000046,5.922999859,13.6260004,11.11499977,26.51000023,30.86000061,12.88000011,40.08000183,196.1000061,172.71,10.83500004,92.34999847,4.16,17.47999954,68.70999908,12.35000038,33.11000061,13.48999977,527.9,38.49000168,31.11000061,233.8999939,35.0,36.20000076,179.2200012,34.83000183,107.7300034
1121,12.77999973,16.04999924,7.800000191,7.320000172,36.91999817,574.2999878,26.42000008,37.41999817,116.4400024,34.54999924,159.8600006,92.81999969,36.49000168,6.006999969,14.06799984,10.94499969,26.63999939,32.54999924,12.97999954,40.25,203.6000061,174.51,10.80000019,93.90000153,4.1665,17.54999924,68.91999817,12.19999981,33.22999954,13.60000038,533.2,39.02000046,31.71999931,234.8999939,36.40000153,36.41999817,175.6000061,35.25999832,109.5599976
1122,13.0,16.09000015,7.920000076,7.349999905,37.38000107,581.0999756,26.43000031,37.08000183,115.8300018,34.11999893,160.8300018,92.91000366,36.45000076,6.096000195,14.1260004,11.10999966,26.63999939,31.70999908,13.06999969,40.18999863,205.0099945,176.65,10.94499969,93.84999847,4.192,17.54000092,68.29000092,12.10999966,33.04999924,13.68000031,535.2,38.56000137,31.55999947,237.1499939,36.54000092,36.29999924,168.4799957,35.06000137,110.1200027
1123,13.07999992,15.81000042,7.789999962,7.190000057,36.40999985,581.0999756,26.46999931,37.09999847,117.8099976,32.81999969,164.1499939,93.81999969,36.72000122,6.006000042,14.04800034,11.07999992,26.79999924,31.73999977,12.76000023,40.50999832,204.8699951,176.35,10.93500042,93.5,4.189,17.78000069,68.91999817,12.11999989,32.93999863,13.63000011,549.0,38.91999817,31.71999931,236.1999969,36.31999969,36.70000076,167.2400055,35.38000107,111.8300018
1124,13.07999992,15.81000042,7.789999962,7.190000057,36.40999985,581.0999756,26.46999931,37.09999847,117.8099976,32.81999969,164.1499939,93.81999969,36.72000122,6.006000042,14.04800034,11.07999992,26.79999924,31.73999977,12.76000023,40.50999832,204.8699951,176.35,10.93500042,93.5,4.189,17.78000069,68.91999817,12.11999989,32.93999863,13.63000011,549.0,38.91999817,31.71999931,236.1999969,36.31999969,36.70000076,167.2400055,35.38000107,111.8300018
1125,13.0,16.23999977,7.840000153,7.300000191,36.02000046,586.9000244,26.57999992,36.68000031,117.6900024,33.15999985,164.0299988,92.79000092,35.59000015,6.053999901,14.01399994,11.18999958,26.79000092,30.64999962,12.72000027,40.08000183,211.4299927,177.09,10.88000011,92.59999847,4.118,17.67000008,68.55999756,12.09500027,32.34000015,13.5,539.75,39.06999969,31.53000069,231.1499939,36.65999985,36.47000122,166.5,35.02999878,111.9199982
1126,12.80000019,16.10000038,7.840000153,7.360000134,34.91999817,600.9000244,26.11000061,36.06999969,115.5100021,32.11000061,159.2400055,91.44000244,34.72000122,6.053999901,14.01399994,10.96000004,26.57999992,30.54000092,12.56000042,39.59000015,199.8300018,176.16,10.64500046,92.59999847,4.131,17.36000061,67.34999847,11.95499992,33.13000107,13.43000031,546.3,38.75,31.04000092,231.1499939,35.45999908,35.75,163.0599976,34.75999832,108.1600037
1127,12.61999989,15.65999985,7.650000095,7.21999979,34.56999969,611.2999878,26.31999969,35.88999939,114.6399994,31.71999931,158.6300049,91.69999695,34.61000061,5.953000069,13.93000031,11.01500034,26.31999969,29.90999985,12.77000046,39.81000137,191.8899994,174.14,10.71000004,93.30000305,4.055,17.20999908,67.55999756,11.88500023,32.68999863,13.84000015,532.95,38.88000107,31.85000038,234.9499969,36.43999863,35.72000122,164.5599976,34.47000122,106.3399963
1128,12.73999977,15.69999981,7.690000057,7.25,35.20000076,605.2999878,26.12999916,36.09000015,116.7300034,31.10000038,159.75,90.69999695,34.86000061,5.883999825,13.97399998,11.14000034,26.37000084,30.45000076,12.89999962,39.95999908,183.4400024,174.14,10.56499958,92.25,4.107,17.34000015,67.51000214,11.51500034,32.45000076,13.73999977,544.45,38.47999954,32.63000107,232.5,36.77999878,35.63999939,158.5,34.61000061,108.4000015
1129,12.76000023,15.39000034,7.679999828,7.230000019,34.88000107,582.7999878,26.09000015,36.24000168,117.2900009,30.75,160.8999939,91.19999695,34.86999893,5.923999786,14.0340004,11.19499969,26.51000023,30.38999939,13.0,40.00999832,181.9100037,175.48,10.625,91.40000153,4.147,17.43000031,67.83000183,11.55500031,32.18999863,13.89000034,548.2,38.34999847,33.09999847,230.1000061,36.54000092,35.74000168,156.3800049,34.77000046,110.0400009
1130,12.76000023,15.39000034,7.679999828,7.230000019,34.88000107,582.7999878,26.09000015,36.24000168,117.2900009,30.75,160.8999939,91.19999695,34.86999893,5.923999786,14.0340004,11.19499969,26.51000023,30.38999939,13.0,40.00999832,181.9100037,175.48,10.625,91.40000153,4.147,17.43000031,67.83000183,11.55500031,32.18999863,13.89000034,548.2,38.34999847,33.09999847,230.1000061,36.54000092,35.74000168,156.3800049,34.77000046,110.0400009
1131,12.69999981,15.25,7.559999943,7.25,33.90000153,607.0,25.87999916,36.58000183,117.2099991,30.76000023,160.3600006,89.62999725,34.72999954,5.923999786,14.09000015,11.09000015,26.54999924,30.78000069,13.0,39.74000168,181.6999969,176.36,10.60000038,92.0,4.1555,17.36000061,67.08000183,11.43000031,32.31000137,13.68000031,547.45,38.16999817,32.72999954,239.3500061,37.54000092,35.72999954,154.1600037,34.83000183,108.7099991
1132,12.72000027,15.60000038,7.730000019,7.260000229,33.93999863,611.2000122,25.37000084,36.36999893,116.1500015,26.79000092,159.0399933,89.58999634,34.29999924,5.988999844,14.11400032,11.03499985,26.37999916,30.57999992,12.97000027,40.0,176.5,176.48,10.68000031,91.84999847,4.1605,17.25,67.51999664,11.64999962,33.27000046,13.52000046,549.5,38.54000092,32.54999924,243.5,38.20000076,35.29999924,158.4600067,34.63000107,108.0999985
1133,12.72000027,15.18000031,7.75,7.289999962,33.0,612.9000244,26.05999947,36.0,115.8099976,26.88999939,159.25,90.33999634,34.43999863,6.063000202,14.07400036,11.17000008,26.46999931,30.07999992,12.96000004,40.25,180.5800018,173.65,10.85000038,91.30000305,4.0955,17.26000023,67.88999939,11.91499996,33.16999817,14.53999996,534.5,38.77999878,32.84000015,245.6000061,36.88000107,35.45999908,161.6600037,34.70000076,107.1500015
1134,12.92000008,15.15999985,7.659999847,7.03000021,34.18999863,609.7999878,26.18000031,35.77000046,114.8000031,26.02000046,157.9400024,89.98999786,34.18000031,6.073999882,14.12800026,11.23499966,26.25,29.54999924,12.93999958,40.08000183,174.4199982,174.97,10.85499954,92.25,4.1185,17.22999954,67.22000122,11.52999973,33.25,14.48999977,539.8,38.97999954,32.56000137,249.75,36.04000092,35.09999847,165.4199982,34.52000046,106.3499985
1135,12.97999954,14.81999969,7.710000038,7.21999979,34.22000122,608.4000244,26.29999924,36.15000153,116.5199966,26.10000038,159.1199951,90.58000183,34.40000153,6.109000206,14.15400028,11.34500027,26.31999969,30.02000046,13.15999985,40.29999924,177.4499969,174.7,10.96500015,91.80000305,4.121,17.34000015,67.95999908,11.56999969,33.02999878,14.31000042,538.85,39.27000046,32.90999985,245.6000061,36.38000107,35.34000015,164.3600006,34.66999817,108.25
1136,12.97999954,14.81999969,7.710000038,7.21999979,34.22000122,608.4000244,26.29999924,36.15000153,116.5199966,26.10000038,159.1199951,90.58000183,34.40000153,6.109000206,14.15400028,11.34500027,26.31999969,30.02000046,13.15999985,40.29999924,177.4499969,174.7,10.96500015,91.80000305,4.121,17.34000015,67.95999908,11.56999969,33.02999878,14.31000042,538.85,39.27000046,32.90999985,245.6000061,36.38000107,35.34000015,164.3600006,34.66999817,108.25
1137,12.89999962,14.73999977,7.829999924,7.199999809,35.0,617.9000244,26.47999954,36.63999939,117.5199966,26.37000084,160.2100067,90.01999664,34.68999863,6.130000114,14.29800034,11.33500004,26.53000069,30.29999924,13.40999985,40.25,176.7599945,176.2,11.00500011,91.90000153,4.17,17.36000061,68.01999664,11.77999973,33.68000031,14.5,545.55,39.45000076,33.20999908,244.9499969,36.38000107,35.65999985,166.0200043,34.86999893,109.1600037
1138,13.07999992,15.39000034,7.75,7.150000095,35.61000061,650.7000122,26.73999977,37.09999847,117.6600037,27.64999962,159.9600067,90.29000092,35.06000137,6.206999779,14.35599995,11.43999958,26.80999947,30.84000015,13.52000046,40.5,181.6100006,178.69,11.24499989,91.90000153,4.212,17.45000076,67.51000214,11.81999969,34.08000183,14.57999992,558.3,39.93999863,33.91999817,246.8999939,36.59999847,36.02999878,169.1199951,34.88000107,109.8099976
1139,13.19999981,15.57999992,7.760000229,7.090000153,35.34999847,638.0999756,25.71999931,37.29000092,118.6999969,28.29000092,160.1799927,89.94999695,35.25999832,6.184999943,14.36800003,11.38000011,26.70999908,30.89999962,13.55000019,40.41999817,184.9600067,177.47,10.98499966,90.75,4.208,17.44000053,67.08999634,11.55000019,34.02999878,14.53999996,556.9,38.06000137,34.22000122,247.3500061,34.20000076,36.29000092,160.2400055,35.0,110.8799973
1140,13.38000011,15.46000004,7.75,7.199999809,33.97999954,640.0,25.42000008,37.18000031,119.0299988,28.01000023,161.1000061,88.80000305,35.08000183,6.210000038,14.2840004,11.38000011,26.61000061,30.56999969,13.47000027,40.11999893,189.1199951,177.99,10.96000004,89.09999847,4.192,17.21999931,66.80000305,11.68999958,33.77999878,14.05000019,556.15,38.06000137,33.88000107,245.1000061,35.0,36.11999893,158.9799957,34.52999878,111.1900024
1141,13.38000011,15.38000011,7.760000229,7.21999979,33.61000061,637.4000244,25.18000031,38.13000107,122.1399994,28.29000092,164.3000031,87.93000031,35.50999832,6.156000137,14.53800011,11.35499954,26.70999908,31.60000038,13.61999989,39.99000168,186.3699951,178.22,10.84000015,89.05000305,4.1995,17.13999939,66.87000275,11.39000034,34.06999969,14.48999977,559.15,37.88999939,34.15000153,255.3500061,37.24000168,36.40999985,165.7400055,34.68999863,113.5199966
1142,13.38000011,15.38000011,7.760000229,7.21999979,33.61000061,637.4000244,25.18000031,38.13000107,122.1399994,28.29000092,164.3000031,87.93000031,35.50999832,6.156000137,14.53800011,11.35499954,26.70999908,31.60000038,13.61999989,39.99000168,186.3699951,178.22,10.84000015,89.05000305,4.1995,17.13999939,66.87000275,11.39000034,34.06999969,14.48999977,559.15,37.88999939,34.15000153,255.3500061,37.24000168,36.40999985,165.7400055,34.68999863,113.5199966
1143,13.84000015,15.68000031,7.949999809,7.309999943,33.38999939,630.9000244,25.18000031,38.13000107,122.1399994,28.29000092,164.3000031,87.93000031,35.50999832,6.149000168,14.60200024,11.28999996,26.70999908,31.60000038,13.61999989,39.99000168,186.3699951,181.11,10.73499966,90.05000305,4.3335,17.13999939,66.87000275,11.42000008,33.81999969,14.48999977,567.25,37.13000107,34.15000153,259.1499939,38.09999847,36.40999985,162.6199951,34.68999863,113.5199966
1144,13.69999981,15.72000027,7.949999809,7.28000021,33.54999924,631.9000244,24.62000084,38.40000153,122.8300018,28.01000023,166.4600067,86.65000153,35.29000092,6.132999897,14.83399963,11.23499966,26.71999931,31.62000084,13.77999973,39.50999832,186.4799957,182.48,10.64000034,91.34999847,4.3375,17.06999969,66.19999695,11.27499962,33.66999817,14.80000019,574.4,36.56000137,34.36000061,258.4500122,39.0,36.34000015,157.1600037,34.43999863,113.5299988
1145,14.0,16.04999924,8.079999924,7.210000038,32.15999985,626.0,23.94000053,38.83000183,123.0699997,27.20999908,166.6300049,87.48999786,33.20999908,6.103000164,14.79199982,11.30500031,26.51000023,31.77000046,13.5,39.86000061,182.0899963,180.96,10.68999958,91.34999847,4.5435,16.62999916,65.69000244,10.80000019,34.02000046,14.93000031,578.8,37.04999924,34.45000076,257.5,37.95999908,35.54999924,154.6000061,33.84000015,114.5100021
1146,13.47999954,15.68000031,8.239999771,7.199999809,30.53000069,620.0,24.35000038,38.50999832,121.7099991,25.92000008,166.6399994,89.40000153,33.22000122,6.209000111,14.73999977,11.36999989,26.59000015,31.94000053,13.69999981,40.56999969,180.5,177.64,10.85999966,91.69999695,4.4405,16.59000015,66.25,10.42000008,33.79999924,14.56000042,564.6,37.18000031,34.18000031,263.7000122,37.79999924,35.47999954,150.1399994,34.18999863,113.9499969
1147,13.47999954,16.12000084,8.06000042,7.260000229,30.52000046,630.2999878,24.70000076,38.66999817,122.7200012,26.25,167.2100067,91.01999664,33.54000092,6.190999985,14.79800034,11.43999958,26.70000076,32.33000183,13.76000023,40.58000183,183.2100067,175.95,10.90999985,94.0,4.365,16.79999924,66.83000183,10.26000023,33.59999847,14.68000031,557.95,37.09999847,34.33000183,268.8500061,36.90000153,35.97000122,146.2599945,33.81999969,115.6100006
1148,13.47999954,16.12000084,8.06000042,7.260000229,30.52000046,630.2999878,24.70000076,38.66999817,122.7200012,26.25,167.2100067,91.01999664,33.54000092,6.190999985,14.79800034,11.43999958,26.70000076,32.33000183,13.76000023,40.58000183,183.2100067,175.95,10.90999985,94.0,4.365,16.79999924,66.83000183,10.26000023,33.59999847,14.68000031,557.95,37.09999847,34.33000183,268.8500061,36.90000153,35.97000122,146.2599945,33.81999969,115.6100006
1149,13.34000015,16.27000046,8.130000114,7.309999943,30.80999947,634.5,24.78000069,38.61000061,120.4400024,26.35000038,163.7599945,91.77999878,33.70999908,6.210000038,15.05200005,11.55000019,26.70999908,32.40000153,13.60000038,40.58000183,179.3699951,174.64,10.81499958,95.19999695,4.277,16.67000008,67.52999878,10.51000023,35.88000107,14.73999977,549.1,36.75999832,33.72999954,271.8999939,37.15999985,36.06999969,145.4799957,33.68999863,114.1600037
1150,13.11999989,16.05999947,8.100000381,7.369999886,31.03000069,642.7000122,24.97999954,38.09999847,123.0800018,27.46999931,166.8099976,92.12000275,34.13999939,6.198999882,15.10200024,11.55000019,26.85000038,32.59999847,13.65999985,40.56000137,180.9400024,177.62,10.80500031,91.55000305,4.351,17.12999916,67.73000336,10.52000046,35.0,14.81999969,562.0,36.36999893,34.63999939,262.7000122,37.68000031,36.36999893,143.2200012,34.15999985,117.4899979
1151,13.14000034,15.85999966,8.270000458,7.369999886,30.45999908,653.2999878,25.04000092,38.25999832,122.3099976,27.12999916,166.1999969,93.87999725,34.31999969,6.125999928,15.12199974,11.47999954,26.95999908,32.49000168,13.53999996,41.13000107,170.5,174.94,10.78499985,93.09999847,4.3055,17.15999985,68.43000031,10.43999958,34.61000061,14.81000042,555.15,36.18000031,34.38999939,265.0,35.56000137,36.43000031,150.8200073,34.25999832,116.4400024
1152,13.80000019,15.84000015,8.340000153,7.460000038,29.98999977,672.2999878,25.97999954,39.09999847,124.5,27.86000061,167.2299957,95.44999695,35.31999969,6.322000027,15.36999989,11.60999966,27.09000015,33.08000183,13.56999969,41.84000015,177.0,173.52,11.00500011,94.65000153,4.245,17.30999947,69.27999878,10.84500027,36.04000092,15.36999989,556.3,36.81999969,34.72999954,265.1000061,35.06000137,37.45999908,158.0200043,34.72000122,118.5199966
1153,13.73999977,15.75,8.289999962,7.349999905,30.03000069,696.5,26.25,38.75,123.5699997,27.34000015,166.5,95.18000031,35.09000015,6.284999847,15.33600044,11.64000034,27.01000023,32.72000122,13.59000015,41.65000153,174.0500031,173.79,11.08500004,91.94999695,4.334,17.06999969,68.63999939,10.64999962,36.27999878,15.19999981,562.8,36.68999863,35.09000015,263.9500122,34.95999908,37.45999908,156.7200012,34.34000015,116.6999969
1154,13.73999977,15.75,8.289999962,7.349999905,30.03000069,696.5,26.25,38.75,123.5699997,27.34000015,166.5,95.18000031,35.09000015,6.284999847,15.33600044,11.64000034,27.01000023,32.72000122,13.59000015,41.65000153,174.0500031,173.79,11.08500004,91.94999695,4.334,17.06999969,68.63999939,10.64999962,36.27999878,15.19999981,562.8,36.68999863,35.09000015,263.9500122,34.95999908,37.45999908,156.7200012,34.34000015,116.6999969
1155,13.73999977,15.96000004,8.229999542,7.400000095,30.36000061,696.5,26.18000031,38.56000137,124.4800034,26.68000031,167.2200012,94.95999908,35.02000046,6.236000061,14.97399998,11.58500004,27.04000092,32.68999863,13.77000046,41.49000168,167.7400055,172.8,11.05500031,92.59999847,4.2685,17.02000046,68.23999786,10.39999962,35.97999954,15.39000034,557.1,36.15000153,34.88000107,265.5499878,34.93999863,37.25999832,156.1000061,34.43000031,117.6399994
1156,13.77999973,15.56999969,8.319999695,7.440000057,29.67000008,698.9000244,26.0,38.81999969,123.1600037,26.84000015,167.1999969,93.83999634,34.95000076,6.224999905,15.30000019,11.77499962,26.98999977,32.95000076,13.81999969,41.06999969,169.1799927,168.93,11.13500023,92.59999847,4.218,16.93000031,67.58999634,10.375,35.70999908,15.27999973,544.0,36.29999924,34.81000137,265.5499878,34.47999954,37.22000122,156.4600067,34.29000092,117.3300018
1157,13.84000015,15.43999958,8.119999886,7.360000134,29.44000053,686.2999878,26.02000046,38.61999893,121.1699982,26.51000023,166.6900024,94.37000275,34.95000076,6.275000095,15.23600006,11.85499954,27.20999908,32.90000153,13.89999962,40.83000183,169.2400055,169.11,11.26000023,91.84999847,4.224,16.86000061,67.34999847,10.36999989,35.29999924,15.32999992,529.35,36.79999924,34.47999954,262.0,35.56000137,37.20999908,158.2799988,34.29000092,116.4000015
1158,13.69999981,15.31000042,7.989999771,7.360000134,29.12999916,721.0999756,25.23999977,38.11000061,119.0699997,26.17000008,165.1900024,93.41000366,34.29999924,6.086999893,15.01599979,11.65499973,27.25,32.15000153,13.71000004,40.45999908,166.2400055,165.85,11.01000023,92.75,4.1345,16.55999947,66.91000366,9.916000366,35.56000137,14.97999954,508.0,36.61999893,34.18999863,256.6499939,35.04000092,36.13999939,155.3800049,33.45000076,114.7600021
1159,13.72000027,15.63000011,8.109999657,7.28000021,30.27000046,703.2999878,25.54000092,38.43999863,119.1600037,25.80999947,166.2799988,93.33000183,34.52000046,6.045000076,15.23799992,11.52000046,27.38999939,32.11999893,13.81999969,40.20999908,162.4499969,166.7,10.96000004,92.25,4.2195,16.60000038,67.69999695,9.946000099,35.41999817,15.07999992,513.9,36.61000061,33.88000107,257.1000061,34.88000107,36.38999939,154.2400055,33.61999893,114.9400024
1160,13.57999992,15.46000004,8.0,7.320000172,29.70000076,706.0,25.80999947,38.75,121.0699997,25.20000076,168.7100067,93.30999756,34.45999908,5.974999905,15.21800041,11.50500011,27.40999985,32.36000061,14.01000023,40.29999924,164.3399963,165.87,10.77000046,91.94999695,4.2295,16.75,67.47000122,9.159999847,34.29000092,15.03999996,520.65,35.83000183,34.24000168,256.8999939,35.77999878,36.45000076,152.4400024,33.95999908,116.2300034
1161,13.39999962,15.44999981,7.980000019,7.320000172,29.44000053,706.0999756,25.82999992,38.63999939,120.1399994,25.13999939,167.8000031,91.12000275,33.68999863,5.947999954,15.17800045,11.40499973,27.20999908,32.04999924,13.85999966,39.15000153,161.3899994,165.36,10.81499958,92.0,4.2035,16.46999931,65.33999634,8.149999619,32.79000092,14.65999985,517.85,35.59000015,34.16999817,259.8500061,34.68000031,35.66999817,144.6399994,33.58000183,116.4100037
1162,13.60000038,15.42000008,8.0,7.309999943,30.32999992,691.2000122,23.92000008,39.47999954,123.0899963,24.95000076,171.0399933,90.08999634,33.63000107,5.850999832,15.37199974,11.25500011,27.37000084,33.04000092,13.94999981,38.79999924,158.6100006,165.53,10.63000011,90.40000153,4.23,16.65999985,59.95999908,8.454000473,32.72999954,14.93999958,529.95,34.81999969,35.13000107,259.75,35.24000168,36.06999969,146.2200012,34.09999847,120.1999969
1163,13.80000019,15.34000015,7.980000019,7.300000191,30.56999969,690.0999756,22.79999924,39.43000031,122.7200012,24.79000092,170.5899963,88.68000031,33.54000092,5.788000107,15.42000008,11.07999992,27.42000008,32.97999954,14.02000046,37.88000107,161.5,169.58,10.56999969,89.80000305,4.3255,16.67000008,57.08000183,8.163999557,32.41999817,14.84000015,535.7,34.68000031,35.22000122,258.0499878,34.38000107,34.59999847,148.5,34.40999985,119.4700012
1164,13.77999973,15.34000015,7.980000019,7.300000191,30.56999969,668.7999878,21.73999977,38.72000122,119.8000031,24.61000061,168.6199951,88.26000214,33.18999863,5.820000172,15.25599957,11.19999981,27.37000084,32.79000092,14.02999973,37.79000092,161.5899963,167.09,10.59500027,90.94999695,4.2925,16.57999992,57.29000092,8.394000053,32.13000107,14.98999977,537.0,35.15000153,34.38000107,262.2999878,34.34000015,34.40999985,151.5599976,33.68999863,117.5800018
1165,13.77999973,15.34000015,7.980000019,7.300000191,30.56999969,668.7999878,21.73999977,38.72000122,119.8000031,24.61000061,168.6199951,88.26000214,33.18999863,5.820000172,15.25599957,11.19999981,27.37000084,32.79000092,14.02999973,37.79000092,161.5899963,167.09,10.59500027,90.94999695,4.2925,16.57999992,57.29000092,8.394000053,32.13000107,14.98999977,537.0,35.15000153,34.38000107,262.2999878,34.34000015,34.40999985,151.5599976,33.68999863,117.5800018
1166,13.77999973,15.34000015,7.980000019,7.300000191,30.56999969,650.0,20.44000053,37.81999969,117.0999985,23.25,166.5399933,85.44000244,31.98999977,5.660999775,14.89999962,10.89500046,27.20000076,32.25999832,13.77999973,36.61000061,156.3399963,166.08,10.26500034,90.94999695,4.4455,16.15999985,52.15000153,8.211999893,31.02000046,14.68000031,535.55,34.04000092,33.5,262.2999878,33.43999863,33.40000153,147.0800018,32.93000031,115.6299973
1167,13.35999966,15.34000015,7.980000019,7.300000191,30.56999969,616.0,20.32999992,37.59999847,117.5999985,22.45000076,166.9299927,85.76000214,31.56999969,5.517000198,14.72799969,10.59000015,27.10000038,31.54000092,13.55000019,37.04999924,151.25,166.75,9.892000198,90.0,4.435,16.10000038,52.77999878,7.684000015,31.04999924,14.30000019,538.9,32.72999954,33.56000137,263.9500122,32.97999954,33.45999908,139.0599976,32.97000122,115.8300018
1168,13.18000031,15.34000015,7.980000019,7.300000191,30.56999969,579.0,20.87000084,36.31000137,113.3300018,21.87999916,163.0399933,86.12000275,31.37999916,5.55700016,14.49800014,10.71000004,26.98999977,30.79000092,13.34000015,37.40999985,151.8200073,165.4,10.01500034,89.09999847,4.3535,16.03000069,50.61999893,7.679999828,30.28000069,13.85999966,533.95,32.79999924,31.86000061,256.6499939,31.89999962,32.90000153,137.5800018,32.93000031,111.5
1169,13.11999989,15.34000015,7.980000019,7.300000191,30.56999969,594.2000122,21.17000008,36.40999985,113.4199982,21.54000092,163.8999939,85.48000336,31.75,5.553999901,14.43999958,10.78999996,26.93000031,31.02000046,13.35999966,37.40999985,145.3500061,166.06,10.13500023,89.65000153,4.3675,16.15999985,49.45000076,7.592000008,29.94000053,13.77999973,534.7,33.04000092,31.96999931,257.7999878,31.28000069,33.47999954,135.6000061,33.36000061,108.9899979
1170,13.10000038,15.34000015,7.980000019,7.300000191,30.56999969,596.0,21.30999947,37.27000046,115.3300018,21.88999939,162.2299957,86.91999817,31.81999969,5.600999832,14.64000034,10.69999981,26.95999908,31.51000023,13.46000004,38.08000183,148.5599976,166.59,10.14000034,89.75,4.4125,16.26000023,50.24000168,7.406000137,29.98999977,14.09000015,534.2,32.72999954,32.22000122,258.75,30.60000038,33.45000076,136.3000031,33.68000031,107.1699982
1171,13.10000038,15.34000015,7.980000019,7.300000191,30.56999969,596.0,21.30999947,37.27000046,115.3300018,21.88999939,162.2299957,86.91999817,31.81999969,5.600999832,14.64000034,10.69999981,26.95999908,31.51000023,13.46000004,38.08000183,148.5599976,166.59,10.14000034,89.75,4.4125,16.26000023,50.24000168,7.406000137,29.98999977,14.09000015,534.2,32.72999954,32.22000122,258.75,30.60000038,33.45000076,136.3000031,33.68000031,107.1699982
1172,13.39999962,15.40999985,7.909999847,7.360000134,30.65999985,596.0,20.95000076,38.38000107,121.8199997,22.20999908,166.7200012,88.23000336,32.36999893,5.604000092,14.97200012,10.85499954,27.09000015,33.36999893,13.68999958,38.70000076,143.8000031,167.06,10.23999977,87.44999695,4.437,16.76000023,49.31999969,7.647999763,30.29999924,14.71000004,552.5,33.09000015,33.75,250.0,33.40000153,33.93999863,139.4199982,34.36000061,110.9199982
1173,13.52000046,15.59000015,7.789999962,7.380000114,29.78000069,616.0,22.22999954,38.61999893,120.3899994,23.51000023,166.5399933,88.94000244,32.41999817,5.710999966,15.14999962,11.07499981,27.22999954,33.88999939,13.81000042,39.27999878,151.5599976,168.03,10.50500011,88.34999847,4.425,16.81999969,51.58000183,8.156000137,31.30999947,15.07999992,549.0,34.27000046,33.91999817,253.8999939,33.43999863,34.54000092,147.1799927,34.41999817,110.4499969
1174,13.65999985,14.03999996,7.659999847,7.260000229,30.0,636.2999878,22.48999977,38.65000153,120.0400009,23.55999947,161.1000061,89.87000275,32.81000137,5.781000137,15.08600044,11.04500008,27.37000084,33.47000122,13.76000023,40.04000092,151.5,167.89,10.63500023,89.69999695,4.3365,16.85000038,53.54000092,8.234000206,31.02000046,15.06999969,540.35,34.63000107,33.74000168,253.9499969,32.0,35.04999924,148.0599976,34.68999863,106.4899979
1175,13.52000046,14.06000042,7.670000076,7.389999866,30.29000092,637.4000244,21.73999977,39.29000092,121.1100006,22.65999985,161.2299957,88.02999878,32.54999924,5.754000187,15.29599953,10.85499954,27.44000053,33.66999817,13.77000046,39.83000183,149.3899994,169.5,10.57999992,90.30000305,4.4035,16.90999985,53.0,7.861999989,31.45999908,15.02000046,546.05,34.0,33.86999893,255.1499939,32.27999878,34.77000046,148.8999939,34.79999924,106.4700012
1176,13.52000046,13.72000027,7.670000076,7.400000095,29.53000069,639.4000244,20.98999977,40.00999832,124.8600006,22.31999969,164.0599976,88.68000031,32.72999954,5.72300005,15.49800014,10.97500038,27.62999916,34.43999863,13.82999992,39.95000076,147.9199982,170.2,10.56000042,90.84999847,4.419,17.11000061,54.49000168,7.605999947,30.81999969,15.43999958,561.85,34.04000092,34.20999908,254.1000061,33.0,35.06000137,148.3000031,35.18999863,109.8700027
1177,13.52000046,13.72000027,7.670000076,7.400000095,29.53000069,639.4000244,20.98999977,40.00999832,124.8600006,22.31999969,164.0599976,88.68000031,32.72999954,5.72300005,15.49800014,10.97500038,27.62999916,34.43999863,13.82999992,39.95000076,147.9199982,170.2,10.56000042,90.84999847,4.419,17.11000061,54.49000168,7.605999947,30.81999969,15.43999958,561.85,34.04000092,34.20999908,254.1000061,33.0,35.06000137,148.3000031,35.18999863,109.8700027
1178,13.53999996,13.47000027,7.800000191,7.480000019,29.02000046,630.0999756,21.0,40.22000122,125.3099976,22.64999962,165.3999939,89.45999908,33.15000153,5.743999958,15.47999954,11.0,27.62999916,34.45999908,13.89999962,40.16999817,151.2899933,172.55,10.51500034,90.90000153,4.4695,17.28000069,54.38000107,7.897999763,30.79000092,15.78999996,568.65,34.0,34.29999924,254.8000031,33.95999908,35.34000015,146.1399994,35.72999954,109.9499969
1179,13.53999996,13.59000015,7.929999828,7.510000229,28.68000031,639.7000122,21.29000092,40.81000137,125.4599991,22.82999992,167.5899963,88.95999908,32.59000015,5.742000103,15.53199959,10.99499989,27.67000008,34.52999878,13.84000015,40.06000137,158.0599976,171.97,10.47500038,91.84999847,4.4585,17.32999992,54.16999817,7.915999889,30.78000069,16.15999985,573.05,33.84000015,34.36000061,256.8999939,33.70000076,35.11000061,146.1399994,35.90000153,111.3899994
1180,13.73999977,13.56000042,7.980000019,7.5,28.47999954,642.7999878,21.07999992,40.72000122,126.5899963,22.19000053,168.9199982,88.19000244,32.18000031,5.701000214,15.64000034,10.97999954,27.68000031,34.72999954,13.93000031,39.90999985,153.1300049,170.18,10.38000011,90.75,4.4195,17.13999939,53.24000168,7.728000164,30.5,16.52000046,586.8,33.65999985,34.52999878,253.0500031,35.06000137,34.59999847,141.8999939,35.65000153,112.9499969
1181,13.47999954,13.38000011,7.739999771,7.369999886,28.93000031,644.5,21.20999908,40.33000183,126.3799973,21.77000046,169.1000061,87.77999878,32.09000015,5.68200016,15.45199966,10.90999985,27.56999969,34.49000168,14.02999973,39.77000046,151.9700012,170.38,10.40999985,90.65000153,4.4475,17.01000023,52.38999939,7.645999908,29.96999931,16.36000061,595.25,34.24000168,34.47000122,252.0,34.36000061,34.50999832,141.3600006,35.56999969,113.0199966
1182,13.43999958,13.27999973,7.690000057,7.340000153,28.85000038,636.2000122,21.45999908,39.61000061,124.0599976,20.68000031,166.8300018,87.02999878,31.81999969,5.646999836,15.39799976,10.89999962,27.48999977,34.0,14.0,39.29999924,150.7700043,171.39,10.36999989,90.30000305,4.4355,16.98999977,51.95999908,7.427999973,29.21999931,16.20999908,602.9,34.13000107,33.88999939,247.3999939,33.63999939,33.93000031,144.5599976,34.91999817,111.0800018
1183,13.43999958,13.27999973,7.690000057,7.340000153,28.85000038,636.2000122,21.45999908,39.61000061,124.0599976,20.68000031,166.8300018,87.02999878,31.81999969,5.646999836,15.39799976,10.89999962,27.48999977,34.0,14.0,39.29999924,150.7700043,171.39,10.36999989,90.30000305,4.4355,16.98999977,51.95999908,7.427999973,29.21999931,16.20999908,602.9,34.13000107,33.88999939,247.3999939,33.63999939,33.93000031,144.5599976,34.91999817,111.0800018
1184,13.43999958,12.88000011,7.570000172,7.139999866,28.36000061,634.4000244,22.28000069,38.90000153,121.3399963,20.82999992,160.6799927,86.33000183,32.11999893,5.690999985,15.43599987,10.92500019,27.54000092,33.50999832,13.77999973,38.40000153,151.3200073,170.39,10.29500008,87.94999695,4.519,16.97999954,51.52000046,7.131999969,29.22999954,15.35000038,593.3,33.99000168,33.50999832,238.25,33.52000046,34.02000046,141.9199982,34.84000015,109.4499969
1185,13.42000008,12.98999977,7.760000229,7.269999981,28.51000023,625.5999756,22.85000038,38.79000092,119.9499969,20.96999931,156.6499939,87.76000214,32.13000107,5.772999763,15.40600014,11.09500027,27.54999924,33.02999878,13.75,38.86000061,155.8999939,170.19,10.40999985,87.94999695,4.526,16.85000038,55.11999893,7.415999889,29.75,15.55000019,586.2,35.06999969,32.86000061,238.25,33.86000061,34.04000092,151.2799988,34.45999908,108.3899994
1186,13.03999996,13.26000023,7.329999924,7.190000057,28.43000031,630.7000122,22.37999916,39.06000137,120.4100037,20.40999985,155.8699951,88.15000153,32.25999832,5.751999855,15.42000008,11.10000038,27.45999908,33.36000061,13.68999958,39.0,151.3600006,169.62,10.52999973,87.59999847,4.5,16.79000092,56.45999908,6.880000114,29.21999931,15.60000038,590.5,35.31000137,33.22000122,236.6999969,35.18000031,34.34999847,147.7200012,34.45999908,108.5899963
1187,13.23999977,13.61999989,7.449999809,7.289999962,27.97999954,638.5,21.94000053,38.81999969,118.3099976,20.20999908,154.75,89.19999695,32.0,5.778999805,15.48200035,11.10999966,27.15999985,32.95999908,13.56999969,39.15000153,151.1499939,168.45,10.52499962,86.19999695,4.3735,16.70000076,57.56999969,7.099999905,31.89999962,15.46000004,583.0,35.45999908,32.66999817,234.3999939,33.81999969,34.22999954,159.8800049,34.58000183,107.5999985
1188,13.31999969,13.85999966,7.420000076,7.239999771,29.94000053,644.0999756,21.42000008,38.63999939,117.8000031,19.20999908,144.3500061,87.52999878,31.38999939,5.755000114,15.51000023,11.10999966,27.07999992,33.59000015,13.10999966,38.43000031,143.2599945,167.26,10.36999989,86.90000153,4.3785,16.37000084,56.24000168,7.147999763,32.52000046,15.32999992,594.6,35.56000137,32.47000122,238.1499939,33.79999924,33.83000183,153.1600037,34.04999924,105.5500031
1189,13.31999969,13.85999966,7.420000076,7.239999771,29.94000053,644.0999756,21.42000008,38.63999939,117.8000031,19.20999908,144.3500061,87.52999878,31.38999939,5.755000114,15.51000023,11.10999966,27.07999992,33.59000015,13.10999966,38.43000031,143.2599945,167.26,10.36999989,86.90000153,4.3785,16.37000084,56.24000168,7.147999763,32.52000046,15.32999992,594.6,35.56000137,32.47000122,238.1499939,33.79999924,33.83000183,153.1600037,34.04999924,105.5500031
1190,12.85999966,13.75,7.130000114,7.360000134,30.35000038,640.4000244,21.76000023,38.34999847,118.1399994,19.45000076,146.0899963,87.90000153,31.86000061,5.886000156,15.36400032,11.09000015,26.44000053,33.72999954,13.14999962,38.45000076,136.3200073,167.16,10.40499973,88.25,4.368,16.12999916,57.20000076,6.906000137,32.15999985,15.10999966,587.2,35.79999924,32.47999954,239.1000061,34.29999924,34.25999832,149.5599976,34.22999954,105.8799973
1191,12.68000031,13.78999996,7.119999886,7.420000076,29.87000084,637.0,20.95999908,36.58000183,118.8000031,19.97999954,145.7299957,88.88999939,32.04000092,5.987999916,15.42800045,11.22000027,26.04000092,33.36999893,13.14999962,38.93999863,142.4499969,167.88,10.5,89.69999695,4.2805,16.20000076,58.29999924,7.320000172,31.70999908,15.0,574.55,36.13000107,32.40000153,239.3500061,33.18000031,34.45000076,152.2599945,34.40000153,105.8499985
1192,12.89999962,13.64999962,7.159999847,7.46999979,28.94000053,643.5999756,21.54999924,36.09000015,116.6699982,19.44000053,143.9799957,89.54000092,32.40000153,6.032999992,15.47999954,11.39999962,25.96999931,33.22000122,13.14999962,39.52999878,142.8399963,170.08,10.53499985,92.44999695,4.2945,16.35000038,58.43000031,7.397999763,31.40999985,15.32999992,579.5,36.31000137,32.72000122,236.8999939,33.93999863,35.0,152.6799927,34.72000122,105.6399994
1193,12.96000004,13.40999985,7.25,7.409999847,28.29999924,675.0,23.35000038,36.86000061,122.0199966,21.06999969,148.7599945,89.88999939,33.50999832,6.113999844,15.70400047,11.40499973,26.37000084,33.75999832,13.64000034,40.70000076,147.5899963,168.18,10.75,95.05000305,4.249,16.89999962,59.90999985,8.192000389,32.25,15.68000031,586.25,36.56000137,34.18000031,244.8000031,34.24000168,36.22999954,158.2400055,35.79000092,109.1100006
1194,13.19999981,13.61999989,7.329999924,7.369999886,29.05999947,675.0,23.06999969,36.20000076,119.75,21.63999939,147.6100006,90.27999878,33.83000183,6.159999847,15.36600018,11.36999989,26.63999939,33.13999939,13.65999985,40.56000137,151.9400024,169.19,10.68000031,95.90000153,4.205,16.87000084,59.38000107,8.699999809,32.18999863,15.68000031,581.5,36.84000015,33.75,244.6000061,34.13999939,36.50999832,161.3000031,36.08000183,107.7799988
1195,13.19999981,13.61999989,7.329999924,7.369999886,29.05999947,675.0,23.06999969,36.20000076,119.75,21.63999939,147.6100006,90.27999878,33.83000183,6.159999847,15.36600018,11.36999989,26.63999939,33.13999939,13.65999985,40.56000137,151.9400024,169.19,10.68000031,95.90000153,4.205,16.87000084,59.38000107,8.699999809,32.18999863,15.68000031,581.5,36.84000015,33.75,244.6000061,34.13999939,36.50999832,161.3000031,36.08000183,107.7799988
1196,12.80000019,14.22000027,7.090000153,7.199999809,30.06999969,690.5999756,23.06999969,36.29999924,118.4700012,21.55999947,147.0,89.72000122,33.84999847,6.145999908,15.40400028,11.26500034,26.40999985,33.20999908,13.51000023,40.02000046,146.9700012,169.48,10.56999969,99.0,4.2705,16.67000008,59.04000092,8.536000252,32.5,15.71000004,588.95,36.83000183,33.59999847,249.5500031,32.74000168,36.29999924,162.8000031,35.75,105.8700027
1197,12.81999969,15.47999954,7.090000153,7.179999828,30.17000008,663.7000122,22.62999916,35.47000122,115.25,21.70000076,144.4100037,89.27999878,33.63999939,6.118999958,15.01200008,11.35999966,26.37999916,32.15000153,13.31000042,39.74000168,144.3300018,168.53,10.46500015,104.0500031,4.254,16.54999924,58.45999908,8.154000282,31.48999977,15.43000031,583.95,36.47000122,32.06000137,249.8000031,31.39999962,35.90999985,157.5599976,35.29999924,104.2099991
1198,12.5,14.96000004,7.03000021,7.21999979,30.77000046,642.2999878,22.29999924,34.90000153,114.4499969,20.80999947,142.3999939,88.36000061,33.56000137,6.087999821,14.82600021,11.27000046,25.95999908,31.73999977,13.06999969,39.58000183,137.8300018,168.49,10.46500015,103.4499969,4.3105,16.34000015,57.5,8.053999901,31.94000053,14.96000004,581.65,35.95999908,31.39999962,254.9499969,30.65999985,36.13000107,173.0,35.11999893,102.9300003
1199,12.57999992,15.05000019,7.090000153,7.230000019,31.62000084,653.7999878,22.05999947,34.68000031,114.1500015,21.05999947,141.9400024,87.95999908,33.36999893,6.156000137,14.93599987,11.39000034,25.88999939,32.20999908,13.02000046,39.25,132.5299988,168.16,10.64999962,102.9499969,4.2855,16.20999908,54.72000122,8.086000443,32.70999908,15.19999981,583.1,36.36999893,32.52000046,248.0,31.02000046,35.95999908,169.3600006,34.84000015,102.9599991
1200,12.60000038,14.80000019,7.079999924,7.260000229,31.02000046,656.2999878,21.90999985,35.08000183,115.6100006,21.06999969,142.9499969,88.26999664,33.40000153,6.129000187,14.99800014,11.44999981,25.97999954,33.06000137,13.14000034,39.43000031,133.9199982,168.25,10.64999962,98.05000305,4.2485,16.44000053,55.13999939,7.498000145,32.88000107,15.22999954,598.3,36.27999878,33.18000031,251.3999939,30.39999962,35.84999847,167.0599976,34.88000107,103.75
1201,12.60000038,14.80000019,7.079999924,7.260000229,31.02000046,656.2999878,21.90999985,35.08000183,115.6100006,21.06999969,142.9499969,88.26999664,33.40000153,6.129000187,14.99800014,11.44999981,25.97999954,33.06000137,13.14000034,39.43000031,133.9199982,168.25,10.64999962,98.05000305,4.2485,16.44000053,55.13999939,7.498000145,32.88000107,15.22999954,598.3,36.27999878,33.18000031,251.3999939,30.39999962,35.84999847,167.0599976,34.88000107,103.75
1202,12.89999962,15.01000023,7.139999866,7.139999866,31.21999931,662.2999878,21.96999931,35.70000076,115.3600006,20.96999931,144.0,87.01999664,33.81000137,6.184000015,15.23200035,11.31000042,25.98999977,33.47000122,13.18999958,38.79999924,133.8399963,167.85,10.71000004,99.0,4.274,16.52000046,54.5,7.519999981,33.36999893,15.52000046,598.3,36.31000137,33.68999863,257.0499878,31.89999962,35.88000107,168.0,34.93000031,104.8399963
1203,12.81999969,15.52999973,7.099999905,7.150000095,31.20999908,664.4000244,24.03000069,35.84999847,115.5400009,21.57999992,145.0500031,89.84999847,33.27000046,6.275000095,15.25,11.43000031,26.21999931,32.63000107,13.31000042,39.59000015,149.1399994,165.86,10.88500023,99.0,4.2425,16.79999924,57.54999924,8.270000458,34.0,15.82999992,591.3,37.65999985,33.58000183,257.0499878,33.5,36.36999893,173.8999939,35.29000092,104.2900009
1204,13.18000031,16.0,7.179999828,7.130000114,31.56999969,660.0,24.77000046,35.59000015,115.0299988,20.54999924,145.5599976,89.61000061,33.40000153,6.249000072,15.18999958,11.28499985,26.23999977,32.61999893,13.35999966,39.66999817,152.4199982,166.46,10.77499962,101.6999969,4.235,16.92000008,57.0,8.362000465,34.38999939,15.77999973,585.0,38.02000046,33.34999847,259.2000122,36.93999863,36.58000183,174.3800049,35.38000107,103.6600037
1205,13.0,15.73999977,7.130000114,7.110000134,30.39999962,652.7999878,24.90999985,35.02000046,111.9899979,20.51000023,141.7700043,90.18000031,32.90000153,6.302000046,14.85999966,11.51500034,25.98999977,31.59000015,13.18000031,39.47999954,154.5099945,165.48,11.00500011,104.0999985,4.214,16.81999969,56.59999847,8.170000076,33.83000183,15.55000019,572.75,38.22999954,32.38999939,262.4500122,35.25999832,36.11999893,173.6999969,34.75,102.4599991
1206,12.72000027,15.81999969,7.039999962,7.059999943,30.45000076,662.0,24.45999908,35.61000061,114.5899963,20.45000076,144.4600067,90.01000214,33.68000031,6.40500021,15.01200008,11.55500031,26.27000046,32.40999985,13.52000046,38.95000076,155.0200043,165.31,11.06999969,102.6999969,4.223,16.95999908,57.36999893,8.328000069,34.47999954,16.04000092,583.3,38.34000015,33.79000092,262.6499939,37.63999939,36.70000076,177.6399994,35.43000031,104.9599991
1207,12.72000027,15.81999969,7.039999962,7.059999943,30.45000076,662.0,24.45999908,35.61000061,114.5899963,20.45000076,144.4600067,90.01000214,33.68000031,6.40500021,15.01200008,11.55500031,26.27000046,32.40999985,13.52000046,38.95000076,155.0200043,165.31,11.06999969,102.6999969,4.223,16.95999908,57.36999893,8.328000069,34.47999954,16.04000092,583.3,38.34000015,33.79000092,262.6499939,37.63999939,36.70000076,177.6399994,35.43000031,104.9599991
1208,12.97999954,16.13999939,7.099999905,7.070000172,30.57999992,665.9000244,24.63999939,35.88000107,115.3899994,20.80999947,144.3800049,89.30000305,33.68000031,6.489999771,15.00800037,11.54500008,26.26000023,32.88000107,13.56000042,39.08000183,159.2899933,165.51,11.125,102.8499985,4.257,16.94000053,57.34000015,8.501999855,34.72000122,16.10000038,581.5,38.18000031,33.45999908,260.8500061,38.0,36.75999832,180.0399933,35.61000061,104.5
1209,12.93999958,15.73999977,7.130000114,7.079999924,30.27000046,649.0,24.29999924,35.74000168,115.1699982,20.62000084,144.0399933,89.87999725,33.86000061,6.415999889,14.93400002,11.54500008,26.54999924,32.59000015,13.69999981,38.88000107,158.6000061,165.15,11.03999996,101.0500031,4.298,17.12000084,57.97999954,8.081999779,34.5,15.85000038,583.4,38.06000137,33.15999985,262.6499939,37.5,36.97000122,177.5800018,35.95000076,104.4599991
1210,12.92000008,15.57999992,7.119999886,7.03000021,29.51000023,652.0999756,24.62000084,35.27000046,114.8499985,20.97999954,144.3300018,90.36000061,33.93000031,6.390999794,14.72399998,11.60000038,26.70000076,32.20000076,13.73999977,38.86000061,159.7200012,165.37,11.09500027,101.25,4.2875,17.29000092,57.47000122,8.083999634,34.54999924,15.30000019,581.75,37.95999908,32.90000153,262.1000061,37.70000076,37.13000107,176.9199982,36.22999954,104.0100021
1211,12.97999954,15.60999966,7.110000134,7.010000229,29.59000015,652.0999756,24.62000084,35.27000046,114.8499985,20.97999954,144.3300018,90.36000061,33.93000031,6.381999969,14.93599987,11.68000031,26.70000076,32.20000076,13.73999977,38.86000061,159.7200012,164.11,11.13000011,103.8000031,4.237,17.29000092,57.47000122,7.872000217,34.61999893,15.30000019,580.8,38.20999908,32.90000153,260.75,38.5,37.13000107,173.3200073,36.22999954,104.0100021
1212,12.85999966,15.32999992,7.119999886,6.989999771,28.93000031,646.5999756,24.75,35.81999969,115.4899979,20.87999916,144.8999939,90.73999786,34.22999954,6.414000034,15.06799984,11.78999996,26.73999977,32.90999985,13.72000027,39.18999863,154.3800049,164.71,11.18999958,103.4499969,4.229,17.35000038,57.54999924,7.811999798,34.40999985,15.32999992,578.85,38.29000092,32.72000122,258.1499939,38.43999863,37.11000061,172.4400024,36.31999969,104.5699997
1213,12.85999966,15.32999992,7.119999886,6.989999771,28.93000031,646.5999756,24.75,35.81999969,115.4899979,20.87999916,144.8999939,90.73999786,34.22999954,6.414000034,15.06799984,11.78999996,26.73999977,32.90999985,13.72000027,39.18999863,154.3800049,164.71,11.18999958,103.4499969,4.229,17.35000038,57.54999924,7.811999798,34.40999985,15.32999992,578.85,38.29000092,32.72000122,258.1499939,38.43999863,37.11000061,172.4400024,36.31999969,104.5699997
1214,12.92000008,15.42000008,7.130000114,7.019999981,27.82999992,639.9000244,24.57999992,35.93999863,114.8000031,20.27000046,144.3600006,90.93000031,33.93999863,6.43200016,15.02999973,11.89000034,26.62000084,32.79000092,13.67000008,39.13999939,154.6499939,162.79,11.26000023,103.4499969,4.1995,17.30999947,57.58000183,7.837999821,33.90999985,15.23999977,578.0,38.38999939,32.27999878,258.1499939,38.5,36.65999985,177.1199951,36.38999939,103.9599991
1215,12.84000015,15.42000008,7.070000172,6.96999979,27.85000038,636.9000244,24.98999977,35.93999863,114.9800034,20.68000031,145.5099945,91.12999725,34.15000153,6.441999912,15.19799995,11.98499966,26.44000053,32.52999878,13.67000008,39.15999985,155.0200043,164.21,11.27999973,108.1999969,4.208,17.29000092,58.15999985,7.15199995,34.13000107,15.48999977,589.9,39.56000137,32.77999878,270.7999878,37.91999817,37.31999969,175.2799988,36.33000183,103.9000015
1216,12.85999966,15.39999962,7.059999943,6.889999866,27.37999916,628.2000122,24.78000069,36.06999969,113.9700012,20.90999985,143.9100037,90.70999908,34.50999832,6.433000088,15.1079998,11.97500038,26.44000053,32.09000015,13.68000031,38.38999939,155.4299927,163.17,11.30500031,108.5500031,4.151,17.31999969,58.36000061,7.547999859,34.20000076,15.22000027,593.45,39.25999832,32.97999954,273.3999939,36.36000061,37.08000183,182.5399933,36.43999863,102.3399963
1217,13.06000042,15.35999966,7.179999828,7.03000021,26.95999908,630.9000244,24.77000046,36.29000092,115.5699997,21.03000069,143.6000061,92.27999878,34.86999893,6.486000061,15.16800022,11.93500042,26.78000069,31.87000084,13.89000034,38.50999832,157.7799988,163.23,11.34500027,111.75,4.147,17.56999969,58.50999832,7.921999931,34.88000107,15.27000046,584.3,39.36999893,32.99000168,267.8999939,36.13999939,37.52000046,189.5599976,36.79000092,102.7399979
1218,12.81999969,15.71000004,7.179999828,7.099999905,26.77000046,638.5999756,25.92000008,35.97999954,115.2300034,21.87999916,144.8099976,92.63999939,35.18000031,6.506999969,15.25,12.02999973,26.90999985,31.70999908,13.89000034,38.99000168,160.2899933,162.61,11.42500019,111.25,4.0825,17.75,59.16999817,7.964000225,35.13999939,15.21000004,575.15,39.75,32.97999954,276.0,35.97999954,37.84000015,188.5599976,37.27999878,102.9899979
1219,12.81999969,15.71000004,7.179999828,7.099999905,26.77000046,638.5999756,25.92000008,35.97999954,115.2300034,21.87999916,144.8099976,92.63999939,35.18000031,6.506999969,15.25,12.02999973,26.90999985,31.70999908,13.89000034,38.99000168,160.2899933,162.61,11.42500019,111.25,4.0825,17.75,59.16999817,7.964000225,35.13999939,15.21000004,575.15,39.75,32.97999954,276.0,35.97999954,37.84000015,188.5599976,37.27999878,102.9899979
1220,12.85999966,16.06999969,7.199999809,7.110000134,26.29999924,645.0,25.47999954,35.59000015,114.5299988,22.63999939,144.8699951,92.73000336,35.15000153,6.534999847,14.96000004,12.05000019,26.82999992,30.80999947,13.89000034,38.72999954,159.5399933,160.01,11.51500034,115.9000015,4.021,17.85000038,58.66999817,8.163999557,34.66999817,14.76000023,565.0,39.65000153,32.58000183,281.5499878,35.08000183,38.13000107,186.8000031,36.99000168,102.4300003
1221,12.84000015,15.69999981,7.059999943,7.03000021,25.87999916,640.2999878,24.82999992,35.29000092,113.1399994,21.93000031,142.8600006,92.47000122,35.09000015,6.550000191,15.09000015,12.16499996,26.68000031,30.20999908,13.76000023,38.5,155.3899994,160.46,11.57499981,117.6999969,4.0505,17.5,58.22999954,8.208000183,34.79000092,14.64999962,574.35,40.15999985,32.02000046,281.5,33.97999954,37.91999817,189.8399963,36.25999832,100.4400024
1222,12.80000019,15.85999966,6.809999943,6.960000038,26.14999962,692.0,25.87000084,34.84999847,110.5199966,21.79000092,142.5299988,93.94000244,34.86999893,6.547999859,14.9119997,12.32499981,26.54999924,29.78000069,13.47999954,39.40999985,145.2899933,158.74,11.65999985,119.3000031,3.9475,17.53000069,60.20000076,7.978000164,34.79000092,14.42000008,565.55,40.45000076,30.27000046,294.1499939,33.40000153,37.90999985,191.6199951,35.84000015,99.11000061
1223,12.46000004,15.81000042,6.78000021,6.980000019,26.22999954,765.0,25.45999908,34.68999863,110.8499985,22.05999947,142.4199982,94.45999908,34.79999924,6.541999817,14.77000046,12.39999962,26.25,30.35000038,13.32999992,39.34000015,144.1799927,163.38,11.73999977,121.3499985,3.972,17.5,59.84999847,7.576000214,34.93000031,14.39999962,560.6,40.50999832,30.23999977,325.7999878,34.08000183,38.06000137,187.5,34.93000031,98.41999817
1224,12.53999996,16.20999908,6.869999886,7.039999962,26.47999954,777.7999878,25.23999977,35.29999924,112.0699997,22.09000015,144.3099976,94.38999939,34.91999817,6.565999985,15.01000023,12.48499966,26.32999992,30.79000092,13.30000019,39.20999908,145.3800049,161.5,11.79500008,118.8000031,4.0325,17.70000076,59.70000076,7.659999847,35.22000122,14.88000011,564.7,40.45000076,30.73999977,323.5499878,34.45999908,38.00999832,188.9199982,35.52000046,99.55000305
1225,12.53999996,16.20999908,6.869999886,7.039999962,26.47999954,777.7999878,25.23999977,35.29999924,112.0699997,22.09000015,144.3099976,94.38999939,34.91999817,6.565999985,15.01000023,12.48499966,26.32999992,30.79000092,13.30000019,39.20999908,145.3800049,161.5,11.79500008,118.8000031,4.0325,17.70000076,59.70000076,7.659999847,35.22000122,14.88000011,564.7,40.45000076,30.73999977,323.5499878,34.45999908,38.00999832,188.9199982,35.52000046,99.55000305
1226,12.38000011,16.37000084,6.860000134,7.179999828,26.29999924,891.5999756,25.45000076,35.13000107,112.1600037,22.29000092,144.3500061,95.36000061,34.99000168,6.517000198,14.98400021,12.42000008,26.17000008,30.30999947,13.27000046,39.52000046,146.1100006,164.87,11.75,117.5,3.944,17.56999969,59.70999908,7.446000099,35.22000122,14.75,555.0,40.68000031,30.28000069,333.6499939,34.04000092,38.47999954,186.7599945,34.88999939,99.62000275
1227,12.42000008,16.12000084,6.909999847,7.340000153,25.93000031,833.7000122,24.93000031,34.75999832,111.0599976,21.46999931,142.5,95.33000183,34.68000031,6.550000191,14.8039999,12.44999981,26.01000023,30.12999916,13.25,39.43999863,139.8999939,162.46,11.69499969,117.5500031,3.9205,17.21999931,59.52000046,7.375999928,34.68999863,14.5,549.55,40.65000153,29.59000015,330.7999878,33.15999985,38.11999893,182.7599945,34.40999985,98.05000305
1228,12.06000042,16.04999924,6.760000229,7.300000191,25.43000031,816.9000244,25.96999931,35.02999878,111.8499985,22.96999931,144.6100006,98.08000183,35.47999954,6.611999989,14.75,12.56000042,26.20000076,30.85000038,13.52999973,41.0,146.5599976,163.92,11.75,119.6500015,3.916,17.47999954,62.50999832,6.693999767,34.65000153,14.75,555.85,40.97000122,30.46999931,338.1499939,32.72000122,38.79000092,183.8600006,34.65999985,98.91999817
1229,11.97999954,15.68999958,6.75,7.289999962,25.28000069,777.5999756,27.40999985,35.79999924,114.9499969,23.79000092,149.9299927,98.30999756,35.56000137,6.722000122,14.84799957,12.63500023,26.48999977,31.59000015,13.76000023,37.90000153,158.25,160.89,11.82499981,120.0999985,3.908,17.69000053,62.77999878,7.222000122,34.68999863,15.18000031,535.7,41.74000168,31.28000069,335.3999939,34.41999817,39.11000061,194.0599976,34.65999985,101.5800018
1230,12.26000023,15.43999958,6.730000019,7.199999809,25.37000084,751.9000244,26.80999947,34.81000137,114.5400009,24.19000053,149.3500061,96.62999725,35.38000107,6.670000076,14.81400013,12.52000046,26.29000092,30.86000061,13.71000004,35.49000168,168.6699982,164.2,11.76000023,123.8000031,3.9785,17.48999977,61.5,7.493999958,33.00999832,14.94999981,561.5,41.43000031,30.92000008,333.2000122,36.15999985,38.84999847,193.7200012,34.61999893,100.9000015
1231,12.26000023,15.43999958,6.730000019,7.199999809,25.37000084,751.9000244,26.80999947,34.81000137,114.5400009,24.19000053,149.3500061,96.62999725,35.38000107,6.670000076,14.81400013,12.52000046,26.29000092,30.86000061,13.71000004,35.49000168,168.6699982,164.2,11.76000023,123.8000031,3.9785,17.48999977,61.5,7.493999958,33.00999832,14.94999981,561.5,41.43000031,30.92000008,333.2000122,36.15999985,38.84999847,193.7200012,34.61999893,100.9000015
1232,12.26000023,15.11999989,6.760000229,7.349999905,24.76000023,735.7999878,26.29999924,35.11999893,114.9000015,24.46999931,149.6799927,97.16999817,35.50999832,6.663000107,14.99199963,12.23499966,26.18000031,31.70999908,13.85000038,34.45000076,165.9400024,167.0,11.69499969,124.3499985,3.9975,17.56999969,61.0,7.179999828,33.06999969,15.35000038,566.65,40.65999985,31.45999908,337.0499878,35.54000092,38.99000168,192.8000031,34.70000076,101.6500015
1233,12.35999966,15.19999981,6.769999981,7.320000172,25.18000031,734.0,26.92000008,35.40000153,116.4899979,25.29999924,151.6399994,96.80999756,35.91999817,6.699999809,15.02600002,12.27000046,26.27000046,31.65999985,13.86999989,35.40999985,172.6600037,165.48,11.82499981,124.6999969,4.0065,17.63999939,61.56999969,7.177999973,33.54000092,15.63000011,574.0,40.61999893,32.13000107,335.8999939,35.58000183,39.41999817,193.1399994,35.06999969,102.9899979
1234,12.43999958,14.22000027,6.769999981,7.369999886,25.03000069,725.7999878,26.45000076,35.02000046,116.6900024,24.22999954,150.25,95.68000031,35.34999847,6.668000221,15.20400047,12.29500008,26.03000069,31.09000015,13.72000027,34.81000137,164.6000061,163.56,11.76000023,120.0500031,4.037,17.5,59.84000015,6.967999935,33.0,15.47999954,578.6,40.45999908,31.76000023,320.1499939,36.70000076,39.16999817,197.5599976,34.66999817,101.2699966
1235,12.34000015,14.53999996,6.769999981,7.349999905,25.84000015,725.5,26.98999977,35.45999908,116.8300018,25.17000008,150.7100067,96.36000061,35.81000137,6.673999786,15.19999981,12.25,26.13999939,31.60000038,13.78999996,35.06999969,170.0399933,161.57,11.78499985,124.1500015,3.99,17.63999939,59.59999847,7.0,32.25,15.56000042,577.1,40.58000183,31.97999954,328.5499878,37.63999939,39.75,199.6399994,34.97000122,101.7300034
1236,12.42000008,14.53999996,6.829999924,7.369999886,26.38999939,736.2000122,26.76000023,35.33000183,117.6600037,25.37999916,151.0500031,96.86000061,36.06000137,6.718999863,15.28800011,12.30000019,26.07999992,31.76000023,13.76000023,35.25999832,170.3899994,162.09,11.85999966,123.6999969,3.991,17.71999931,59.75,6.768000126,32.36999893,15.77999973,583.75,40.86000061,32.02000046,326.6499939,38.5,39.97000122,201.0,35.13999939,101.9100037
1237,12.42000008,14.53999996,6.829999924,7.369999886,26.38999939,736.2000122,26.76000023,35.33000183,117.6600037,25.37999916,151.0500031,96.86000061,36.06000137,6.718999863,15.28800011,12.30000019,26.07999992,31.76000023,13.76000023,35.25999832,170.3899994,162.09,11.85999966,123.6999969,3.991,17.71999931,59.75,6.768000126,32.36999893,15.77999973,583.75,40.86000061,32.02000046,326.6499939,38.5,39.97000122,201.0,35.13999939,101.9100037
1238,12.42000008,14.81000042,6.920000076,7.429999828,26.35000038,728.0999756,26.76000023,35.33000183,117.6600037,25.37999916,151.0500031,96.86000061,36.06000137,6.718999863,15.28800011,12.30000019,26.07999992,31.76000023,13.76000023,35.25999832,170.3899994,161.09,11.85999966,123.6999969,3.978,17.71999931,59.75,6.768000126,32.36999893,15.77999973,584.45,40.86000061,32.02000046,326.6499939,38.5,39.97000122,201.0,35.13999939,101.9100037
1239,12.42000008,14.40999985,6.989999771,7.429999828,26.36000061,733.0999756,26.60000038,35.66999817,119.0199966,25.81999969,152.4100037,96.73000336,36.31999969,6.718999863,15.28800011,12.30000019,26.20000076,32.25999832,13.77999973,35.52999878,171.9400024,161.0,11.85999966,128.0500031,3.997,17.85000038,60.20999908,6.768000126,32.36999893,16.19000053,589.3,40.86000061,32.70000076,325.3999939,38.5,40.38999939,201.0,35.11999893,102.1399994
1240,12.81999969,14.69999981,7.119999886,7.480000019,26.12000084,735.0,26.32999992,35.72999954,118.4899979,25.80999947,151.9100037,96.30000305,36.31000137,6.721000195,15.43599987,12.18000031,26.20999908,32.22999954,13.78999996,35.40999985,172.4400024,159.86,11.83500004,126.5999985,3.97,17.77000046,60.58000183,7.081999779,32.88000107,16.18000031,594.55,41.04000092,32.36000061,324.8500061,38.54000092,40.43000031,210.0,35.02999878,101.6600037
1241,12.97999954,14.97999954,7.059999943,7.389999866,29.10000038,736.7000122,26.26000023,35.33000183,116.5,26.43000031,149.7700043,96.91999817,36.08000183,6.709000111,15.3579998,12.13500023,26.20999908,31.55999947,13.77000046,35.84999847,173.2200012,159.14,11.82499981,133.25,3.962,17.69000053,61.02000046,7.130000114,32.41999817,16.03000069,591.9,41.04999924,31.88999939,329.7999878,38.43999863,39.15999985,215.0,34.93000031,100.1900024
1242,13.0,15.14999962,7.059999943,7.5,28.53000069,738.5,26.28000069,35.40000153,116.0699997,26.22999954,149.1600037,97.04000092,36.02000046,6.730000019,15.34799957,12.14999962,26.35000038,31.63999939,13.80000019,35.90000153,172.2799988,159.52,11.86999989,129.8500061,3.966,17.63999939,60.74000168,6.889999866,32.33000183,15.97000027,593.2,41.18000031,32.04000092,332.1499939,38.91999817,39.09000015,214.3000031,34.83000183,99.98000336
